date,time,ghi,temp_air,wind_speed
01-Jan-19,00:00:00,0,8.533,10.442
01-Jan-19,01:00:00,0,8.491,9.945
01-Jan-19,02:00:00,0,7.985,9.28
01-Jan-19,03:00:00,0,7.082,8.529
01-Jan-19,04:00:00,0,5.909,7.848
01-Jan-19,05:00:00,0,4.632,7.235
01-Jan-19,06:00:00,0,3.806,7.171
01-Jan-19,07:00:00,0,3.306,7.229
01-Jan-19,08:00:00,0.004,2.961,7.276
01-Jan-19,09:00:00,0.146,3.549,7.114
01-Jan-19,10:00:00,0.323,4.581,6.538
01-Jan-19,11:00:00,0.428,5.13,5.96
01-Jan-19,12:00:00,0.433,5.508,5.713
01-Jan-19,13:00:00,0.361,5.618,5.658
01-Jan-19,14:00:00,0.205,5.011,5.97
01-Jan-19,15:00:00,0.046,3.429,6.314
01-Jan-19,16:00:00,0,2.457,6.406
01-Jan-19,17:00:00,0,1.905,6.381
01-Jan-19,18:00:00,0,1.36,6.306
01-Jan-19,19:00:00,0,0.827,6.16
01-Jan-19,20:00:00,0,0.344,5.966
01-Jan-19,21:00:00,0,-0.061,5.746
01-Jan-19,22:00:00,0,-0.403,5.448
01-Jan-19,23:00:00,0,-0.616,5.195
02-Jan-19,00:00:00,0,-0.709,4.936
02-Jan-19,01:00:00,0,-0.723,4.645
02-Jan-19,02:00:00,0,-0.647,4.318
02-Jan-19,03:00:00,0,-0.593,4.094
02-Jan-19,04:00:00,0,-0.608,4.015
02-Jan-19,05:00:00,0,-0.662,4.035
02-Jan-19,06:00:00,0,-0.708,4.056
02-Jan-19,07:00:00,0,-0.707,3.999
02-Jan-19,08:00:00,0.003,-0.626,3.836
02-Jan-19,09:00:00,0.072,0.035,3.471
02-Jan-19,10:00:00,0.157,1.013,2.995
02-Jan-19,11:00:00,0.207,1.534,2.545
02-Jan-19,12:00:00,0.2,1.857,2.282
02-Jan-19,13:00:00,0.167,1.918,2.251
02-Jan-19,14:00:00,0.115,1.867,2.302
02-Jan-19,15:00:00,0.035,1.547,2.353
02-Jan-19,16:00:00,0,1.342,2.496
02-Jan-19,17:00:00,0,1.139,2.747
02-Jan-19,18:00:00,0,0.858,3.051
02-Jan-19,19:00:00,0,0.686,3.346
02-Jan-19,20:00:00,0,0.647,3.551
02-Jan-19,21:00:00,0,0.597,3.634
02-Jan-19,22:00:00,0,0.559,3.643
02-Jan-19,23:00:00,0,0.562,3.585
03-Jan-19,00:00:00,0,0.581,3.399
03-Jan-19,01:00:00,0,0.716,3.148
03-Jan-19,02:00:00,0,0.868,2.979
03-Jan-19,03:00:00,0,0.97,2.897
03-Jan-19,04:00:00,0,0.886,2.995
03-Jan-19,05:00:00,0,0.762,3.368
03-Jan-19,06:00:00,0,0.544,3.903
03-Jan-19,07:00:00,0,0.332,4.343
03-Jan-19,08:00:00,0.003,0.269,4.576
03-Jan-19,09:00:00,0.093,0.86,4.597
03-Jan-19,10:00:00,0.219,1.955,4.362
03-Jan-19,11:00:00,0.307,2.753,3.91
03-Jan-19,12:00:00,0.317,3.114,3.61
03-Jan-19,13:00:00,0.243,2.997,3.719
03-Jan-19,14:00:00,0.131,2.332,4.014
03-Jan-19,15:00:00,0.032,1.525,4.256
03-Jan-19,16:00:00,0,1.212,4.484
03-Jan-19,17:00:00,0,1.211,4.678
03-Jan-19,18:00:00,0,1.239,4.784
03-Jan-19,19:00:00,0,1.225,4.908
03-Jan-19,20:00:00,0,1.178,5.099
03-Jan-19,21:00:00,0,1.197,5.152
03-Jan-19,22:00:00,0,1.232,5.097
03-Jan-19,23:00:00,0,1.322,5.286
04-Jan-19,00:00:00,0,1.492,5.669
04-Jan-19,01:00:00,0,1.718,5.966
04-Jan-19,02:00:00,0,1.93,6.029
04-Jan-19,03:00:00,0,2.155,5.902
04-Jan-19,04:00:00,0,2.391,5.803
04-Jan-19,05:00:00,0,2.563,5.839
04-Jan-19,06:00:00,0,2.609,5.921
04-Jan-19,07:00:00,0,2.703,5.954
04-Jan-19,08:00:00,0.001,2.839,6.027
04-Jan-19,09:00:00,0.014,3.323,6.065
04-Jan-19,10:00:00,0.033,3.976,5.924
04-Jan-19,11:00:00,0.046,4.512,5.817
04-Jan-19,12:00:00,0.032,4.634,5.793
04-Jan-19,13:00:00,0.02,4.334,5.846
04-Jan-19,14:00:00,0.009,3.699,5.898
04-Jan-19,15:00:00,0.003,3.01,5.985
04-Jan-19,16:00:00,0,2.592,5.981
04-Jan-19,17:00:00,0,2.259,5.885
04-Jan-19,18:00:00,0,2.038,5.813
04-Jan-19,19:00:00,0,1.871,5.815
04-Jan-19,20:00:00,0,1.734,5.851
04-Jan-19,21:00:00,0,1.661,5.939
04-Jan-19,22:00:00,0,1.61,6.02
04-Jan-19,23:00:00,0,1.535,6.104
05-Jan-19,00:00:00,0,1.53,6.186
05-Jan-19,01:00:00,0,1.54,6.221
05-Jan-19,02:00:00,0,1.604,6.229
05-Jan-19,03:00:00,0,1.678,6.087
05-Jan-19,04:00:00,0,1.801,5.812
05-Jan-19,05:00:00,0,1.989,5.54
05-Jan-19,06:00:00,0,2.09,5.227
05-Jan-19,07:00:00,0,2.296,4.98
05-Jan-19,08:00:00,0,2.54,4.76
05-Jan-19,09:00:00,0.005,2.976,4.769
05-Jan-19,10:00:00,0.01,3.581,5.129
05-Jan-19,11:00:00,0.013,4.12,5.658
05-Jan-19,12:00:00,0.011,4.359,6.153
05-Jan-19,13:00:00,0.009,4.222,6.423
05-Jan-19,14:00:00,0.005,3.784,6.559
05-Jan-19,15:00:00,0.001,3.235,6.669
05-Jan-19,16:00:00,0,3.003,6.743
05-Jan-19,17:00:00,0,2.971,6.604
05-Jan-19,18:00:00,0,2.967,6.333
05-Jan-19,19:00:00,0,2.913,6.064
05-Jan-19,20:00:00,0,3.027,6.048
05-Jan-19,21:00:00,0,3.227,6.189
05-Jan-19,22:00:00,0,3.363,6.164
05-Jan-19,23:00:00,0,3.462,6.23
06-Jan-19,00:00:00,0,3.643,6.402
06-Jan-19,01:00:00,0,3.882,6.447
06-Jan-19,02:00:00,0,4.071,6.494
06-Jan-19,03:00:00,0,4.246,6.606
06-Jan-19,04:00:00,0,4.447,6.936
06-Jan-19,05:00:00,0,4.628,7.038
06-Jan-19,06:00:00,0,4.657,6.764
06-Jan-19,07:00:00,0,4.621,6.478
06-Jan-19,08:00:00,0,4.565,6.217
06-Jan-19,09:00:00,0.001,4.733,5.776
06-Jan-19,10:00:00,0.004,5.193,5.185
06-Jan-19,11:00:00,0.007,5.701,4.946
06-Jan-19,12:00:00,0.005,5.913,5.117
06-Jan-19,13:00:00,0.002,5.814,5.4
06-Jan-19,14:00:00,0.001,5.631,5.629
06-Jan-19,15:00:00,0,5.491,5.633
06-Jan-19,16:00:00,0,5.441,5.656
06-Jan-19,17:00:00,0,5.48,5.968
06-Jan-19,18:00:00,0,5.69,6.387
06-Jan-19,19:00:00,0,5.858,6.871
06-Jan-19,20:00:00,0,6.149,7.464
06-Jan-19,21:00:00,0,6.445,7.885
06-Jan-19,22:00:00,0,6.757,8.297
06-Jan-19,23:00:00,0,7.031,8.555
07-Jan-19,00:00:00,0,7.273,8.804
07-Jan-19,01:00:00,0,7.498,8.975
07-Jan-19,02:00:00,0,7.6,9.08
07-Jan-19,03:00:00,0,7.735,9.33
07-Jan-19,04:00:00,0,7.934,9.795
07-Jan-19,05:00:00,0,8.168,10.111
07-Jan-19,06:00:00,0,8.413,10.304
07-Jan-19,07:00:00,0,8.591,10.614
07-Jan-19,08:00:00,0,8.82,12.143
07-Jan-19,09:00:00,0.002,8.923,12.992
07-Jan-19,10:00:00,0.001,8.946,13.383
07-Jan-19,11:00:00,0.001,8.936,13.295
07-Jan-19,12:00:00,0.002,8.843,12.924
07-Jan-19,13:00:00,0.005,8.491,13.162
07-Jan-19,14:00:00,0.006,7.865,13.268
07-Jan-19,15:00:00,0.002,7.286,13.397
07-Jan-19,16:00:00,0,6.902,13.286
07-Jan-19,17:00:00,0,6.728,13.112
07-Jan-19,18:00:00,0,6.614,12.722
07-Jan-19,19:00:00,0,6.399,12.161
07-Jan-19,20:00:00,0,6.334,11.74
07-Jan-19,21:00:00,0,6.431,11.713
07-Jan-19,22:00:00,0,6.457,11.623
07-Jan-19,23:00:00,0,6.425,11.529
08-Jan-19,00:00:00,0,6.343,11.49
08-Jan-19,01:00:00,0,6.197,11.252
08-Jan-19,02:00:00,0,5.951,11.01
08-Jan-19,03:00:00,0,5.692,10.715
08-Jan-19,04:00:00,0,5.341,10.14
08-Jan-19,05:00:00,0,4.997,9.605
08-Jan-19,06:00:00,0,4.685,8.972
08-Jan-19,07:00:00,0,4.442,8.416
08-Jan-19,08:00:00,0.004,3.843,8.461
08-Jan-19,09:00:00,0.131,4.076,8.288
08-Jan-19,10:00:00,0.283,4.74,8.006
08-Jan-19,11:00:00,0.389,5.346,7.841
08-Jan-19,12:00:00,0.41,5.771,7.81
08-Jan-19,13:00:00,0.341,5.892,7.85
08-Jan-19,14:00:00,0.198,5.55,7.831
08-Jan-19,15:00:00,0.05,4.354,7.979
08-Jan-19,16:00:00,0,3.293,7.833
08-Jan-19,17:00:00,0,2.845,7.526
08-Jan-19,18:00:00,0,2.418,7.267
08-Jan-19,19:00:00,0,2.029,7.062
08-Jan-19,20:00:00,0,1.823,6.889
08-Jan-19,21:00:00,0,1.754,6.843
08-Jan-19,22:00:00,0,1.458,6.731
08-Jan-19,23:00:00,0,1.049,6.562
09-Jan-19,00:00:00,0,0.676,6.394
09-Jan-19,01:00:00,0,0.351,6.078
09-Jan-19,02:00:00,0,0.076,5.843
09-Jan-19,03:00:00,0,-0.089,5.869
09-Jan-19,04:00:00,0,0.015,5.934
09-Jan-19,05:00:00,0,0.015,5.921
09-Jan-19,06:00:00,0,-0.259,6.108
09-Jan-19,07:00:00,0,-0.431,5.764
09-Jan-19,08:00:00,0.006,-0.453,5.183
09-Jan-19,09:00:00,0.113,0.497,5.09
09-Jan-19,10:00:00,0.232,1.459,4.509
09-Jan-19,11:00:00,0.277,2.004,3.775
09-Jan-19,12:00:00,0.153,2.285,3.314
09-Jan-19,13:00:00,0.155,2.388,2.931
09-Jan-19,14:00:00,0.178,2.162,2.835
09-Jan-19,15:00:00,0.038,1.658,2.854
09-Jan-19,16:00:00,0,1.361,3.074
09-Jan-19,17:00:00,0,1.111,3.523
09-Jan-19,18:00:00,0,1.149,3.801
09-Jan-19,19:00:00,0,1.373,3.646
09-Jan-19,20:00:00,0,1.699,3.396
09-Jan-19,21:00:00,0,1.895,3.674
09-Jan-19,22:00:00,0,1.797,4.359
09-Jan-19,23:00:00,0,1.794,4.902
10-Jan-19,00:00:00,0,2.115,5.153
10-Jan-19,01:00:00,0,2.548,5.24
10-Jan-19,02:00:00,0,2.864,5.304
10-Jan-19,03:00:00,0,3.049,5.442
10-Jan-19,04:00:00,0,3.248,5.602
10-Jan-19,05:00:00,0,3.48,5.837
10-Jan-19,06:00:00,0,3.703,6.022
10-Jan-19,07:00:00,0,3.925,6.241
10-Jan-19,08:00:00,0,4.187,6.423
10-Jan-19,09:00:00,0.001,4.703,6.584
10-Jan-19,10:00:00,0.004,5.519,6.898
10-Jan-19,11:00:00,0.005,6.193,6.99
10-Jan-19,12:00:00,0.011,6.721,7.113
10-Jan-19,13:00:00,0.036,7.081,7.364
10-Jan-19,14:00:00,0.054,6.744,7.329
10-Jan-19,15:00:00,0.026,5.355,7.503
10-Jan-19,16:00:00,0,4.212,7.492
10-Jan-19,17:00:00,0,3.915,7.383
10-Jan-19,18:00:00,0,3.913,7.148
10-Jan-19,19:00:00,0,4.138,6.997
10-Jan-19,20:00:00,0,4.084,6.621
10-Jan-19,21:00:00,0,4.106,6.357
10-Jan-19,22:00:00,0,4.167,6.178
10-Jan-19,23:00:00,0,4.256,6.069
11-Jan-19,00:00:00,0,4.39,6.212
11-Jan-19,01:00:00,0,4.504,6.351
11-Jan-19,02:00:00,0,4.738,6.55
11-Jan-19,03:00:00,0,4.899,6.83
11-Jan-19,04:00:00,0,4.964,6.9
11-Jan-19,05:00:00,0,5.08,6.824
11-Jan-19,06:00:00,0,5.091,6.492
11-Jan-19,07:00:00,0,5.043,6.337
11-Jan-19,08:00:00,0.001,4.846,6.123
11-Jan-19,09:00:00,0.021,5.198,6.071
11-Jan-19,10:00:00,0.065,6.023,5.872
11-Jan-19,11:00:00,0.13,6.605,5.705
11-Jan-19,12:00:00,0.191,6.971,5.737
11-Jan-19,13:00:00,0.176,7.122,5.807
11-Jan-19,14:00:00,0.069,6.842,6.067
11-Jan-19,15:00:00,0.01,6.01,6.615
11-Jan-19,16:00:00,0,5.805,7.302
11-Jan-19,17:00:00,0,6.202,7.702
11-Jan-19,18:00:00,0,6.474,7.871
11-Jan-19,19:00:00,0,6.494,7.95
11-Jan-19,20:00:00,0,6.554,8.099
11-Jan-19,21:00:00,0,6.683,8.322
11-Jan-19,22:00:00,0,6.811,8.966
11-Jan-19,23:00:00,0,7.013,9.909
12-Jan-19,00:00:00,0,7.246,10.554
12-Jan-19,01:00:00,0,7.536,10.802
12-Jan-19,02:00:00,0,7.712,11.214
12-Jan-19,03:00:00,0,7.473,11.428
12-Jan-19,04:00:00,0,7.017,11.145
12-Jan-19,05:00:00,0,6.875,10.643
12-Jan-19,06:00:00,0,6.926,10.431
12-Jan-19,07:00:00,0,7.043,10.771
12-Jan-19,08:00:00,0,7.04,11.091
12-Jan-19,09:00:00,0.003,6.995,11.059
12-Jan-19,10:00:00,0.008,7.058,10.971
12-Jan-19,11:00:00,0.011,7.196,10.916
12-Jan-19,12:00:00,0.006,7.278,10.896
12-Jan-19,13:00:00,0.001,7.334,10.96
12-Jan-19,14:00:00,0,7.637,11.519
12-Jan-19,15:00:00,0,8.178,11.957
12-Jan-19,16:00:00,0,8.587,12.177
12-Jan-19,17:00:00,0,8.702,12.228
12-Jan-19,18:00:00,0,8.648,12.084
12-Jan-19,19:00:00,0,8.484,11.891
12-Jan-19,20:00:00,0,8.382,11.766
12-Jan-19,21:00:00,0,8.345,11.705
12-Jan-19,22:00:00,0,8.302,11.928
12-Jan-19,23:00:00,0,8.258,12.244
13-Jan-19,00:00:00,0,8.16,12.591
13-Jan-19,01:00:00,0,8.023,12.983
13-Jan-19,02:00:00,0,7.914,13.33
13-Jan-19,03:00:00,0,7.836,13.417
13-Jan-19,04:00:00,0,7.795,13.341
13-Jan-19,05:00:00,0,7.798,13.258
13-Jan-19,06:00:00,0,7.91,13.472
13-Jan-19,07:00:00,0,8.112,13.403
13-Jan-19,08:00:00,0,8.304,13.529
13-Jan-19,09:00:00,0.004,8.421,13.827
13-Jan-19,10:00:00,0.005,8.41,14.218
13-Jan-19,11:00:00,0.033,8.271,14.358
13-Jan-19,12:00:00,0.048,8.029,14.369
13-Jan-19,13:00:00,0.062,7.736,14.256
13-Jan-19,14:00:00,0.031,7.331,14.271
13-Jan-19,15:00:00,0.008,6.774,13.986
13-Jan-19,16:00:00,0,6.337,13.879
13-Jan-19,17:00:00,0,6.211,13.758
13-Jan-19,18:00:00,0,6.122,13.393
13-Jan-19,19:00:00,0,6.074,12.935
13-Jan-19,20:00:00,0,6.056,12.298
13-Jan-19,21:00:00,0,6.032,11.714
13-Jan-19,22:00:00,0,6.003,11.159
13-Jan-19,23:00:00,0,5.99,10.779
14-Jan-19,00:00:00,0,5.959,10.616
14-Jan-19,01:00:00,0,5.885,10.454
14-Jan-19,02:00:00,0,5.724,9.988
14-Jan-19,03:00:00,0,5.429,9.341
14-Jan-19,04:00:00,0,4.921,8.564
14-Jan-19,05:00:00,0,4.625,7.709
14-Jan-19,06:00:00,0,4.609,7.012
14-Jan-19,07:00:00,0,4.589,6.376
14-Jan-19,08:00:00,0.001,4.555,5.799
14-Jan-19,09:00:00,0.011,4.945,5.663
14-Jan-19,10:00:00,0.044,5.615,5.506
14-Jan-19,11:00:00,0.092,6.119,5.762
14-Jan-19,12:00:00,0.127,6.473,6.167
14-Jan-19,13:00:00,0.145,6.579,6.433
14-Jan-19,14:00:00,0.102,6.306,7.07
14-Jan-19,15:00:00,0.023,5.451,7.492
14-Jan-19,16:00:00,0,4.757,7.86
14-Jan-19,17:00:00,0,4.782,7.918
14-Jan-19,18:00:00,0,5.101,8.169
14-Jan-19,19:00:00,0,5.62,8.49
14-Jan-19,20:00:00,0,5.984,8.739
14-Jan-19,21:00:00,0,6.379,9.364
14-Jan-19,22:00:00,0,6.686,9.677
14-Jan-19,23:00:00,0,6.844,9.811
15-Jan-19,00:00:00,0,6.899,9.935
15-Jan-19,01:00:00,0,6.862,10.052
15-Jan-19,02:00:00,0,6.833,10.192
15-Jan-19,03:00:00,0,6.855,10.19
15-Jan-19,04:00:00,0,6.832,10.099
15-Jan-19,05:00:00,0,6.84,9.986
15-Jan-19,06:00:00,0,6.895,9.806
15-Jan-19,07:00:00,0,6.932,9.474
15-Jan-19,08:00:00,0,6.996,9.279
15-Jan-19,09:00:00,0.002,7.193,9.218
15-Jan-19,10:00:00,0.007,7.477,9.3
15-Jan-19,11:00:00,0.014,7.71,9.54
15-Jan-19,12:00:00,0.017,7.759,9.867
15-Jan-19,13:00:00,0.011,7.661,9.822
15-Jan-19,14:00:00,0.008,7.508,9.67
15-Jan-19,15:00:00,0.002,7.241,9.59
15-Jan-19,16:00:00,0,7.041,9.681
15-Jan-19,17:00:00,0,7.09,9.903
15-Jan-19,18:00:00,0,7.246,10.235
15-Jan-19,19:00:00,0,7.41,10.471
15-Jan-19,20:00:00,0,7.558,10.878
15-Jan-19,21:00:00,0,7.608,10.982
15-Jan-19,22:00:00,0,7.554,10.811
15-Jan-19,23:00:00,0,7.451,10.849
16-Jan-19,00:00:00,0,7.381,10.939
16-Jan-19,01:00:00,0,7.382,11.036
16-Jan-19,02:00:00,0,7.432,11.25
16-Jan-19,03:00:00,0,7.505,11.552
16-Jan-19,04:00:00,0,7.492,11.989
16-Jan-19,05:00:00,0,7.442,12.191
16-Jan-19,06:00:00,0,7.176,11.731
16-Jan-19,07:00:00,0,6.389,10.687
16-Jan-19,08:00:00,0,5.715,9.641
16-Jan-19,09:00:00,0.002,5.552,9.057
16-Jan-19,10:00:00,0.009,5.599,9.121
16-Jan-19,11:00:00,0.07,5.668,9.357
16-Jan-19,12:00:00,0.228,5.64,9.404
16-Jan-19,13:00:00,0.186,5.433,9.449
16-Jan-19,14:00:00,0.076,5,9.46
16-Jan-19,15:00:00,0.009,4.442,9.136
16-Jan-19,16:00:00,0,4.047,8.805
16-Jan-19,17:00:00,0,3.839,8.587
16-Jan-19,18:00:00,0,3.724,8.286
16-Jan-19,19:00:00,0,3.638,8.07
16-Jan-19,20:00:00,0,3.633,8.176
16-Jan-19,21:00:00,0,3.559,8.304
16-Jan-19,22:00:00,0,3.33,8.547
16-Jan-19,23:00:00,0,2.846,9.582
17-Jan-19,00:00:00,0,1.99,10.017
17-Jan-19,01:00:00,0,1.212,9.963
17-Jan-19,02:00:00,0,0.507,9.451
17-Jan-19,03:00:00,0,0.11,9.277
17-Jan-19,04:00:00,0,0.031,9.23
17-Jan-19,05:00:00,0,0.139,9.389
17-Jan-19,06:00:00,0,0.221,9.385
17-Jan-19,07:00:00,0,0.178,9.255
17-Jan-19,08:00:00,0.013,0.098,9.199
17-Jan-19,09:00:00,0.135,0.585,8.916
17-Jan-19,10:00:00,0.278,1.356,8.354
17-Jan-19,11:00:00,0.375,2.098,7.934
17-Jan-19,12:00:00,0.404,2.664,7.634
17-Jan-19,13:00:00,0.351,2.919,6.993
17-Jan-19,14:00:00,0.178,2.64,6.351
17-Jan-19,15:00:00,0.025,1.302,5.914
17-Jan-19,16:00:00,0,0.417,5.506
17-Jan-19,17:00:00,0,0.407,4.889
17-Jan-19,18:00:00,0,0.587,4.094
17-Jan-19,19:00:00,0,0.839,3.3
17-Jan-19,20:00:00,0,1.162,2.742
17-Jan-19,21:00:00,0,1.167,2.835
17-Jan-19,22:00:00,0,0.863,3.783
17-Jan-19,23:00:00,0,0.557,4.886
18-Jan-19,00:00:00,0,0.496,5.848
18-Jan-19,01:00:00,0,0.542,6.574
18-Jan-19,02:00:00,0,0.56,7.052
18-Jan-19,03:00:00,0,0.547,7.282
18-Jan-19,04:00:00,0,0.576,7.393
18-Jan-19,05:00:00,0,0.553,7.583
18-Jan-19,06:00:00,0,0.547,7.668
18-Jan-19,07:00:00,0,0.408,7.713
18-Jan-19,08:00:00,0.008,0.28,7.851
18-Jan-19,09:00:00,0.064,0.88,7.884
18-Jan-19,10:00:00,0.136,1.431,7.698
18-Jan-19,11:00:00,0.155,2.076,8.041
18-Jan-19,12:00:00,0.113,2.57,8.774
18-Jan-19,13:00:00,0.031,2.584,8.953
18-Jan-19,14:00:00,0.005,2.177,9.312
18-Jan-19,15:00:00,0.001,1.704,9.663
18-Jan-19,16:00:00,0,1.524,9.666
18-Jan-19,17:00:00,0,1.565,9.539
18-Jan-19,18:00:00,0,1.685,9.612
18-Jan-19,19:00:00,0,1.855,9.661
18-Jan-19,20:00:00,0,1.985,9.239
18-Jan-19,21:00:00,0,2.018,8.722
18-Jan-19,22:00:00,0,2.025,8.529
18-Jan-19,23:00:00,0,2.012,8.231
19-Jan-19,00:00:00,0,1.92,7.892
19-Jan-19,01:00:00,0,1.857,7.909
19-Jan-19,02:00:00,0,1.714,7.457
19-Jan-19,03:00:00,0,1.566,7.092
19-Jan-19,04:00:00,0,1.616,6.849
19-Jan-19,05:00:00,0,1.793,6.551
19-Jan-19,06:00:00,0,1.924,6.21
19-Jan-19,07:00:00,0,1.997,5.979
19-Jan-19,08:00:00,0,2.061,5.898
19-Jan-19,09:00:00,0.003,2.322,5.82
19-Jan-19,10:00:00,0.007,2.602,5.617
19-Jan-19,11:00:00,0.012,2.863,5.467
19-Jan-19,12:00:00,0.014,3.071,5.366
19-Jan-19,13:00:00,0.01,3.168,5.271
19-Jan-19,14:00:00,0.005,3.105,5.15
19-Jan-19,15:00:00,0.001,2.816,5.112
19-Jan-19,16:00:00,0,2.486,5.166
19-Jan-19,17:00:00,0,2.419,5.117
19-Jan-19,18:00:00,0,2.354,5.009
19-Jan-19,19:00:00,0,2.298,4.906
19-Jan-19,20:00:00,0,2.26,4.806
19-Jan-19,21:00:00,0,2.26,4.732
19-Jan-19,22:00:00,0,2.239,4.582
19-Jan-19,23:00:00,0,2.151,4.323
20-Jan-19,00:00:00,0,2.05,3.988
20-Jan-19,01:00:00,0,2.001,3.653
20-Jan-19,02:00:00,0,2.022,3.343
20-Jan-19,03:00:00,0,2.054,3.11
20-Jan-19,04:00:00,0,2.104,2.917
20-Jan-19,05:00:00,0,2.093,2.766
20-Jan-19,06:00:00,0,2.078,2.732
20-Jan-19,07:00:00,0,2.136,2.982
20-Jan-19,08:00:00,0.001,2.218,3.362
20-Jan-19,09:00:00,0.007,2.697,3.599
20-Jan-19,10:00:00,0.014,3.345,3.745
20-Jan-19,11:00:00,0.02,3.879,4.073
20-Jan-19,12:00:00,0.016,4.236,4.379
20-Jan-19,13:00:00,0.01,4.369,4.933
20-Jan-19,14:00:00,0.012,4.314,5.693
20-Jan-19,15:00:00,0.007,3.778,6.554
20-Jan-19,16:00:00,0,2.844,6.919
20-Jan-19,17:00:00,0,2.056,6.764
20-Jan-19,18:00:00,0,1.289,6.449
20-Jan-19,19:00:00,0,0.675,6.087
20-Jan-19,20:00:00,0,0.247,5.791
20-Jan-19,21:00:00,0,0.118,5.55
20-Jan-19,22:00:00,0,0.143,5.067
20-Jan-19,23:00:00,0,0.345,4.419
21-Jan-19,00:00:00,0,0.618,3.736
21-Jan-19,01:00:00,0,0.918,3.053
21-Jan-19,02:00:00,0,1.02,2.528
21-Jan-19,03:00:00,0,0.888,2.67
21-Jan-19,04:00:00,0,0.534,3.326
21-Jan-19,05:00:00,0,0.202,4.203
21-Jan-19,06:00:00,0,0.16,5.054
21-Jan-19,07:00:00,0,0.412,5.785
21-Jan-19,08:00:00,0.004,1.02,6.424
21-Jan-19,09:00:00,0.017,2.216,6.747
21-Jan-19,10:00:00,0.009,2.962,6.972
21-Jan-19,11:00:00,0.006,3.374,7.378
21-Jan-19,12:00:00,0.005,3.66,7.939
21-Jan-19,13:00:00,0.002,3.751,8.464
21-Jan-19,14:00:00,0.001,3.731,8.888
21-Jan-19,15:00:00,0.001,3.785,9.681
21-Jan-19,16:00:00,0,3.871,10.518
21-Jan-19,17:00:00,0,3.922,11.215
21-Jan-19,18:00:00,0,3.912,11.837
21-Jan-19,19:00:00,0,3.669,11.317
21-Jan-19,20:00:00,0,3.372,9.664
21-Jan-19,21:00:00,0,3.038,8.168
21-Jan-19,22:00:00,0,2.726,7.599
21-Jan-19,23:00:00,0,2.228,7.841
22-Jan-19,00:00:00,0,1.836,8.004
22-Jan-19,01:00:00,0,1.519,7.89
22-Jan-19,02:00:00,0,1.187,7.777
22-Jan-19,03:00:00,0,1.167,7.858
22-Jan-19,04:00:00,0,1.346,7.991
22-Jan-19,05:00:00,0,1.5,8.389
22-Jan-19,06:00:00,0,1.325,8.231
22-Jan-19,07:00:00,0,1.024,8.039
22-Jan-19,08:00:00,0.007,0.739,7.714
22-Jan-19,09:00:00,0.036,1.346,6.851
22-Jan-19,10:00:00,0.046,1.904,5.945
22-Jan-19,11:00:00,0.024,2.057,5.718
22-Jan-19,12:00:00,0.014,2.012,5.729
22-Jan-19,13:00:00,0.008,1.85,5.977
22-Jan-19,14:00:00,0.007,1.494,6.22
22-Jan-19,15:00:00,0.002,0.92,6.337
22-Jan-19,16:00:00,0,0.297,6.401
22-Jan-19,17:00:00,0,0.054,6.319
22-Jan-19,18:00:00,0,-0.116,6.024
22-Jan-19,19:00:00,0,-0.286,5.743
22-Jan-19,20:00:00,0,-0.424,5.414
22-Jan-19,21:00:00,0,-0.525,5.289
22-Jan-19,22:00:00,0,-0.605,5.286
22-Jan-19,23:00:00,0,-0.573,5.435
23-Jan-19,00:00:00,0,-0.533,5.614
23-Jan-19,01:00:00,0,-0.598,5.896
23-Jan-19,02:00:00,0,-0.768,5.93
23-Jan-19,03:00:00,0,-1.123,6.012
23-Jan-19,04:00:00,0,-1.438,5.981
23-Jan-19,05:00:00,0,-1.522,5.823
23-Jan-19,06:00:00,0,-1.387,5.669
23-Jan-19,07:00:00,0,-1.308,5.418
23-Jan-19,08:00:00,0.018,-1.268,4.943
23-Jan-19,09:00:00,0.1,-0.637,4.528
23-Jan-19,10:00:00,0.285,0.109,3.891
23-Jan-19,11:00:00,0.359,0.779,3.43
23-Jan-19,12:00:00,0.381,1.298,3.329
23-Jan-19,13:00:00,0.337,1.57,3.601
23-Jan-19,14:00:00,0.176,1.474,3.963
23-Jan-19,15:00:00,0.032,0.464,4.331
23-Jan-19,16:00:00,0,-0.123,4.486
23-Jan-19,17:00:00,0,0.04,4.681
23-Jan-19,18:00:00,0,0.403,4.943
23-Jan-19,19:00:00,0,0.689,5.202
23-Jan-19,20:00:00,0,1.012,5.361
23-Jan-19,21:00:00,0,1.373,5.4
23-Jan-19,22:00:00,0,1.608,5.462
23-Jan-19,23:00:00,0,1.761,5.511
24-Jan-19,00:00:00,0,1.793,5.589
24-Jan-19,01:00:00,0,1.856,5.803
24-Jan-19,02:00:00,0,2.093,5.86
24-Jan-19,03:00:00,0,2.05,5.485
24-Jan-19,04:00:00,0,1.928,5.139
24-Jan-19,05:00:00,0,1.979,4.874
24-Jan-19,06:00:00,0,1.936,4.562
24-Jan-19,07:00:00,0,1.712,4.215
24-Jan-19,08:00:00,0.004,1.604,3.946
24-Jan-19,09:00:00,0.014,1.919,3.667
24-Jan-19,10:00:00,0.031,2.122,3.252
24-Jan-19,11:00:00,0.073,2.414,2.829
24-Jan-19,12:00:00,0.088,2.633,2.588
24-Jan-19,13:00:00,0.062,2.723,2.556
24-Jan-19,14:00:00,0.015,2.544,2.378
24-Jan-19,15:00:00,0.003,2.235,2.694
24-Jan-19,16:00:00,0,1.9,3.287
24-Jan-19,17:00:00,0,1.864,3.933
24-Jan-19,18:00:00,0,1.851,4.58
24-Jan-19,19:00:00,0,2.086,5.269
24-Jan-19,20:00:00,0,2.523,5.882
24-Jan-19,21:00:00,0,3.088,6.446
24-Jan-19,22:00:00,0,3.679,6.827
24-Jan-19,23:00:00,0,4.142,6.959
25-Jan-19,00:00:00,0,4.644,7.353
25-Jan-19,01:00:00,0,5.413,8.237
25-Jan-19,02:00:00,0,6.356,9.309
25-Jan-19,03:00:00,0,7.125,10.397
25-Jan-19,04:00:00,0,7.474,10.834
25-Jan-19,05:00:00,0,7.678,11.136
25-Jan-19,06:00:00,0,7.706,11.014
25-Jan-19,07:00:00,0,7.764,10.855
25-Jan-19,08:00:00,0.001,7.846,10.433
25-Jan-19,09:00:00,0.002,8.064,10.524
25-Jan-19,10:00:00,0.002,8.231,10.596
25-Jan-19,11:00:00,0.004,8.398,10.546
25-Jan-19,12:00:00,0.006,8.534,10.49
25-Jan-19,13:00:00,0.005,8.546,10.413
25-Jan-19,14:00:00,0.002,8.453,10.379
25-Jan-19,15:00:00,0,8.332,10.34
25-Jan-19,16:00:00,0,8.256,10.502
25-Jan-19,17:00:00,0,8.24,10.76
25-Jan-19,18:00:00,0,8.193,10.782
25-Jan-19,19:00:00,0,8.068,10.974
25-Jan-19,20:00:00,0,7.82,10.826
25-Jan-19,21:00:00,0,7.608,10.931
25-Jan-19,22:00:00,0,7.463,10.799
25-Jan-19,23:00:00,0,7.389,10.845
26-Jan-19,00:00:00,0,7.308,10.425
26-Jan-19,01:00:00,0,7.307,10.303
26-Jan-19,02:00:00,0,7.336,10.172
26-Jan-19,03:00:00,0,7.387,10.055
26-Jan-19,04:00:00,0,7.443,9.923
26-Jan-19,05:00:00,0,7.396,9.658
26-Jan-19,06:00:00,0,7.315,9.69
26-Jan-19,07:00:00,0,7.234,9.893
26-Jan-19,08:00:00,0.001,7.166,9.738
26-Jan-19,09:00:00,0.003,7.217,9.934
26-Jan-19,10:00:00,0.003,7.307,10.176
26-Jan-19,11:00:00,0.002,7.441,10.819
26-Jan-19,12:00:00,0.002,7.558,11.192
26-Jan-19,13:00:00,0.001,7.722,11.634
26-Jan-19,14:00:00,0.001,7.657,11.044
26-Jan-19,15:00:00,0.001,7.49,9.612
26-Jan-19,16:00:00,0,7.025,8.413
26-Jan-19,17:00:00,0,6.329,7.831
26-Jan-19,18:00:00,0,5.836,7.116
26-Jan-19,19:00:00,0,5.682,6.179
26-Jan-19,20:00:00,0,5.582,5.642
26-Jan-19,21:00:00,0,5.39,6.77
26-Jan-19,22:00:00,0,4.515,9.803
26-Jan-19,23:00:00,0,3.366,12.187
27-Jan-19,00:00:00,0,2.616,12.641
27-Jan-19,01:00:00,0,2.273,12.567
27-Jan-19,02:00:00,0,2.014,12.596
27-Jan-19,03:00:00,0,1.891,12.895
27-Jan-19,04:00:00,0,2.114,13.602
27-Jan-19,05:00:00,0,2.33,14.421
27-Jan-19,06:00:00,0,2.476,14.954
27-Jan-19,07:00:00,0,2.623,15.296
27-Jan-19,08:00:00,0.009,2.779,15.537
27-Jan-19,09:00:00,0.04,3.035,15.928
27-Jan-19,10:00:00,0.083,3.356,16.059
27-Jan-19,11:00:00,0.147,3.679,15.906
27-Jan-19,12:00:00,0.177,3.881,15.642
27-Jan-19,13:00:00,0.16,3.897,15.168
27-Jan-19,14:00:00,0.125,3.71,14.581
27-Jan-19,15:00:00,0.047,3.265,13.927
27-Jan-19,16:00:00,0.002,2.651,13.124
27-Jan-19,17:00:00,0,2.199,12.241
27-Jan-19,18:00:00,0,1.801,11.248
27-Jan-19,19:00:00,0,1.286,10.068
27-Jan-19,20:00:00,0,0.864,9.521
27-Jan-19,21:00:00,0,0.556,9.294
27-Jan-19,22:00:00,0,0.262,8.979
27-Jan-19,23:00:00,0,-0.136,8.616
28-Jan-19,00:00:00,0,-0.443,8.394
28-Jan-19,01:00:00,0,-0.637,8.219
28-Jan-19,02:00:00,0,-0.73,8.076
28-Jan-19,03:00:00,0,-0.785,8.004
28-Jan-19,04:00:00,0,-0.897,7.884
28-Jan-19,05:00:00,0,-1.081,7.639
28-Jan-19,06:00:00,0,-1.18,7.482
28-Jan-19,07:00:00,0,-1.212,7.327
28-Jan-19,08:00:00,0.09,-0.849,7.092
28-Jan-19,09:00:00,0.303,0.554,6.616
28-Jan-19,10:00:00,0.468,1.595,6.236
28-Jan-19,11:00:00,0.544,2.58,6.491
28-Jan-19,12:00:00,0.558,3.015,5.922
28-Jan-19,13:00:00,0.483,3.149,5.706
28-Jan-19,14:00:00,0.319,2.854,5.73
28-Jan-19,15:00:00,0.098,1.531,6.053
28-Jan-19,16:00:00,0.002,0.658,6.75
28-Jan-19,17:00:00,0,1.105,7.543
28-Jan-19,18:00:00,0,1.549,7.907
28-Jan-19,19:00:00,0,1.795,7.944
28-Jan-19,20:00:00,0,2.019,7.981
28-Jan-19,21:00:00,0,1.925,7.779
28-Jan-19,22:00:00,0,2.062,7.999
28-Jan-19,23:00:00,0,2.27,8.305
29-Jan-19,00:00:00,0,2.283,8.153
29-Jan-19,01:00:00,0,2.388,8.047
29-Jan-19,02:00:00,0,2.55,7.841
29-Jan-19,03:00:00,0,2.618,7.599
29-Jan-19,04:00:00,0,2.655,7.324
29-Jan-19,05:00:00,0,2.695,7.196
29-Jan-19,06:00:00,0,2.709,7.072
29-Jan-19,07:00:00,0,2.612,7.003
29-Jan-19,08:00:00,0,2.462,6.763
29-Jan-19,09:00:00,0.001,2.319,6.227
29-Jan-19,10:00:00,0.001,1.922,5.434
29-Jan-19,11:00:00,0.002,1.476,4.96
29-Jan-19,12:00:00,0.003,1.389,5.273
29-Jan-19,13:00:00,0.002,1.453,6.053
29-Jan-19,14:00:00,0.002,1.56,6.624
29-Jan-19,15:00:00,0.002,1.384,7.018
29-Jan-19,16:00:00,0,0.983,7.494
29-Jan-19,17:00:00,0,0.699,7.737
29-Jan-19,18:00:00,0,0.392,7.569
29-Jan-19,19:00:00,0,0.082,7.38
29-Jan-19,20:00:00,0,-0.13,7.107
29-Jan-19,21:00:00,0,-0.369,6.805
29-Jan-19,22:00:00,0,-0.615,6.575
29-Jan-19,23:00:00,0,-0.684,6.491
30-Jan-19,00:00:00,0,-0.409,6.409
30-Jan-19,01:00:00,0,-0.232,6.287
30-Jan-19,02:00:00,0,-0.197,6.086
30-Jan-19,03:00:00,0,-0.242,5.748
30-Jan-19,04:00:00,0,-0.289,5.367
30-Jan-19,05:00:00,0,-0.296,5.136
30-Jan-19,06:00:00,0,-0.292,5.048
30-Jan-19,07:00:00,0,-0.329,4.943
30-Jan-19,08:00:00,0.009,-0.09,4.824
30-Jan-19,09:00:00,0.045,0.793,4.616
30-Jan-19,10:00:00,0.166,1.434,4.454
30-Jan-19,11:00:00,0.287,1.891,4.371
30-Jan-19,12:00:00,0.32,2.178,4.243
30-Jan-19,13:00:00,0.258,2.228,3.994
30-Jan-19,14:00:00,0.163,2.037,3.82
30-Jan-19,15:00:00,0.054,0.928,4.008
30-Jan-19,16:00:00,0.002,-0.151,4.152
30-Jan-19,17:00:00,0,-0.343,4.049
30-Jan-19,18:00:00,0,-0.309,3.781
30-Jan-19,19:00:00,0,-0.243,3.544
30-Jan-19,20:00:00,0,-0.225,3.413
30-Jan-19,21:00:00,0,-0.292,3.34
30-Jan-19,22:00:00,0,-0.372,3.123
30-Jan-19,23:00:00,0,-0.406,2.909
31-Jan-19,00:00:00,0,-0.564,2.971
31-Jan-19,01:00:00,0,-0.647,2.981
31-Jan-19,02:00:00,0,-0.675,2.937
31-Jan-19,03:00:00,0,-0.9,3.38
31-Jan-19,04:00:00,0,-1.262,4.168
31-Jan-19,05:00:00,0,-1.463,4.656
31-Jan-19,06:00:00,0,-1.597,5.03
31-Jan-19,07:00:00,0,-1.723,5.377
31-Jan-19,08:00:00,0.056,-1.534,5.724
31-Jan-19,09:00:00,0.17,-0.625,6.038
31-Jan-19,10:00:00,0.341,0.069,6.39
31-Jan-19,11:00:00,0.477,0.761,6.663
31-Jan-19,12:00:00,0.467,1.299,6.961
31-Jan-19,13:00:00,0.352,1.564,7.217
31-Jan-19,14:00:00,0.187,1.451,7.233
31-Jan-19,15:00:00,0.06,0.577,7.325
31-Jan-19,16:00:00,0.005,-0.853,7.853
31-Jan-19,17:00:00,0,-1.447,8.093
31-Jan-19,18:00:00,0,-1.737,8
31-Jan-19,19:00:00,0,-1.739,7.947
31-Jan-19,20:00:00,0,-1.791,7.866
31-Jan-19,21:00:00,0,-1.623,7.849
31-Jan-19,22:00:00,0,-1.347,7.783
31-Jan-19,23:00:00,0,-1.126,7.705
01-Feb-19,00:00:00,0,-1.11,7.637
01-Feb-19,01:00:00,0,-1.037,7.636
01-Feb-19,02:00:00,0,-0.897,7.787
01-Feb-19,03:00:00,0,-0.796,7.874
01-Feb-19,04:00:00,0,-0.77,7.892
01-Feb-19,05:00:00,0,-0.743,7.842
01-Feb-19,06:00:00,0,-0.858,7.713
01-Feb-19,07:00:00,0,-0.934,7.676
01-Feb-19,08:00:00,0.066,-0.75,7.569
01-Feb-19,09:00:00,0.183,-0.055,7.109
01-Feb-19,10:00:00,0.294,0.683,6.91
01-Feb-19,11:00:00,0.359,1.334,6.896
01-Feb-19,12:00:00,0.364,1.714,6.854
01-Feb-19,13:00:00,0.31,1.927,6.737
01-Feb-19,14:00:00,0.216,1.745,6.426
01-Feb-19,15:00:00,0.089,0.854,6.232
01-Feb-19,16:00:00,0.007,-0.524,6.293
01-Feb-19,17:00:00,0,-0.903,6.424
01-Feb-19,18:00:00,0,-0.953,6.518
01-Feb-19,19:00:00,0,-0.921,6.579
01-Feb-19,20:00:00,0,-0.883,6.626
01-Feb-19,21:00:00,0,-0.943,6.722
01-Feb-19,22:00:00,0,-1.062,6.701
01-Feb-19,23:00:00,0,-1.206,6.628
02-Feb-19,00:00:00,0,-1.28,6.646
02-Feb-19,01:00:00,0,-1.265,6.72
02-Feb-19,02:00:00,0,-1.149,6.853
02-Feb-19,03:00:00,0,-1.056,7.046
02-Feb-19,04:00:00,0,-0.987,7.483
02-Feb-19,05:00:00,0,-0.989,8.019
02-Feb-19,06:00:00,0,-1.068,8.151
02-Feb-19,07:00:00,0,-1.296,8.071
02-Feb-19,08:00:00,0.072,-1.226,7.874
02-Feb-19,09:00:00,0.219,-0.491,7.506
02-Feb-19,10:00:00,0.391,0.391,7.015
02-Feb-19,11:00:00,0.497,1.384,6.847
02-Feb-19,12:00:00,0.536,2.18,6.971
02-Feb-19,13:00:00,0.5,2.461,6.877
02-Feb-19,14:00:00,0.382,2.238,6.495
02-Feb-19,15:00:00,0.184,1.056,6.18
02-Feb-19,16:00:00,0.018,-0.609,5.981
02-Feb-19,17:00:00,0,-1.145,5.84
02-Feb-19,18:00:00,0,-1.354,5.693
02-Feb-19,19:00:00,0,-1.418,5.398
02-Feb-19,20:00:00,0,-1.338,5.048
02-Feb-19,21:00:00,0,-1.192,4.756
02-Feb-19,22:00:00,0,-1.028,4.505
02-Feb-19,23:00:00,0,-0.98,4.534
03-Feb-19,00:00:00,0,-1.159,5.038
03-Feb-19,01:00:00,0,-1.34,5.627
03-Feb-19,02:00:00,0,-1.189,6.153
03-Feb-19,03:00:00,0,-0.841,6.721
03-Feb-19,04:00:00,0,-0.485,7.253
03-Feb-19,05:00:00,0,-0.015,7.721
03-Feb-19,06:00:00,0,0.632,8.332
03-Feb-19,07:00:00,0,1.218,8.574
03-Feb-19,08:00:00,0.003,1.742,8.646
03-Feb-19,09:00:00,0.028,2.578,8.696
03-Feb-19,10:00:00,0.04,3.225,9.129
03-Feb-19,11:00:00,0.014,3.601,10.23
03-Feb-19,12:00:00,0.002,3.728,10.332
03-Feb-19,13:00:00,0,3.92,9.785
03-Feb-19,14:00:00,0,4.128,9.232
03-Feb-19,15:00:00,0,3.968,8.289
03-Feb-19,16:00:00,0,3.442,7.355
03-Feb-19,17:00:00,0,2.994,6.543
03-Feb-19,18:00:00,0,2.894,6.596
03-Feb-19,19:00:00,0,3.41,7.702
03-Feb-19,20:00:00,0,4.233,8.953
03-Feb-19,21:00:00,0,4.677,9.744
03-Feb-19,22:00:00,0,4.596,10.051
03-Feb-19,23:00:00,0,4.279,10.28
04-Feb-19,00:00:00,0,4.068,10.753
04-Feb-19,01:00:00,0,3.983,11.288
04-Feb-19,02:00:00,0,4.283,12.279
04-Feb-19,03:00:00,0,5.094,13.036
04-Feb-19,04:00:00,0,5.657,12.011
04-Feb-19,05:00:00,0,6.061,11.914
04-Feb-19,06:00:00,0,6.217,11.514
04-Feb-19,07:00:00,0,5.862,11.389
04-Feb-19,08:00:00,0.004,5.306,11.072
04-Feb-19,09:00:00,0.016,4.915,10.556
04-Feb-19,10:00:00,0.087,4.648,9.776
04-Feb-19,11:00:00,0.314,4.74,8.877
04-Feb-19,12:00:00,0.494,5.057,8.19
04-Feb-19,13:00:00,0.476,5.299,7.821
04-Feb-19,14:00:00,0.332,5.179,7.687
04-Feb-19,15:00:00,0.144,4.102,7.567
04-Feb-19,16:00:00,0.016,2.102,7.08
04-Feb-19,17:00:00,0,1.52,6.546
04-Feb-19,18:00:00,0,1.452,6.069
04-Feb-19,19:00:00,0,1.482,5.704
04-Feb-19,20:00:00,0,1.531,5.516
04-Feb-19,21:00:00,0,1.596,5.359
04-Feb-19,22:00:00,0,1.69,5.19
04-Feb-19,23:00:00,0,2.008,4.93
05-Feb-19,00:00:00,0,2.288,4.63
05-Feb-19,01:00:00,0,2.259,4.608
05-Feb-19,02:00:00,0,2.138,4.72
05-Feb-19,03:00:00,0,2.163,4.811
05-Feb-19,04:00:00,0,2.146,5.042
05-Feb-19,05:00:00,0,2.038,5.502
05-Feb-19,06:00:00,0,1.987,6.085
05-Feb-19,07:00:00,0,1.805,6.672
05-Feb-19,08:00:00,0.013,2.031,7.124
05-Feb-19,09:00:00,0.027,2.612,7.413
05-Feb-19,10:00:00,0.043,3.154,7.544
05-Feb-19,11:00:00,0.029,3.674,8.226
05-Feb-19,12:00:00,0.009,3.908,8.791
05-Feb-19,13:00:00,0.002,3.863,8.942
05-Feb-19,14:00:00,0.001,4.009,9.633
05-Feb-19,15:00:00,0,4.369,10.398
05-Feb-19,16:00:00,0,4.91,11.115
05-Feb-19,17:00:00,0,5.48,11.448
05-Feb-19,18:00:00,0,6.134,11.51
05-Feb-19,19:00:00,0,6.843,11.072
05-Feb-19,20:00:00,0,7.145,10.034
05-Feb-19,21:00:00,0,7.223,9.755
05-Feb-19,22:00:00,0,6.78,9.345
05-Feb-19,23:00:00,0,6.014,8.895
06-Feb-19,00:00:00,0,5.435,8.928
06-Feb-19,01:00:00,0,4.768,8.589
06-Feb-19,02:00:00,0,4.076,8.079
06-Feb-19,03:00:00,0,3.897,8.004
06-Feb-19,04:00:00,0,3.711,7.738
06-Feb-19,05:00:00,0,3.636,7.712
06-Feb-19,06:00:00,0,3.688,7.814
06-Feb-19,07:00:00,0,3.848,7.967
06-Feb-19,08:00:00,0.004,4.662,8.167
06-Feb-19,09:00:00,0.004,5.213,8.029
06-Feb-19,10:00:00,0.005,5.515,8.058
06-Feb-19,11:00:00,0.008,5.777,8.37
06-Feb-19,12:00:00,0.007,5.896,8.554
06-Feb-19,13:00:00,0.004,5.908,9.051
06-Feb-19,14:00:00,0.003,5.799,9.087
06-Feb-19,15:00:00,0.003,5.702,8.977
06-Feb-19,16:00:00,0.001,5.406,8.886
06-Feb-19,17:00:00,0,5.238,8.872
06-Feb-19,18:00:00,0,5.059,8.473
06-Feb-19,19:00:00,0,4.853,7.848
06-Feb-19,20:00:00,0,4.567,7.263
06-Feb-19,21:00:00,0,4.369,6.945
06-Feb-19,22:00:00,0,4.175,6.649
06-Feb-19,23:00:00,0,3.987,6.661
07-Feb-19,00:00:00,0,3.821,6.803
07-Feb-19,01:00:00,0,3.574,6.808
07-Feb-19,02:00:00,0,3.423,6.797
07-Feb-19,03:00:00,0,3.343,6.351
07-Feb-19,04:00:00,0,3.258,5.318
07-Feb-19,05:00:00,0,3.132,3.78
07-Feb-19,06:00:00,0,3.092,2.815
07-Feb-19,07:00:00,0,3.007,4.666
07-Feb-19,08:00:00,0.001,3.41,6.681
07-Feb-19,09:00:00,0.004,3.976,8.194
07-Feb-19,10:00:00,0.007,4.359,8.777
07-Feb-19,11:00:00,0.021,4.849,9.245
07-Feb-19,12:00:00,0.045,5.382,9.421
07-Feb-19,13:00:00,0.073,5.756,9.592
07-Feb-19,14:00:00,0.037,5.74,9.594
07-Feb-19,15:00:00,0.014,5.477,9.567
07-Feb-19,16:00:00,0.002,5.044,9.528
07-Feb-19,17:00:00,0,4.654,9.394
07-Feb-19,18:00:00,0,4.484,9.45
07-Feb-19,19:00:00,0,4.504,9.426
07-Feb-19,20:00:00,0,4.585,9.373
07-Feb-19,21:00:00,0,4.411,9.134
07-Feb-19,22:00:00,0,4.335,8.982
07-Feb-19,23:00:00,0,4.551,8.835
08-Feb-19,00:00:00,0,4.817,9.198
08-Feb-19,01:00:00,0,5.068,10.018
08-Feb-19,02:00:00,0,5.346,10.592
08-Feb-19,03:00:00,0,5.754,11.191
08-Feb-19,04:00:00,0,6.202,11.853
08-Feb-19,05:00:00,0,6.587,12.809
08-Feb-19,06:00:00,0,6.841,13.485
08-Feb-19,07:00:00,0,6.999,14.204
08-Feb-19,08:00:00,0,7.155,15.122
08-Feb-19,09:00:00,0.001,7.502,15.789
08-Feb-19,10:00:00,0.001,8.081,15.754
08-Feb-19,11:00:00,0.002,8.559,15.565
08-Feb-19,12:00:00,0.041,8.697,15.888
08-Feb-19,13:00:00,0.206,8.114,16.652
08-Feb-19,14:00:00,0.105,7.593,17.202
08-Feb-19,15:00:00,0.007,7.202,17.198
08-Feb-19,16:00:00,0.001,6.823,16.416
08-Feb-19,17:00:00,0,6.647,15.447
08-Feb-19,18:00:00,0,6.594,14.83
08-Feb-19,19:00:00,0,6.502,14.581
08-Feb-19,20:00:00,0,6.271,14.597
08-Feb-19,21:00:00,0,5.828,14.962
08-Feb-19,22:00:00,0,5.339,15.481
08-Feb-19,23:00:00,0,4.932,16.377
09-Feb-19,00:00:00,0,4.499,17.761
09-Feb-19,01:00:00,0,4.226,19.173
09-Feb-19,02:00:00,0,4.51,19.676
09-Feb-19,03:00:00,0,4.872,19.526
09-Feb-19,04:00:00,0,5.298,18.782
09-Feb-19,05:00:00,0,5.414,18.023
09-Feb-19,06:00:00,0,5.552,17.323
09-Feb-19,07:00:00,0,5.964,16.665
09-Feb-19,08:00:00,0.002,6.306,16.117
09-Feb-19,09:00:00,0.01,6.457,15.496
09-Feb-19,10:00:00,0.044,6.621,14.697
09-Feb-19,11:00:00,0.066,6.782,13.927
09-Feb-19,12:00:00,0.119,6.926,13.419
09-Feb-19,13:00:00,0.122,6.87,12.677
09-Feb-19,14:00:00,0.102,6.646,11.719
09-Feb-19,15:00:00,0.045,6.24,10.854
09-Feb-19,16:00:00,0.007,5.61,10.085
09-Feb-19,17:00:00,0,5.137,9.551
09-Feb-19,18:00:00,0,4.879,9.09
09-Feb-19,19:00:00,0,4.632,8.818
09-Feb-19,20:00:00,0,4.464,8.567
09-Feb-19,21:00:00,0,4.266,8.354
09-Feb-19,22:00:00,0,4.045,8.059
09-Feb-19,23:00:00,0,3.728,7.536
10-Feb-19,00:00:00,0,3.416,7.042
10-Feb-19,01:00:00,0,3.269,6.452
10-Feb-19,02:00:00,0,3.093,5.936
10-Feb-19,03:00:00,0,2.995,5.494
10-Feb-19,04:00:00,0,2.919,5.23
10-Feb-19,05:00:00,0,2.79,5.51
10-Feb-19,06:00:00,0,2.91,5.984
10-Feb-19,07:00:00,0,2.937,6.48
10-Feb-19,08:00:00,0.019,3.314,6.78
10-Feb-19,09:00:00,0.119,4.214,6.755
10-Feb-19,10:00:00,0.388,4.901,7.217
10-Feb-19,11:00:00,0.517,5.359,8.046
10-Feb-19,12:00:00,0.505,5.412,8.571
10-Feb-19,13:00:00,0.407,5.228,8.759
10-Feb-19,14:00:00,0.249,4.908,8.433
10-Feb-19,15:00:00,0.083,4.432,7.858
10-Feb-19,16:00:00,0.011,3.502,7.55
10-Feb-19,17:00:00,0,2.98,7.47
10-Feb-19,18:00:00,0,2.911,6.852
10-Feb-19,19:00:00,0,2.817,6.07
10-Feb-19,20:00:00,0,2.538,5.537
10-Feb-19,21:00:00,0,2.567,5.909
10-Feb-19,22:00:00,0,2.589,6.793
10-Feb-19,23:00:00,0,2.561,7.568
11-Feb-19,00:00:00,0,2.339,7.737
11-Feb-19,01:00:00,0,1.681,7.172
11-Feb-19,02:00:00,0,1.225,6.665
11-Feb-19,03:00:00,0,1.087,6.506
11-Feb-19,04:00:00,0,1.095,6.432
11-Feb-19,05:00:00,0,1.009,6.099
11-Feb-19,06:00:00,0,0.886,5.565
11-Feb-19,07:00:00,0.001,0.852,5.07
11-Feb-19,08:00:00,0.033,1.335,4.44
11-Feb-19,09:00:00,0.104,2.013,3.771
11-Feb-19,10:00:00,0.243,2.962,3.29
11-Feb-19,11:00:00,0.535,4.343,2.774
11-Feb-19,12:00:00,0.66,5.505,3.02
11-Feb-19,13:00:00,0.597,5.973,3.945
11-Feb-19,14:00:00,0.401,5.894,4.587
11-Feb-19,15:00:00,0.125,5.207,4.879
11-Feb-19,16:00:00,0.016,3.388,5.181
11-Feb-19,17:00:00,0,2.596,5.4
11-Feb-19,18:00:00,0,2.369,5.604
11-Feb-19,19:00:00,0,2.399,6.081
11-Feb-19,20:00:00,0,3.025,6.516
11-Feb-19,21:00:00,0,3.429,6.651
11-Feb-19,22:00:00,0,3.448,6.747
11-Feb-19,23:00:00,0,3.506,7.001
12-Feb-19,00:00:00,0,3.464,7.353
12-Feb-19,01:00:00,0,3.575,7.674
12-Feb-19,02:00:00,0,3.936,7.919
12-Feb-19,03:00:00,0,4.458,8.034
12-Feb-19,04:00:00,0,4.836,8.194
12-Feb-19,05:00:00,0,5.177,8.538
12-Feb-19,06:00:00,0,5.366,8.766
12-Feb-19,07:00:00,0,5.719,9.552
12-Feb-19,08:00:00,0,6.296,10.403
12-Feb-19,09:00:00,0.001,6.832,11.021
12-Feb-19,10:00:00,0.003,7.29,10.723
12-Feb-19,11:00:00,0.009,7.758,10.383
12-Feb-19,12:00:00,0.015,8.193,10.443
12-Feb-19,13:00:00,0.004,8.298,10.574
12-Feb-19,14:00:00,0.001,8.278,10.46
12-Feb-19,15:00:00,0.001,8.333,10.423
12-Feb-19,16:00:00,0,8.271,9.719
12-Feb-19,17:00:00,0,8.144,9.021
12-Feb-19,18:00:00,0,7.991,8.444
12-Feb-19,19:00:00,0,7.77,8.048
12-Feb-19,20:00:00,0,7.647,7.815
12-Feb-19,21:00:00,0,7.612,7.877
12-Feb-19,22:00:00,0,7.687,8.062
12-Feb-19,23:00:00,0,7.825,8.352
13-Feb-19,00:00:00,0,7.904,8.794
13-Feb-19,01:00:00,0,7.997,9.604
13-Feb-19,02:00:00,0,8.032,10.087
13-Feb-19,03:00:00,0,7.995,10.163
13-Feb-19,04:00:00,0,7.937,10.108
13-Feb-19,05:00:00,0,7.829,10.21
13-Feb-19,06:00:00,0,7.702,10.467
13-Feb-19,07:00:00,0,7.589,10.541
13-Feb-19,08:00:00,0.001,7.567,10.557
13-Feb-19,09:00:00,0.007,7.687,10.632
13-Feb-19,10:00:00,0.021,7.905,10.762
13-Feb-19,11:00:00,0.023,8.017,10.991
13-Feb-19,12:00:00,0.029,8.112,11.076
13-Feb-19,13:00:00,0.011,8.012,10.917
13-Feb-19,14:00:00,0.004,7.847,10.787
13-Feb-19,15:00:00,0.002,7.668,10.719
13-Feb-19,16:00:00,0,7.482,10.696
13-Feb-19,17:00:00,0,7.35,10.449
13-Feb-19,18:00:00,0,7.256,9.881
13-Feb-19,19:00:00,0,7.198,9.723
13-Feb-19,20:00:00,0,7.147,9.629
13-Feb-19,21:00:00,0,7.091,9.505
13-Feb-19,22:00:00,0,7.07,9.413
13-Feb-19,23:00:00,0,7.094,9.302
14-Feb-19,00:00:00,0,7.13,9.067
14-Feb-19,01:00:00,0,7.199,8.917
14-Feb-19,02:00:00,0,7.247,8.733
14-Feb-19,03:00:00,0,7.305,8.724
14-Feb-19,04:00:00,0,7.396,8.757
14-Feb-19,05:00:00,0,7.369,8.578
14-Feb-19,06:00:00,0,7.228,8.38
14-Feb-19,07:00:00,0,6.923,8.069
14-Feb-19,08:00:00,0.009,6.753,7.886
14-Feb-19,09:00:00,0.026,6.593,7.514
14-Feb-19,10:00:00,0.061,6.598,7.601
14-Feb-19,11:00:00,0.223,6.877,7.617
14-Feb-19,12:00:00,0.323,7.237,7.482
14-Feb-19,13:00:00,0.297,7.545,7.284
14-Feb-19,14:00:00,0.21,7.627,7.052
14-Feb-19,15:00:00,0.11,7.331,6.605
14-Feb-19,16:00:00,0.022,5.962,6.832
14-Feb-19,17:00:00,0,4.885,7.396
14-Feb-19,18:00:00,0,4.859,7.854
14-Feb-19,19:00:00,0,4.829,8.18
14-Feb-19,20:00:00,0,4.546,8.331
14-Feb-19,21:00:00,0,4.143,8.302
14-Feb-19,22:00:00,0,3.812,8.234
14-Feb-19,23:00:00,0,3.528,8.168
15-Feb-19,00:00:00,0,3.234,8.072
15-Feb-19,01:00:00,0,2.887,7.942
15-Feb-19,02:00:00,0,2.429,7.876
15-Feb-19,03:00:00,0,2.015,7.951
15-Feb-19,04:00:00,0,1.695,8.044
15-Feb-19,05:00:00,0,1.472,8.09
15-Feb-19,06:00:00,0,1.382,8.17
15-Feb-19,07:00:00,0.012,1.54,8.303
15-Feb-19,08:00:00,0.149,3.098,8.149
15-Feb-19,09:00:00,0.32,4.464,7.643
15-Feb-19,10:00:00,0.543,5.792,7.356
15-Feb-19,11:00:00,0.668,7.169,7.848
15-Feb-19,12:00:00,0.671,8.113,8.285
15-Feb-19,13:00:00,0.595,8.667,8.458
15-Feb-19,14:00:00,0.449,8.923,8.312
15-Feb-19,15:00:00,0.242,8.698,8.77
15-Feb-19,16:00:00,0.046,7.958,9.682
15-Feb-19,17:00:00,0,7.462,10.29
15-Feb-19,18:00:00,0,7.335,10.515
15-Feb-19,19:00:00,0,7.159,10.687
15-Feb-19,20:00:00,0,7.062,10.998
15-Feb-19,21:00:00,0,7.455,11.597
15-Feb-19,22:00:00,0,7.819,12.076
15-Feb-19,23:00:00,0,7.904,11.881
16-Feb-19,00:00:00,0,7.925,11.453
16-Feb-19,01:00:00,0,7.924,11.343
16-Feb-19,02:00:00,0,7.714,11.033
16-Feb-19,03:00:00,0,7.399,10.466
16-Feb-19,04:00:00,0,7.224,10.117
16-Feb-19,05:00:00,0,7.157,9.768
16-Feb-19,06:00:00,0,7.089,9.539
16-Feb-19,07:00:00,0.001,7.029,9.393
16-Feb-19,08:00:00,0.011,7.36,9.65
16-Feb-19,09:00:00,0.039,7.733,9.483
16-Feb-19,10:00:00,0.133,8.158,9.469
16-Feb-19,11:00:00,0.385,8.627,9.697
16-Feb-19,12:00:00,0.566,8.958,9.99
16-Feb-19,13:00:00,0.472,9.013,10.042
16-Feb-19,14:00:00,0.149,8.686,9.524
16-Feb-19,15:00:00,0.01,8.17,9.164
16-Feb-19,16:00:00,0.001,7.862,9.234
16-Feb-19,17:00:00,0,7.827,9.397
16-Feb-19,18:00:00,0,8.04,9.638
16-Feb-19,19:00:00,0,8.334,10.07
16-Feb-19,20:00:00,0,8.743,10.67
16-Feb-19,21:00:00,0,9.133,11.263
16-Feb-19,22:00:00,0,9.262,11.628
16-Feb-19,23:00:00,0,8.979,11.495
17-Feb-19,00:00:00,0,8.7,11.2
17-Feb-19,01:00:00,0,8.39,11.116
17-Feb-19,02:00:00,0,8.004,11.388
17-Feb-19,03:00:00,0,7.775,11.606
17-Feb-19,04:00:00,0,7.545,11.691
17-Feb-19,05:00:00,0,7.339,11.806
17-Feb-19,06:00:00,0,7.069,11.682
17-Feb-19,07:00:00,0.004,6.77,11.38
17-Feb-19,08:00:00,0.02,6.755,10.89
17-Feb-19,09:00:00,0.038,7.027,10.635
17-Feb-19,10:00:00,0.035,7.481,10.538
17-Feb-19,11:00:00,0.014,7.937,10.82
17-Feb-19,12:00:00,0.011,8.346,10.865
17-Feb-19,13:00:00,0.061,9.011,11.161
17-Feb-19,14:00:00,0.121,9.301,11.856
17-Feb-19,15:00:00,0.082,8.863,11.927
17-Feb-19,16:00:00,0.021,8.129,11.731
17-Feb-19,17:00:00,0,7.471,11.769
17-Feb-19,18:00:00,0,7.218,12.003
17-Feb-19,19:00:00,0,7.085,12.096
17-Feb-19,20:00:00,0,7.02,12.112
17-Feb-19,21:00:00,0,7.131,12.41
17-Feb-19,22:00:00,0,7.221,12.489
17-Feb-19,23:00:00,0,7.233,12.355
18-Feb-19,00:00:00,0,7.21,12.249
18-Feb-19,01:00:00,0,7.094,12.251
18-Feb-19,02:00:00,0,6.9,12.233
18-Feb-19,03:00:00,0,6.85,12.14
18-Feb-19,04:00:00,0,6.871,12.018
18-Feb-19,05:00:00,0,6.822,11.831
18-Feb-19,06:00:00,0,6.693,11.555
18-Feb-19,07:00:00,0.001,6.542,11.204
18-Feb-19,08:00:00,0.021,6.667,10.957
18-Feb-19,09:00:00,0.079,6.954,10.987
18-Feb-19,10:00:00,0.207,7.186,11.294
18-Feb-19,11:00:00,0.457,7.413,11.77
18-Feb-19,12:00:00,0.554,7.507,12.174
18-Feb-19,13:00:00,0.373,7.373,12.331
18-Feb-19,14:00:00,0.061,7.047,11.874
18-Feb-19,15:00:00,0.006,6.774,11.439
18-Feb-19,16:00:00,0.001,6.649,11.286
18-Feb-19,17:00:00,0,6.568,11.103
18-Feb-19,18:00:00,0,6.596,10.907
18-Feb-19,19:00:00,0,6.543,10.597
18-Feb-19,20:00:00,0,6.381,10.134
18-Feb-19,21:00:00,0,6.193,9.748
18-Feb-19,22:00:00,0,6.101,9.673
18-Feb-19,23:00:00,0,6.107,9.566
19-Feb-19,00:00:00,0,6.085,9.321
19-Feb-19,01:00:00,0,5.984,8.789
19-Feb-19,02:00:00,0,5.861,8.583
19-Feb-19,03:00:00,0,5.527,8.295
19-Feb-19,04:00:00,0,5.188,8.009
19-Feb-19,05:00:00,0,4.955,7.708
19-Feb-19,06:00:00,0,4.857,7.293
19-Feb-19,07:00:00,0.001,5.052,7.167
19-Feb-19,08:00:00,0.003,5.518,7.204
19-Feb-19,09:00:00,0.007,5.845,7.407
19-Feb-19,10:00:00,0.021,6.179,7.46
19-Feb-19,11:00:00,0.034,6.504,7.538
19-Feb-19,12:00:00,0.036,6.751,7.711
19-Feb-19,13:00:00,0.033,6.908,7.916
19-Feb-19,14:00:00,0.016,6.914,7.905
19-Feb-19,15:00:00,0.005,6.69,8.081
19-Feb-19,16:00:00,0.001,6.361,8.391
19-Feb-19,17:00:00,0,6.108,8.502
19-Feb-19,18:00:00,0,6.14,8.975
19-Feb-19,19:00:00,0,6.157,9.538
19-Feb-19,20:00:00,0,6.132,10
19-Feb-19,21:00:00,0,6.086,10.223
19-Feb-19,22:00:00,0,6.087,10.349
19-Feb-19,23:00:00,0,6.224,10.399
20-Feb-19,00:00:00,0,6.467,10.348
20-Feb-19,01:00:00,0,6.778,10.332
20-Feb-19,02:00:00,0,7.042,10.21
20-Feb-19,03:00:00,0,7.375,10.651
20-Feb-19,04:00:00,0,7.58,10.8
20-Feb-19,05:00:00,0,7.66,10.787
20-Feb-19,06:00:00,0,7.681,10.942
20-Feb-19,07:00:00,0.001,7.635,10.701
20-Feb-19,08:00:00,0.012,7.748,10.625
20-Feb-19,09:00:00,0.072,8.176,10.872
20-Feb-19,10:00:00,0.139,8.688,11.297
20-Feb-19,11:00:00,0.237,9.191,11.837
20-Feb-19,12:00:00,0.218,9.46,12.135
20-Feb-19,13:00:00,0.065,9.26,12.18
20-Feb-19,14:00:00,0.007,8.66,11.796
20-Feb-19,15:00:00,0.001,8.22,11.431
20-Feb-19,16:00:00,0,8.028,11.066
20-Feb-19,17:00:00,0,7.998,10.981
20-Feb-19,18:00:00,0,7.977,10.491
20-Feb-19,19:00:00,0,7.978,10.144
20-Feb-19,20:00:00,0,8.036,10.049
20-Feb-19,21:00:00,0,8.101,9.858
20-Feb-19,22:00:00,0,8.173,9.737
20-Feb-19,23:00:00,0,8.244,9.826
21-Feb-19,00:00:00,0,8.304,9.946
21-Feb-19,01:00:00,0,8.305,9.618
21-Feb-19,02:00:00,0,8.377,9.735
21-Feb-19,03:00:00,0,8.419,9.369
21-Feb-19,04:00:00,0,8.506,9.091
21-Feb-19,05:00:00,0,8.481,8.665
21-Feb-19,06:00:00,0,8.617,8.879
21-Feb-19,07:00:00,0.001,8.825,8.922
21-Feb-19,08:00:00,0.008,9.036,8.207
21-Feb-19,09:00:00,0.026,9.393,7.922
21-Feb-19,10:00:00,0.045,9.766,8.167
21-Feb-19,11:00:00,0.07,10.097,8.667
21-Feb-19,12:00:00,0.102,10.328,8.836
21-Feb-19,13:00:00,0.14,10.443,8.955
21-Feb-19,14:00:00,0.117,10.344,8.921
21-Feb-19,15:00:00,0.064,10.004,8.357
21-Feb-19,16:00:00,0.01,9.441,7.903
21-Feb-19,17:00:00,0,8.838,7.908
21-Feb-19,18:00:00,0,8.584,8.117
21-Feb-19,19:00:00,0,8.345,8.328
21-Feb-19,20:00:00,0,8.159,8.807
21-Feb-19,21:00:00,0,7.897,9.019
21-Feb-19,22:00:00,0,7.619,9.14
21-Feb-19,23:00:00,0,7.347,9.097
22-Feb-19,00:00:00,0,6.97,8.991
22-Feb-19,01:00:00,0,6.745,8.946
22-Feb-19,02:00:00,0,6.613,8.904
22-Feb-19,03:00:00,0,6.635,9.056
22-Feb-19,04:00:00,0,6.784,9.329
22-Feb-19,05:00:00,0,7.064,9.465
22-Feb-19,06:00:00,0,7.431,9.609
22-Feb-19,07:00:00,0.008,7.459,9.397
22-Feb-19,08:00:00,0.088,8.054,8.935
22-Feb-19,09:00:00,0.274,8.889,8.317
22-Feb-19,10:00:00,0.357,9.713,7.895
22-Feb-19,11:00:00,0.291,10.418,7.976
22-Feb-19,12:00:00,0.289,10.929,8.506
22-Feb-19,13:00:00,0.331,11.224,8.736
22-Feb-19,14:00:00,0.269,11.275,8.509
22-Feb-19,15:00:00,0.156,11.052,8.353
22-Feb-19,16:00:00,0.044,10.287,8.784
22-Feb-19,17:00:00,0,9.236,9.452
22-Feb-19,18:00:00,0,9.097,9.743
22-Feb-19,19:00:00,0,8.905,9.788
22-Feb-19,20:00:00,0,8.63,9.781
22-Feb-19,21:00:00,0,8.326,9.704
22-Feb-19,22:00:00,0,8.021,9.508
22-Feb-19,23:00:00,0,7.678,9.309
23-Feb-19,00:00:00,0,7.199,9.302
23-Feb-19,01:00:00,0,6.716,9.472
23-Feb-19,02:00:00,0,6.525,9.684
23-Feb-19,03:00:00,0,6.442,9.858
23-Feb-19,04:00:00,0,6.335,10.034
23-Feb-19,05:00:00,0,6.289,10.155
23-Feb-19,06:00:00,0,6.251,10.197
23-Feb-19,07:00:00,0.004,6.215,10.204
23-Feb-19,08:00:00,0.018,6.604,10.125
23-Feb-19,09:00:00,0.047,7.247,10.038
23-Feb-19,10:00:00,0.087,8.111,9.831
23-Feb-19,11:00:00,0.133,9.087,9.937
23-Feb-19,12:00:00,0.198,10.008,10.182
23-Feb-19,13:00:00,0.125,10.427,10.068
23-Feb-19,14:00:00,0.025,10.277,9.633
23-Feb-19,15:00:00,0.002,9.875,9.383
23-Feb-19,16:00:00,0.001,9.556,9.237
23-Feb-19,17:00:00,0,9.169,8.596
23-Feb-19,18:00:00,0,8.72,8.007
23-Feb-19,19:00:00,0,7.921,7.27
23-Feb-19,20:00:00,0,7.194,6.527
23-Feb-19,21:00:00,0,6.853,5.824
23-Feb-19,22:00:00,0,6.686,5.179
23-Feb-19,23:00:00,0,6.614,4.244
24-Feb-19,00:00:00,0,6.638,3.112
24-Feb-19,01:00:00,0,6.451,2.497
24-Feb-19,02:00:00,0,6.14,2.626
24-Feb-19,03:00:00,0,5.857,2.988
24-Feb-19,04:00:00,0,5.584,3.865
24-Feb-19,05:00:00,0,5.363,4.746
24-Feb-19,06:00:00,0,5.291,5.556
24-Feb-19,07:00:00,0.003,5.315,6.034
24-Feb-19,08:00:00,0.012,5.795,6.174
24-Feb-19,09:00:00,0.032,6.501,6.125
24-Feb-19,10:00:00,0.085,7.567,6.277
24-Feb-19,11:00:00,0.199,8.872,6.604
24-Feb-19,12:00:00,0.435,10.295,6.978
24-Feb-19,13:00:00,0.473,11.325,7.133
24-Feb-19,14:00:00,0.368,11.82,7.166
24-Feb-19,15:00:00,0.185,11.668,6.861
24-Feb-19,16:00:00,0.033,10.343,6.807
24-Feb-19,17:00:00,0.001,8.756,7.093
24-Feb-19,18:00:00,0,8.331,7.437
24-Feb-19,19:00:00,0,8.079,7.79
24-Feb-19,20:00:00,0,7.898,7.914
24-Feb-19,21:00:00,0,7.64,7.779
24-Feb-19,22:00:00,0,7.158,7.518
24-Feb-19,23:00:00,0,6.748,7.224
25-Feb-19,00:00:00,0,6.513,6.94
25-Feb-19,01:00:00,0,6.217,6.683
25-Feb-19,02:00:00,0,5.811,6.417
25-Feb-19,03:00:00,0,5.47,6.148
25-Feb-19,04:00:00,0,5.164,5.877
25-Feb-19,05:00:00,0,4.789,5.612
25-Feb-19,06:00:00,0,4.34,5.497
25-Feb-19,07:00:00,0.036,4.267,5.621
25-Feb-19,08:00:00,0.203,6.068,5.746
25-Feb-19,09:00:00,0.447,7.507,5.397
25-Feb-19,10:00:00,0.628,8.764,5.141
25-Feb-19,11:00:00,0.726,10.133,5.405
25-Feb-19,12:00:00,0.722,10.936,5.621
25-Feb-19,13:00:00,0.633,11.217,5.602
25-Feb-19,14:00:00,0.463,11.044,5.481
25-Feb-19,15:00:00,0.234,10.408,5.531
25-Feb-19,16:00:00,0.053,8.765,6.145
25-Feb-19,17:00:00,0.001,7.356,6.892
25-Feb-19,18:00:00,0,6.958,7.484
25-Feb-19,19:00:00,0,6.611,7.873
25-Feb-19,20:00:00,0,6.213,8.064
25-Feb-19,21:00:00,0,5.807,8.063
25-Feb-19,22:00:00,0,5.417,7.869
25-Feb-19,23:00:00,0,5.012,7.538
26-Feb-19,00:00:00,0,4.632,7.135
26-Feb-19,01:00:00,0,4.313,6.715
26-Feb-19,02:00:00,0,4.069,6.316
26-Feb-19,03:00:00,0,3.898,6.019
26-Feb-19,04:00:00,0,3.779,5.719
26-Feb-19,05:00:00,0,3.714,5.366
26-Feb-19,06:00:00,0,3.708,5.045
26-Feb-19,07:00:00,0.063,4.05,4.852
26-Feb-19,08:00:00,0.27,5.985,4.784
26-Feb-19,09:00:00,0.491,7.984,4.545
26-Feb-19,10:00:00,0.663,9.154,4.245
26-Feb-19,11:00:00,0.758,10.575,4.178
26-Feb-19,12:00:00,0.771,11.592,4.147
26-Feb-19,13:00:00,0.712,12.324,4.251
26-Feb-19,14:00:00,0.577,12.662,4.421
26-Feb-19,15:00:00,0.368,12.307,4.513
26-Feb-19,16:00:00,0.135,10.698,4.93
26-Feb-19,17:00:00,0.004,8.845,5.647
26-Feb-19,18:00:00,0,7.902,6.354
26-Feb-19,19:00:00,0,7.297,6.881
26-Feb-19,20:00:00,0,6.795,7.161
26-Feb-19,21:00:00,0,6.299,7.308
26-Feb-19,22:00:00,0,5.827,7.347
26-Feb-19,23:00:00,0,5.38,7.269
27-Feb-19,00:00:00,0,4.969,7.122
27-Feb-19,01:00:00,0,4.596,6.964
27-Feb-19,02:00:00,0,4.24,6.761
27-Feb-19,03:00:00,0,3.952,6.516
27-Feb-19,04:00:00,0,3.744,6.254
27-Feb-19,05:00:00,0,3.629,5.985
27-Feb-19,06:00:00,0,3.524,5.711
27-Feb-19,07:00:00,0.051,3.926,5.496
27-Feb-19,08:00:00,0.235,6.194,5.314
27-Feb-19,09:00:00,0.434,7.95,4.872
27-Feb-19,10:00:00,0.599,9.108,4.985
27-Feb-19,11:00:00,0.699,10.061,5.415
27-Feb-19,12:00:00,0.7,10.498,5.663
27-Feb-19,13:00:00,0.635,10.596,5.663
27-Feb-19,14:00:00,0.494,10.405,5.417
27-Feb-19,15:00:00,0.29,9.81,5.024
27-Feb-19,16:00:00,0.087,8.285,4.79
27-Feb-19,17:00:00,0.003,6.208,4.607
27-Feb-19,18:00:00,0,5.569,4.238
27-Feb-19,19:00:00,0,5.404,3.831
27-Feb-19,20:00:00,0,5.47,3.358
27-Feb-19,21:00:00,0,5.603,2.932
27-Feb-19,22:00:00,0,5.546,2.607
27-Feb-19,23:00:00,0,5.337,2.736
28-Feb-19,00:00:00,0,5.061,3.57
28-Feb-19,01:00:00,0,4.844,4.269
28-Feb-19,02:00:00,0,4.704,4.733
28-Feb-19,03:00:00,0,4.562,5.071
28-Feb-19,04:00:00,0,4.492,5.252
28-Feb-19,05:00:00,0,4.426,5.257
28-Feb-19,06:00:00,0,4.364,5.123
28-Feb-19,07:00:00,0,4.394,4.877
28-Feb-19,08:00:00,0.001,4.692,4.514
28-Feb-19,09:00:00,0.001,5.018,4.139
28-Feb-19,10:00:00,0.002,5.339,3.847
28-Feb-19,11:00:00,0.003,5.719,3.498
28-Feb-19,12:00:00,0.002,5.991,3.185
28-Feb-19,13:00:00,0.002,6.081,2.879
28-Feb-19,14:00:00,0.001,6.029,2.592
28-Feb-19,15:00:00,0.001,5.921,2.454
28-Feb-19,16:00:00,0,5.701,2.455
28-Feb-19,17:00:00,0,5.449,2.506
28-Feb-19,18:00:00,0,5.356,2.55
28-Feb-19,19:00:00,0,5.343,2.693
28-Feb-19,20:00:00,0,5.312,2.948
28-Feb-19,21:00:00,0,5.242,3.132
28-Feb-19,22:00:00,0,5.175,3.084
28-Feb-19,23:00:00,0,5.212,2.7
01-Mar-19,00:00:00,0,5.329,2.239
01-Mar-19,01:00:00,0,5.314,2.437
01-Mar-19,02:00:00,0,5.133,2.935
01-Mar-19,03:00:00,0,4.984,3.306
01-Mar-19,04:00:00,0,4.907,3.426
01-Mar-19,05:00:00,0,4.982,3.065
01-Mar-19,06:00:00,0,5.03,2.479
01-Mar-19,07:00:00,0.009,4.921,2.865
01-Mar-19,08:00:00,0.026,5.61,3.638
01-Mar-19,09:00:00,0.034,6.338,4.059
01-Mar-19,10:00:00,0.049,7.063,4.108
01-Mar-19,11:00:00,0.086,7.77,4.075
01-Mar-19,12:00:00,0.112,8.363,4.277
01-Mar-19,13:00:00,0.079,8.648,4.798
01-Mar-19,14:00:00,0.057,8.744,5.3
01-Mar-19,15:00:00,0.032,8.667,5.688
01-Mar-19,16:00:00,0.007,8.25,6.311
01-Mar-19,17:00:00,0.001,7.579,7.057
01-Mar-19,18:00:00,0,7.239,7.261
01-Mar-19,19:00:00,0,7.178,7.328
01-Mar-19,20:00:00,0,7.125,7.366
01-Mar-19,21:00:00,0,6.973,7.257
01-Mar-19,22:00:00,0,6.7,7.043
01-Mar-19,23:00:00,0,6.304,6.872
02-Mar-19,00:00:00,0,6.119,6.878
02-Mar-19,01:00:00,0,6.014,6.806
02-Mar-19,02:00:00,0,5.95,6.567
02-Mar-19,03:00:00,0,5.984,6.734
02-Mar-19,04:00:00,0,6.184,7.085
02-Mar-19,05:00:00,0,6.355,7.031
02-Mar-19,06:00:00,0,6.433,6.472
02-Mar-19,07:00:00,0.002,6.529,6.137
02-Mar-19,08:00:00,0.006,7.108,6.555
02-Mar-19,09:00:00,0.003,7.654,7.037
02-Mar-19,10:00:00,0.006,8.107,8.121
02-Mar-19,11:00:00,0.013,8.149,9.991
02-Mar-19,12:00:00,0.018,7.92,11.013
02-Mar-19,13:00:00,0.009,7.851,12.153
02-Mar-19,14:00:00,0.002,7.957,13.866
02-Mar-19,15:00:00,0.001,8.379,15.115
02-Mar-19,16:00:00,0,8.787,15.541
02-Mar-19,17:00:00,0,8.997,15.133
02-Mar-19,18:00:00,0,8.701,13.886
02-Mar-19,19:00:00,0,7.535,13.594
02-Mar-19,20:00:00,0,6.279,13.311
02-Mar-19,21:00:00,0,5.853,13.682
02-Mar-19,22:00:00,0,5.675,14.05
02-Mar-19,23:00:00,0,5.552,14.468
03-Mar-19,00:00:00,0,5.451,14.534
03-Mar-19,01:00:00,0,5.358,14.298
03-Mar-19,02:00:00,0,5.251,13.991
03-Mar-19,03:00:00,0,5.209,13.599
03-Mar-19,04:00:00,0,5.247,13.226
03-Mar-19,05:00:00,0,5.272,12.813
03-Mar-19,06:00:00,0,5.29,12.225
03-Mar-19,07:00:00,0.039,5.478,11.854
03-Mar-19,08:00:00,0.151,6.201,11.444
03-Mar-19,09:00:00,0.196,6.706,10.792
03-Mar-19,10:00:00,0.48,7.118,10.281
03-Mar-19,11:00:00,0.525,7.373,9.265
03-Mar-19,12:00:00,0.454,7.465,7.861
03-Mar-19,13:00:00,0.133,7.132,6.297
03-Mar-19,14:00:00,0.012,6.155,4.768
03-Mar-19,15:00:00,0.003,5.143,4.324
03-Mar-19,16:00:00,0.001,4.312,5.181
03-Mar-19,17:00:00,0,3.656,6.571
03-Mar-19,18:00:00,0,3.278,7.646
03-Mar-19,19:00:00,0,2.854,7.51
03-Mar-19,20:00:00,0,2.626,7.025
03-Mar-19,21:00:00,0,2.206,8.266
03-Mar-19,22:00:00,0,1.948,9.492
03-Mar-19,23:00:00,0,2.316,9.576
04-Mar-19,00:00:00,0,3.116,10.283
04-Mar-19,01:00:00,0,3.613,11.219
04-Mar-19,02:00:00,0,3.833,11.91
04-Mar-19,03:00:00,0,4.043,12.231
04-Mar-19,04:00:00,0,4.24,11.625
04-Mar-19,05:00:00,0,4.253,10.838
04-Mar-19,06:00:00,0.001,4.109,10.352
04-Mar-19,07:00:00,0.008,4.074,10.054
04-Mar-19,08:00:00,0.058,4.397,9.737
04-Mar-19,09:00:00,0.199,4.932,9.821
04-Mar-19,10:00:00,0.447,5.534,9.73
04-Mar-19,11:00:00,0.608,6.011,9.301
04-Mar-19,12:00:00,0.655,6.265,8.568
04-Mar-19,13:00:00,0.571,6.233,7.996
04-Mar-19,14:00:00,0.32,5.895,7.615
04-Mar-19,15:00:00,0.084,5.213,7.23
04-Mar-19,16:00:00,0.01,4.365,6.848
04-Mar-19,17:00:00,0.001,3.465,6.948
04-Mar-19,18:00:00,0,3.125,7.26
04-Mar-19,19:00:00,0,3.034,7.315
04-Mar-19,20:00:00,0,3.162,7.302
04-Mar-19,21:00:00,0,3.444,7.457
04-Mar-19,22:00:00,0,3.663,7.929
04-Mar-19,23:00:00,0,3.697,8.484
05-Mar-19,00:00:00,0,3.678,8.82
05-Mar-19,01:00:00,0,3.652,8.769
05-Mar-19,02:00:00,0,3.775,8.748
05-Mar-19,03:00:00,0,3.933,8.585
05-Mar-19,04:00:00,0,3.886,8.496
05-Mar-19,05:00:00,0,3.813,8.448
05-Mar-19,06:00:00,0,3.694,8.292
05-Mar-19,07:00:00,0.003,3.876,8.343
05-Mar-19,08:00:00,0.003,4.308,8.679
05-Mar-19,09:00:00,0.006,5.028,9.263
05-Mar-19,10:00:00,0.037,6.025,9.858
05-Mar-19,11:00:00,0.101,6.796,10.808
05-Mar-19,12:00:00,0.132,7.236,11.475
05-Mar-19,13:00:00,0.108,7.444,11.686
05-Mar-19,14:00:00,0.1,7.524,11.433
05-Mar-19,15:00:00,0.053,7.378,10.742
05-Mar-19,16:00:00,0.027,7.028,10.188
05-Mar-19,17:00:00,0.002,6.496,9.384
05-Mar-19,18:00:00,0,6.168,8.668
05-Mar-19,19:00:00,0,5.902,7.65
05-Mar-19,20:00:00,0,5.473,7.003
05-Mar-19,21:00:00,0,5.254,6.803
05-Mar-19,22:00:00,0,4.939,6.772
05-Mar-19,23:00:00,0,4.777,7.088
06-Mar-19,00:00:00,0,4.675,7.797
06-Mar-19,01:00:00,0,4.322,8.594
06-Mar-19,02:00:00,0,3.738,9.296
06-Mar-19,03:00:00,0,3.177,9.685
06-Mar-19,04:00:00,0,3.021,9.836
06-Mar-19,05:00:00,0,3.265,9.852
06-Mar-19,06:00:00,0,3.713,9.588
06-Mar-19,07:00:00,0,4.601,9.252
06-Mar-19,08:00:00,0.002,5.952,8.99
06-Mar-19,09:00:00,0.015,7.172,8.604
06-Mar-19,10:00:00,0.087,8.371,8.385
06-Mar-19,11:00:00,0.24,9.536,8.82
06-Mar-19,12:00:00,0.315,10.159,8.944
06-Mar-19,13:00:00,0.298,10.379,8.625
06-Mar-19,14:00:00,0.084,10.127,7.93
06-Mar-19,15:00:00,0.007,9.418,7.304
06-Mar-19,16:00:00,0.002,8.699,7.03
06-Mar-19,17:00:00,0,8.013,6.778
06-Mar-19,18:00:00,0,7.283,6.652
06-Mar-19,19:00:00,0,6.823,6.835
06-Mar-19,20:00:00,0,6.376,7.14
06-Mar-19,21:00:00,0,5.737,7.31
06-Mar-19,22:00:00,0,5.169,7.283
06-Mar-19,23:00:00,0,4.694,7.448
07-Mar-19,00:00:00,0,4.458,7.8
07-Mar-19,01:00:00,0,4.403,8.314
07-Mar-19,02:00:00,0,4.465,8.772
07-Mar-19,03:00:00,0,4.635,8.839
07-Mar-19,04:00:00,0,4.779,8.496
07-Mar-19,05:00:00,0,4.811,7.682
07-Mar-19,06:00:00,0,4.962,6.754
07-Mar-19,07:00:00,0,5.386,6.352
07-Mar-19,08:00:00,0.003,5.937,6.467
07-Mar-19,09:00:00,0.024,6.41,7.487
07-Mar-19,10:00:00,0.03,6.518,8.846
07-Mar-19,11:00:00,0.024,6.403,10.144
07-Mar-19,12:00:00,0.021,6.351,11.146
07-Mar-19,13:00:00,0.016,6.421,11.444
07-Mar-19,14:00:00,0.027,6.741,11.583
07-Mar-19,15:00:00,0.066,6.95,11.674
07-Mar-19,16:00:00,0.039,6.597,11.332
07-Mar-19,17:00:00,0.005,5.83,10.725
07-Mar-19,18:00:00,0,5.116,10.163
07-Mar-19,19:00:00,0,4.51,9.5
07-Mar-19,20:00:00,0,3.766,8.849
07-Mar-19,21:00:00,0,2.938,8.231
07-Mar-19,22:00:00,0,2.16,7.712
07-Mar-19,23:00:00,0,1.427,7.116
08-Mar-19,00:00:00,0,0.829,6.38
08-Mar-19,01:00:00,0,0.496,5.723
08-Mar-19,02:00:00,0,0.588,4.735
08-Mar-19,03:00:00,0,0.829,3.996
08-Mar-19,04:00:00,0,0.512,4.481
08-Mar-19,05:00:00,0,0.391,5.115
08-Mar-19,06:00:00,0,0.832,5.683
08-Mar-19,07:00:00,0.016,2.422,6.302
08-Mar-19,08:00:00,0.05,4.371,6.641
08-Mar-19,09:00:00,0.111,5.475,7.683
08-Mar-19,10:00:00,0.018,5.645,8.719
08-Mar-19,11:00:00,0.009,5.578,9.31
08-Mar-19,12:00:00,0.009,5.549,10.02
08-Mar-19,13:00:00,0.009,5.661,10.687
08-Mar-19,14:00:00,0.004,5.516,10.781
08-Mar-19,15:00:00,0.002,5.299,10.727
08-Mar-19,16:00:00,0.001,5.198,11.011
08-Mar-19,17:00:00,0,5.491,11.367
08-Mar-19,18:00:00,0,6.454,11.47
08-Mar-19,19:00:00,0,6.956,12.965
08-Mar-19,20:00:00,0,6.118,13.662
08-Mar-19,21:00:00,0,5.31,13.118
08-Mar-19,22:00:00,0,4.954,13.107
08-Mar-19,23:00:00,0,4.662,13.001
09-Mar-19,00:00:00,0,4.395,12.702
09-Mar-19,01:00:00,0,4.228,12.516
09-Mar-19,02:00:00,0,4.209,12.483
09-Mar-19,03:00:00,0,4.167,12.104
09-Mar-19,04:00:00,0,4.07,11.323
09-Mar-19,05:00:00,0,3.962,10.201
09-Mar-19,06:00:00,0,3.737,9.084
09-Mar-19,07:00:00,0.003,3.601,7.707
09-Mar-19,08:00:00,0.004,3.818,7.061
09-Mar-19,09:00:00,0.009,4.099,7.399
09-Mar-19,10:00:00,0.025,4.391,8.18
09-Mar-19,11:00:00,0.047,4.721,9.074
09-Mar-19,12:00:00,0.037,4.985,10.208
09-Mar-19,13:00:00,0.044,5.216,11.348
09-Mar-19,14:00:00,0.051,5.358,11.891
09-Mar-19,15:00:00,0.087,5.383,11.284
09-Mar-19,16:00:00,0.075,5.11,10.322
09-Mar-19,17:00:00,0.01,4.405,10.127
09-Mar-19,18:00:00,0,3.878,9.533
09-Mar-19,19:00:00,0,3.417,7.827
09-Mar-19,20:00:00,0,3.175,7.068
09-Mar-19,21:00:00,0,3.273,6.933
09-Mar-19,22:00:00,0,3.34,6.829
09-Mar-19,23:00:00,0,3.164,6.359
10-Mar-19,00:00:00,0,2.91,5.4
10-Mar-19,01:00:00,0,2.948,4.072
10-Mar-19,02:00:00,0,3.097,3.12
10-Mar-19,03:00:00,0,2.94,3.165
10-Mar-19,04:00:00,0,2.511,3.751
10-Mar-19,05:00:00,0,2.077,4.376
10-Mar-19,06:00:00,0,1.854,5.193
10-Mar-19,07:00:00,0.001,2.333,6.137
10-Mar-19,08:00:00,0.003,2.497,7.456
10-Mar-19,09:00:00,0.004,2.067,8.615
10-Mar-19,10:00:00,0.005,2.453,10.419
10-Mar-19,11:00:00,0.013,3.292,12.336
10-Mar-19,12:00:00,0.039,3.768,13.702
10-Mar-19,13:00:00,0.047,3.789,14.443
10-Mar-19,14:00:00,0.028,3.436,14.499
10-Mar-19,15:00:00,0.012,3.01,14.387
10-Mar-19,16:00:00,0.006,2.816,14.086
10-Mar-19,17:00:00,0.001,2.532,13.674
10-Mar-19,18:00:00,0,2.163,13.046
10-Mar-19,19:00:00,0,1.88,12.503
10-Mar-19,20:00:00,0,1.651,12.274
10-Mar-19,21:00:00,0,1.429,12.026
10-Mar-19,22:00:00,0,1.414,11.801
10-Mar-19,23:00:00,0,1.518,11.414
11-Mar-19,00:00:00,0,1.763,11.313
11-Mar-19,01:00:00,0,1.978,11.284
11-Mar-19,02:00:00,0,2.161,11.173
11-Mar-19,03:00:00,0,2.42,11.095
11-Mar-19,04:00:00,0,2.673,11.11
11-Mar-19,05:00:00,0,2.82,11.055
11-Mar-19,06:00:00,0,2.873,10.802
11-Mar-19,07:00:00,0.015,3.115,10.149
11-Mar-19,08:00:00,0.125,3.75,9.348
11-Mar-19,09:00:00,0.34,4.57,9.53
11-Mar-19,10:00:00,0.517,5.291,9.419
11-Mar-19,11:00:00,0.542,5.804,8.895
11-Mar-19,12:00:00,0.397,6.045,8.404
11-Mar-19,13:00:00,0.211,6.02,8.106
11-Mar-19,14:00:00,0.126,5.865,8.139
11-Mar-19,15:00:00,0.022,5.564,8.179
11-Mar-19,16:00:00,0.004,5.316,8.427
11-Mar-19,17:00:00,0,5.147,9.386
11-Mar-19,18:00:00,0,5.247,10.865
11-Mar-19,19:00:00,0,5.523,12.35
11-Mar-19,20:00:00,0,5.564,13.305
11-Mar-19,21:00:00,0,5.297,14.274
11-Mar-19,22:00:00,0,4.944,15.476
11-Mar-19,23:00:00,0,4.917,16.28
12-Mar-19,00:00:00,0,5.569,16.427
12-Mar-19,01:00:00,0,6.618,16.216
12-Mar-19,02:00:00,0,7.426,14.64
12-Mar-19,03:00:00,0,7.067,12.888
12-Mar-19,04:00:00,0,5.412,11.223
12-Mar-19,05:00:00,0,4.16,9.711
12-Mar-19,06:00:00,0,3.729,9.403
12-Mar-19,07:00:00,0,3.676,9.46
12-Mar-19,08:00:00,0.001,3.764,9.511
12-Mar-19,09:00:00,0.001,4.055,9.605
12-Mar-19,10:00:00,0.004,4.536,9.698
12-Mar-19,11:00:00,0.016,5.149,10.121
12-Mar-19,12:00:00,0.061,5.698,10.603
12-Mar-19,13:00:00,0.155,6.085,11.234
12-Mar-19,14:00:00,0.16,6.105,12.36
12-Mar-19,15:00:00,0.105,5.731,13.675
12-Mar-19,16:00:00,0.027,5.13,14.654
12-Mar-19,17:00:00,0.001,4.414,15.613
12-Mar-19,18:00:00,0,4.228,16.749
12-Mar-19,19:00:00,0,4.698,17.53
12-Mar-19,20:00:00,0,5.286,17.754
12-Mar-19,21:00:00,0,5.586,18.276
12-Mar-19,22:00:00,0,5.783,18.953
12-Mar-19,23:00:00,0,6.052,19.291
13-Mar-19,00:00:00,0,6.24,19.143
13-Mar-19,01:00:00,0,6.323,18.909
13-Mar-19,02:00:00,0,6.307,18.613
13-Mar-19,03:00:00,0,6.177,17.963
13-Mar-19,04:00:00,0,6.093,17.224
13-Mar-19,05:00:00,0,6.004,16.593
13-Mar-19,06:00:00,0,5.868,16.119
13-Mar-19,07:00:00,0.006,5.984,15.757
13-Mar-19,08:00:00,0.02,6.28,15.61
13-Mar-19,09:00:00,0.022,6.534,15.419
13-Mar-19,10:00:00,0.042,6.861,15.042
13-Mar-19,11:00:00,0.081,7.301,14.868
13-Mar-19,12:00:00,0.169,7.679,14.775
13-Mar-19,13:00:00,0.125,7.618,14.301
13-Mar-19,14:00:00,0.1,7.341,13.562
13-Mar-19,15:00:00,0.013,6.793,12.438
13-Mar-19,16:00:00,0.002,6.188,11.601
13-Mar-19,17:00:00,0,5.68,11.036
13-Mar-19,18:00:00,0,5.361,10.308
13-Mar-19,19:00:00,0,5.312,9.958
13-Mar-19,20:00:00,0,5.367,10.442
13-Mar-19,21:00:00,0,5.393,11.121
13-Mar-19,22:00:00,0,5.407,12.093
13-Mar-19,23:00:00,0,5.378,12.788
14-Mar-19,00:00:00,0,5.418,13.04
14-Mar-19,01:00:00,0,5.626,13.116
14-Mar-19,02:00:00,0,5.859,13.386
14-Mar-19,03:00:00,0,6.12,13.519
14-Mar-19,04:00:00,0,6.551,13.683
14-Mar-19,05:00:00,0,7.033,13.98
14-Mar-19,06:00:00,0,7.342,14.215
14-Mar-19,07:00:00,0.006,7.192,14.382
14-Mar-19,08:00:00,0.053,6.894,13.996
14-Mar-19,09:00:00,0.261,7.113,13.58
14-Mar-19,10:00:00,0.431,7.51,13.549
14-Mar-19,11:00:00,0.569,7.902,13.467
14-Mar-19,12:00:00,0.546,8.113,13.626
14-Mar-19,13:00:00,0.476,8.101,13.395
14-Mar-19,14:00:00,0.395,7.959,12.917
14-Mar-19,15:00:00,0.199,7.586,12.031
14-Mar-19,16:00:00,0.031,7.035,10.976
14-Mar-19,17:00:00,0.002,6.494,10.292
14-Mar-19,18:00:00,0,6.224,9.742
14-Mar-19,19:00:00,0,6.133,9.494
14-Mar-19,20:00:00,0,6.002,9.438
14-Mar-19,21:00:00,0,5.655,9.195
14-Mar-19,22:00:00,0,5.293,8.629
14-Mar-19,23:00:00,0,5.057,8.033
15-Mar-19,00:00:00,0,5.012,7.652
15-Mar-19,01:00:00,0,5.569,8.494
15-Mar-19,02:00:00,0,6.689,10.003
15-Mar-19,03:00:00,0,7.349,10.844
15-Mar-19,04:00:00,0,7.36,12.057
15-Mar-19,05:00:00,0,6.973,13.292
15-Mar-19,06:00:00,0,6.62,13.945
15-Mar-19,07:00:00,0.017,6.362,13.844
15-Mar-19,08:00:00,0.075,6.4,13.686
15-Mar-19,09:00:00,0.188,6.504,13.968
15-Mar-19,10:00:00,0.288,6.563,14.363
15-Mar-19,11:00:00,0.343,6.573,14.409
15-Mar-19,12:00:00,0.316,6.592,14.182
15-Mar-19,13:00:00,0.234,6.601,13.749
15-Mar-19,14:00:00,0.143,6.512,13.094
15-Mar-19,15:00:00,0.077,6.281,12.266
15-Mar-19,16:00:00,0.026,5.847,11.516
15-Mar-19,17:00:00,0.002,5.315,10.749
15-Mar-19,18:00:00,0,4.953,10.191
15-Mar-19,19:00:00,0,4.634,9.393
15-Mar-19,20:00:00,0,4.64,8.869
15-Mar-19,21:00:00,0,4.603,8.29
15-Mar-19,22:00:00,0,4.511,7.99
15-Mar-19,23:00:00,0,4.326,7.513
16-Mar-19,00:00:00,0,4.022,6.852
16-Mar-19,01:00:00,0,3.777,5.98
16-Mar-19,02:00:00,0,3.668,5.346
16-Mar-19,03:00:00,0,3.335,5.607
16-Mar-19,04:00:00,0,2.921,6.224
16-Mar-19,05:00:00,0,3.04,6.897
16-Mar-19,06:00:00,0,3.927,7.608
16-Mar-19,07:00:00,0,5.317,9.15
16-Mar-19,08:00:00,0,6.634,10.73
16-Mar-19,09:00:00,0.001,7.577,12.641
16-Mar-19,10:00:00,0.001,8.259,13.977
16-Mar-19,11:00:00,0.002,8.755,15.118
16-Mar-19,12:00:00,0.002,8.874,14.638
16-Mar-19,13:00:00,0.002,8.908,14.045
16-Mar-19,14:00:00,0.002,8.625,12.839
16-Mar-19,15:00:00,0.001,7.575,11.541
16-Mar-19,16:00:00,0.001,5.984,10.555
16-Mar-19,17:00:00,0,4.795,9.951
16-Mar-19,18:00:00,0,4.03,9.565
16-Mar-19,19:00:00,0,3.49,9.334
16-Mar-19,20:00:00,0,3.106,9.285
16-Mar-19,21:00:00,0,2.787,9.209
16-Mar-19,22:00:00,0,2.507,9.029
16-Mar-19,23:00:00,0,2.324,8.821
17-Mar-19,00:00:00,0,2.282,8.935
17-Mar-19,01:00:00,0,2.31,9.149
17-Mar-19,02:00:00,0,2.343,9.309
17-Mar-19,03:00:00,0,2.348,9.257
17-Mar-19,04:00:00,0,2.363,9.298
17-Mar-19,05:00:00,0,2.322,9.567
17-Mar-19,06:00:00,0.002,2.232,9.858
17-Mar-19,07:00:00,0.047,2.582,9.954
17-Mar-19,08:00:00,0.132,3.119,10.226
17-Mar-19,09:00:00,0.14,3.563,10.52
17-Mar-19,10:00:00,0.09,3.825,10.605
17-Mar-19,11:00:00,0.043,4.158,10.384
17-Mar-19,12:00:00,0.066,4.951,9.862
17-Mar-19,13:00:00,0.101,5.841,9.543
17-Mar-19,14:00:00,0.143,6.537,9.643
17-Mar-19,15:00:00,0.09,6.81,9.446
17-Mar-19,16:00:00,0.077,6.756,9.295
17-Mar-19,17:00:00,0.023,6.047,9.476
17-Mar-19,18:00:00,0,4.942,9.215
17-Mar-19,19:00:00,0,4.059,8.64
17-Mar-19,20:00:00,0,3.31,8.158
17-Mar-19,21:00:00,0,2.738,7.974
17-Mar-19,22:00:00,0,2.397,8.012
17-Mar-19,23:00:00,0,2.233,8.072
18-Mar-19,00:00:00,0,1.896,7.65
18-Mar-19,01:00:00,0,1.608,7.091
18-Mar-19,02:00:00,0,1.954,6.752
18-Mar-19,03:00:00,0,2.513,6.574
18-Mar-19,04:00:00,0,2.762,6.482
18-Mar-19,05:00:00,0,2.909,6.478
18-Mar-19,06:00:00,0,3.196,6.493
18-Mar-19,07:00:00,0.002,3.997,6.244
18-Mar-19,08:00:00,0.005,4.754,5.836
18-Mar-19,09:00:00,0.009,5.17,5.794
18-Mar-19,10:00:00,0.014,5.507,5.747
18-Mar-19,11:00:00,0.02,5.844,5.713
18-Mar-19,12:00:00,0.024,6.129,5.731
18-Mar-19,13:00:00,0.03,6.392,5.752
18-Mar-19,14:00:00,0.014,6.419,5.484
18-Mar-19,15:00:00,0.005,6.35,5.074
18-Mar-19,16:00:00,0.002,6.266,4.6
18-Mar-19,17:00:00,0.001,5.963,4.361
18-Mar-19,18:00:00,0,5.549,4.265
18-Mar-19,19:00:00,0,5.557,4.165
18-Mar-19,20:00:00,0,5.601,4.06
18-Mar-19,21:00:00,0,5.501,4.049
18-Mar-19,22:00:00,0,5.348,4.221
18-Mar-19,23:00:00,0,5.19,4.52
19-Mar-19,00:00:00,0,5.105,4.701
19-Mar-19,01:00:00,0,5.056,4.648
19-Mar-19,02:00:00,0,4.976,4.388
19-Mar-19,03:00:00,0,4.941,4.463
19-Mar-19,04:00:00,0,4.888,4.996
19-Mar-19,05:00:00,0,4.934,5.57
19-Mar-19,06:00:00,0,5.251,6.033
19-Mar-19,07:00:00,0.004,6.225,6.155
19-Mar-19,08:00:00,0.011,6.943,6.215
19-Mar-19,09:00:00,0.019,7.45,6.959
19-Mar-19,10:00:00,0.023,7.691,7.53
19-Mar-19,11:00:00,0.011,7.661,8.072
19-Mar-19,12:00:00,0.005,7.529,8.42
19-Mar-19,13:00:00,0.002,7.362,8.415
19-Mar-19,14:00:00,0.002,7.303,8.182
19-Mar-19,15:00:00,0.001,7.301,7.892
19-Mar-19,16:00:00,0.001,7.321,7.706
19-Mar-19,17:00:00,0,7.304,7.544
19-Mar-19,18:00:00,0,7.391,7.609
19-Mar-19,19:00:00,0,7.64,7.623
19-Mar-19,20:00:00,0,7.908,7.584
19-Mar-19,21:00:00,0,8.176,7.471
19-Mar-19,22:00:00,0,8.268,7.258
19-Mar-19,23:00:00,0,8.277,7.248
20-Mar-19,00:00:00,0,8.272,7.242
20-Mar-19,01:00:00,0,8.211,7.164
20-Mar-19,02:00:00,0,8.153,7.075
20-Mar-19,03:00:00,0,8.073,6.962
20-Mar-19,04:00:00,0,8.027,7.044
20-Mar-19,05:00:00,0,7.868,6.832
20-Mar-19,06:00:00,0,7.79,6.982
20-Mar-19,07:00:00,0.002,7.948,6.849
20-Mar-19,08:00:00,0.006,8.181,6.762
20-Mar-19,09:00:00,0.009,8.481,6.683
20-Mar-19,10:00:00,0.018,8.933,6.973
20-Mar-19,11:00:00,0.036,9.552,7.373
20-Mar-19,12:00:00,0.046,10.025,7.722
20-Mar-19,13:00:00,0.047,10.308,8.08
20-Mar-19,14:00:00,0.031,10.333,8.376
20-Mar-19,15:00:00,0.022,10.184,8.469
20-Mar-19,16:00:00,0.009,9.872,8.624
20-Mar-19,17:00:00,0.001,9.402,8.816
20-Mar-19,18:00:00,0,8.997,8.925
20-Mar-19,19:00:00,0,8.738,9.066
20-Mar-19,20:00:00,0,8.576,9.281
20-Mar-19,21:00:00,0,8.523,9.305
20-Mar-19,22:00:00,0,8.592,9.319
20-Mar-19,23:00:00,0,8.669,9.13
21-Mar-19,00:00:00,0,8.564,8.931
21-Mar-19,01:00:00,0,8.224,8.569
21-Mar-19,02:00:00,0,7.929,8.33
21-Mar-19,03:00:00,0,7.805,8.131
21-Mar-19,04:00:00,0,8.018,8.365
21-Mar-19,05:00:00,0,8.153,7.999
21-Mar-19,06:00:00,0,8.254,7.929
21-Mar-19,07:00:00,0.003,8.534,7.564
21-Mar-19,08:00:00,0.007,8.895,7.148
21-Mar-19,09:00:00,0.013,9.346,7.066
21-Mar-19,10:00:00,0.026,9.877,7.233
21-Mar-19,11:00:00,0.028,10.205,7.167
21-Mar-19,12:00:00,0.025,10.365,7.063
21-Mar-19,13:00:00,0.019,10.388,6.797
21-Mar-19,14:00:00,0.013,10.281,6.34
21-Mar-19,15:00:00,0.006,10.058,5.886
21-Mar-19,16:00:00,0.003,9.748,5.713
21-Mar-19,17:00:00,0.001,9.343,5.863
21-Mar-19,18:00:00,0,8.832,6.347
21-Mar-19,19:00:00,0,8.623,6.592
21-Mar-19,20:00:00,0,8.539,6.825
21-Mar-19,21:00:00,0,8.506,7.081
21-Mar-19,22:00:00,0,8.414,7.352
21-Mar-19,23:00:00,0,8.32,7.844
22-Mar-19,00:00:00,0,8.224,8.01
22-Mar-19,01:00:00,0,8.12,8.523
22-Mar-19,02:00:00,0,7.912,8.638
22-Mar-19,03:00:00,0,7.675,8.614
22-Mar-19,04:00:00,0,7.697,8.964
22-Mar-19,05:00:00,0,7.822,9.214
22-Mar-19,06:00:00,0,7.97,9.683
22-Mar-19,07:00:00,0.003,8.265,10.251
22-Mar-19,08:00:00,0.008,8.605,10.767
22-Mar-19,09:00:00,0.017,8.816,11.743
22-Mar-19,10:00:00,0.032,8.847,12.336
22-Mar-19,11:00:00,0.024,8.792,12.385
22-Mar-19,12:00:00,0.008,8.643,11.946
22-Mar-19,13:00:00,0.002,8.51,11.545
22-Mar-19,14:00:00,0.001,8.502,10.95
22-Mar-19,15:00:00,0.001,8.516,10.163
22-Mar-19,16:00:00,0.001,8.473,9.485
22-Mar-19,17:00:00,0.001,8.106,9.147
22-Mar-19,18:00:00,0,7.358,8.743
22-Mar-19,19:00:00,0,6.656,8.628
22-Mar-19,20:00:00,0,6.113,8.574
22-Mar-19,21:00:00,0,5.59,8.581
22-Mar-19,22:00:00,0,5.115,8.758
22-Mar-19,23:00:00,0,4.765,8.627
23-Mar-19,00:00:00,0,4.65,8.492
23-Mar-19,01:00:00,0,4.471,8.438
23-Mar-19,02:00:00,0,4.425,8.232
23-Mar-19,03:00:00,0,4.196,7.898
23-Mar-19,04:00:00,0,3.24,7.533
23-Mar-19,05:00:00,0,2.825,7.386
23-Mar-19,06:00:00,0.002,3.119,7.129
23-Mar-19,07:00:00,0.011,4.196,6.526
23-Mar-19,08:00:00,0.054,5.12,6.371
23-Mar-19,09:00:00,0.205,6.043,6.796
23-Mar-19,10:00:00,0.436,6.846,6.546
23-Mar-19,11:00:00,0.583,7.407,6.186
23-Mar-19,12:00:00,0.638,7.784,5.879
23-Mar-19,13:00:00,0.611,7.961,5.724
23-Mar-19,14:00:00,0.461,7.96,5.753
23-Mar-19,15:00:00,0.057,7.466,5.696
23-Mar-19,16:00:00,0.008,6.837,5.417
23-Mar-19,17:00:00,0.001,6.034,5.058
23-Mar-19,18:00:00,0,5.262,5.01
23-Mar-19,19:00:00,0,4.953,5.188
23-Mar-19,20:00:00,0,4.76,5.432
23-Mar-19,21:00:00,0,4.637,5.808
23-Mar-19,22:00:00,0,4.505,6.214
23-Mar-19,23:00:00,0,4.474,6.701
24-Mar-19,00:00:00,0,4.541,7.143
24-Mar-19,01:00:00,0,4.587,7.479
24-Mar-19,02:00:00,0,4.726,7.647
24-Mar-19,03:00:00,0,4.538,7.65
24-Mar-19,04:00:00,0,4.264,7.828
24-Mar-19,05:00:00,0,4.01,8.135
24-Mar-19,06:00:00,0.007,3.956,8.392
24-Mar-19,07:00:00,0.097,4.681,8.641
24-Mar-19,08:00:00,0.304,5.437,9.746
24-Mar-19,09:00:00,0.461,6.157,10.586
24-Mar-19,10:00:00,0.55,6.769,11.155
24-Mar-19,11:00:00,0.538,7.195,11.653
24-Mar-19,12:00:00,0.418,7.523,12.191
24-Mar-19,13:00:00,0.239,7.832,12.576
24-Mar-19,14:00:00,0.094,7.948,12.45
24-Mar-19,15:00:00,0.089,7.946,12.38
24-Mar-19,16:00:00,0.034,7.563,12.103
24-Mar-19,17:00:00,0.012,6.969,11.887
24-Mar-19,18:00:00,0,6.279,11.781
24-Mar-19,19:00:00,0,5.671,11.277
24-Mar-19,20:00:00,0,5.174,10.828
24-Mar-19,21:00:00,0,4.729,10.273
24-Mar-19,22:00:00,0,4.33,9.942
24-Mar-19,23:00:00,0,4.028,9.786
25-Mar-19,00:00:00,0,3.692,9.606
25-Mar-19,01:00:00,0,3.414,9.429
25-Mar-19,02:00:00,0,3.031,8.972
25-Mar-19,03:00:00,0,2.586,8.576
25-Mar-19,04:00:00,0,2.326,8.359
25-Mar-19,05:00:00,0,2.093,8.147
25-Mar-19,06:00:00,0.016,2.383,7.865
25-Mar-19,07:00:00,0.163,4.039,7.189
25-Mar-19,08:00:00,0.356,5.418,6.92
25-Mar-19,09:00:00,0.537,6.693,6.809
25-Mar-19,10:00:00,0.722,7.665,5.732
25-Mar-19,11:00:00,0.844,8.461,4.986
25-Mar-19,12:00:00,0.856,9.006,4.827
25-Mar-19,13:00:00,0.777,9.283,5.14
25-Mar-19,14:00:00,0.64,9.3,5.541
25-Mar-19,15:00:00,0.433,9.043,5.917
25-Mar-19,16:00:00,0.174,8.512,6.158
25-Mar-19,17:00:00,0.031,7.57,6.017
25-Mar-19,18:00:00,0,6.108,6.018
25-Mar-19,19:00:00,0,5.35,5.917
25-Mar-19,20:00:00,0,4.71,5.645
25-Mar-19,21:00:00,0,4.194,5.384
25-Mar-19,22:00:00,0,3.87,5.309
25-Mar-19,23:00:00,0,3.576,5.459
26-Mar-19,00:00:00,0,3.348,5.687
26-Mar-19,01:00:00,0,3.862,5.742
26-Mar-19,02:00:00,0,4.468,5.71
26-Mar-19,03:00:00,0,4.738,5.771
26-Mar-19,04:00:00,0,4.748,5.951
26-Mar-19,05:00:00,0,4.842,6.351
26-Mar-19,06:00:00,0.002,5.127,6.882
26-Mar-19,07:00:00,0.041,6.005,6.923
26-Mar-19,08:00:00,0.187,7.044,7.433
26-Mar-19,09:00:00,0.343,7.724,8.068
26-Mar-19,10:00:00,0.52,8.147,7.972
26-Mar-19,11:00:00,0.57,8.47,7.798
26-Mar-19,12:00:00,0.419,8.651,7.731
26-Mar-19,13:00:00,0.282,8.712,7.81
26-Mar-19,14:00:00,0.202,8.721,7.903
26-Mar-19,15:00:00,0.137,8.666,7.908
26-Mar-19,16:00:00,0.048,8.447,7.424
26-Mar-19,17:00:00,0.013,7.899,7.061
26-Mar-19,18:00:00,0,6.822,7.296
26-Mar-19,19:00:00,0,6.327,7.241
26-Mar-19,20:00:00,0,5.879,6.908
26-Mar-19,21:00:00,0,5.483,6.776
26-Mar-19,22:00:00,0,5.239,6.908
26-Mar-19,23:00:00,0,5.107,7.191
27-Mar-19,00:00:00,0,4.987,7.433
27-Mar-19,01:00:00,0,4.821,7.53
27-Mar-19,02:00:00,0,4.835,7.544
27-Mar-19,03:00:00,0,4.995,7.402
27-Mar-19,04:00:00,0,5.054,7.211
27-Mar-19,05:00:00,0,4.941,7.097
27-Mar-19,06:00:00,0.002,5.132,6.958
27-Mar-19,07:00:00,0.026,6.212,6.702
27-Mar-19,08:00:00,0.093,7.139,6.746
27-Mar-19,09:00:00,0.247,8.158,7.216
27-Mar-19,10:00:00,0.47,9.081,7.596
27-Mar-19,11:00:00,0.533,9.694,7.719
27-Mar-19,12:00:00,0.496,9.951,7.876
27-Mar-19,13:00:00,0.42,10.042,8.012
27-Mar-19,14:00:00,0.256,9.902,8.014
27-Mar-19,15:00:00,0.102,9.633,7.725
27-Mar-19,16:00:00,0.019,9.207,6.942
27-Mar-19,17:00:00,0.008,8.668,6.538
27-Mar-19,18:00:00,0,7.526,6.634
27-Mar-19,19:00:00,0,7.009,6.663
27-Mar-19,20:00:00,0,6.94,6.581
27-Mar-19,21:00:00,0,6.94,6.48
27-Mar-19,22:00:00,0,6.844,6.388
27-Mar-19,23:00:00,0,6.708,6.308
28-Mar-19,00:00:00,0,6.591,6.213
28-Mar-19,01:00:00,0,6.406,6.079
28-Mar-19,02:00:00,0,6.234,5.956
28-Mar-19,03:00:00,0,6.129,5.937
28-Mar-19,04:00:00,0,6.192,6.141
28-Mar-19,05:00:00,0,6.185,6.316
28-Mar-19,06:00:00,0.001,6.437,6.31
28-Mar-19,07:00:00,0.024,7.279,6.033
28-Mar-19,08:00:00,0.109,8.052,6.351
28-Mar-19,09:00:00,0.206,8.639,6.875
28-Mar-19,10:00:00,0.274,9.028,7.051
28-Mar-19,11:00:00,0.405,9.4,7.138
28-Mar-19,12:00:00,0.791,9.836,7.328
28-Mar-19,13:00:00,0.808,9.967,7.554
28-Mar-19,14:00:00,0.689,9.85,7.585
28-Mar-19,15:00:00,0.507,9.557,7.493
28-Mar-19,16:00:00,0.287,9.11,7.299
28-Mar-19,17:00:00,0.074,8.253,6.905
28-Mar-19,18:00:00,0,6.572,7.104
28-Mar-19,19:00:00,0,5.969,7.569
28-Mar-19,20:00:00,0,5.965,7.865
28-Mar-19,21:00:00,0,6.412,7.841
28-Mar-19,22:00:00,0,6.53,7.549
28-Mar-19,23:00:00,0,6.481,7.274
29-Mar-19,00:00:00,0,6.407,7.098
29-Mar-19,01:00:00,0,6.334,6.932
29-Mar-19,02:00:00,0,6.215,6.695
29-Mar-19,03:00:00,0,6.06,6.387
29-Mar-19,04:00:00,0,5.81,6.018
29-Mar-19,05:00:00,0,5.74,5.857
29-Mar-19,06:00:00,0,5.999,5.85
29-Mar-19,07:00:00,0.002,6.471,6.031
29-Mar-19,08:00:00,0.005,6.875,6.196
29-Mar-19,09:00:00,0.008,7.143,6.22
29-Mar-19,10:00:00,0.016,7.423,6.225
29-Mar-19,11:00:00,0.06,7.882,6.26
29-Mar-19,12:00:00,0.279,8.536,6.23
29-Mar-19,13:00:00,0.45,9.02,6.197
29-Mar-19,14:00:00,0.44,9.075,6.139
29-Mar-19,15:00:00,0.319,8.779,6.028
29-Mar-19,16:00:00,0.162,8.204,5.859
29-Mar-19,17:00:00,0.037,7.274,5.623
29-Mar-19,18:00:00,0,5.77,5.753
29-Mar-19,19:00:00,0,5.333,5.794
29-Mar-19,20:00:00,0,5.225,5.602
29-Mar-19,21:00:00,0,5.001,5.425
29-Mar-19,22:00:00,0,4.832,5.214
29-Mar-19,23:00:00,0,4.642,5.17
30-Mar-19,00:00:00,0,4.572,5.226
30-Mar-19,01:00:00,0,4.612,5.308
30-Mar-19,02:00:00,0,4.703,5.448
30-Mar-19,03:00:00,0,4.838,5.671
30-Mar-19,04:00:00,0,5.012,5.913
30-Mar-19,05:00:00,0,5.236,6.074
30-Mar-19,06:00:00,0.001,5.754,6.101
30-Mar-19,07:00:00,0.007,6.651,5.896
30-Mar-19,08:00:00,0.017,7.392,5.735
30-Mar-19,09:00:00,0.025,8.039,5.756
30-Mar-19,10:00:00,0.036,8.587,5.754
30-Mar-19,11:00:00,0.076,9.182,5.808
30-Mar-19,12:00:00,0.058,9.428,5.888
30-Mar-19,13:00:00,0.089,9.65,5.932
30-Mar-19,14:00:00,0.047,9.589,5.867
30-Mar-19,15:00:00,0.036,9.5,5.832
30-Mar-19,16:00:00,0.03,9.283,5.742
30-Mar-19,17:00:00,0.009,8.605,5.649
30-Mar-19,18:00:00,0,7.186,6.076
30-Mar-19,19:00:00,0,6.302,6.426
30-Mar-19,20:00:00,0,5.711,6.56
30-Mar-19,21:00:00,0,5.096,6.616
30-Mar-19,22:00:00,0,4.541,6.608
30-Mar-19,23:00:00,0,3.831,6.524
31-Mar-19,00:00:00,0,3.178,6.287
31-Mar-19,02:00:00,0,2.615,6.069
31-Mar-19,03:00:00,0,2.182,6.028
31-Mar-19,04:00:00,0,1.994,6.071
31-Mar-19,05:00:00,0,1.909,6.089
31-Mar-19,06:00:00,0,1.854,6.084
31-Mar-19,07:00:00,0.008,2.461,5.933
31-Mar-19,08:00:00,0.106,3.472,5.662
31-Mar-19,09:00:00,0.353,4.81,5.683
31-Mar-19,10:00:00,0.608,6.371,5.553
31-Mar-19,11:00:00,0.751,7.505,5.108
31-Mar-19,12:00:00,0.794,8.289,4.652
31-Mar-19,13:00:00,0.786,8.803,4.391
31-Mar-19,14:00:00,0.702,9.072,4.29
31-Mar-19,15:00:00,0.566,9.148,4.274
31-Mar-19,16:00:00,0.416,9.058,4.38
31-Mar-19,17:00:00,0.241,8.714,4.644
31-Mar-19,18:00:00,0.044,7.881,5.137
31-Mar-19,19:00:00,0,6.34,6.019
31-Mar-19,20:00:00,0,5.449,6.895
31-Mar-19,21:00:00,0,4.681,7.489
31-Mar-19,22:00:00,0,3.875,7.781
31-Mar-19,23:00:00,0,3.156,7.832
01-Apr-19,00:00:00,0,2.722,7.838
01-Apr-19,01:00:00,0,2.334,7.734
01-Apr-19,02:00:00,0,1.759,7.567
01-Apr-19,03:00:00,0,1.399,7.547
01-Apr-19,04:00:00,0,1.223,7.519
01-Apr-19,05:00:00,0,1.134,7.493
01-Apr-19,06:00:00,0,1.278,7.498
01-Apr-19,07:00:00,0.003,1.867,7.519
01-Apr-19,08:00:00,0.034,2.902,7.178
01-Apr-19,09:00:00,0.112,4.315,7.537
01-Apr-19,10:00:00,0.161,5.406,7.781
01-Apr-19,11:00:00,0.204,6.205,7.882
01-Apr-19,12:00:00,0.228,6.939,7.98
01-Apr-19,13:00:00,0.135,7.464,8.009
01-Apr-19,14:00:00,0.037,7.549,7.895
01-Apr-19,15:00:00,0.012,7.326,7.662
01-Apr-19,16:00:00,0.006,7.143,7.404
01-Apr-19,17:00:00,0.002,6.953,6.937
01-Apr-19,18:00:00,0.001,6.671,6.875
01-Apr-19,19:00:00,0,6.401,6.945
01-Apr-19,20:00:00,0,6.341,6.763
01-Apr-19,21:00:00,0,6.326,6.492
01-Apr-19,22:00:00,0,6.138,6.293
01-Apr-19,23:00:00,0,5.659,6.042
02-Apr-19,00:00:00,0,5.125,5.488
02-Apr-19,01:00:00,0,4.708,4.898
02-Apr-19,02:00:00,0,4.514,4.698
02-Apr-19,03:00:00,0,4.368,4.832
02-Apr-19,04:00:00,0,4.223,5.263
02-Apr-19,05:00:00,0,4.051,5.796
02-Apr-19,06:00:00,0,3.798,6.346
02-Apr-19,07:00:00,0.001,3.673,6.682
02-Apr-19,08:00:00,0.007,3.871,6.693
02-Apr-19,09:00:00,0.025,4.237,6.511
02-Apr-19,10:00:00,0.093,4.809,6.326
02-Apr-19,11:00:00,0.166,5.387,6.096
02-Apr-19,12:00:00,0.177,5.715,5.79
02-Apr-19,13:00:00,0.147,5.756,5.398
02-Apr-19,14:00:00,0.108,5.605,5.004
02-Apr-19,15:00:00,0.062,5.241,4.659
02-Apr-19,16:00:00,0.033,4.929,4.406
02-Apr-19,17:00:00,0.012,4.59,4.241
02-Apr-19,18:00:00,0.003,4.178,4.232
02-Apr-19,19:00:00,0,3.43,4.432
02-Apr-19,20:00:00,0,3.146,4.741
02-Apr-19,21:00:00,0,3.063,5.117
02-Apr-19,22:00:00,0,2.936,5.491
02-Apr-19,23:00:00,0,2.688,5.852
03-Apr-19,00:00:00,0,2.647,6.108
03-Apr-19,01:00:00,0,2.569,6.439
03-Apr-19,02:00:00,0,2.224,7.064
03-Apr-19,03:00:00,0,1.952,7.686
03-Apr-19,04:00:00,0,2.08,8.426
03-Apr-19,05:00:00,0,2.305,8.885
03-Apr-19,06:00:00,0,2.334,9.277
03-Apr-19,07:00:00,0,2.277,9.344
03-Apr-19,08:00:00,0.001,2.284,9.278
03-Apr-19,09:00:00,0.002,2.222,8.662
03-Apr-19,10:00:00,0.003,2.259,8.109
03-Apr-19,11:00:00,0.005,2.455,7.234
03-Apr-19,12:00:00,0.008,2.744,5.345
03-Apr-19,13:00:00,0.017,3.131,3.673
03-Apr-19,14:00:00,0.018,3.291,4.355
03-Apr-19,15:00:00,0.015,3.384,5.924
03-Apr-19,16:00:00,0.014,3.632,6.915
03-Apr-19,17:00:00,0.012,3.977,7.125
03-Apr-19,18:00:00,0.005,4.126,7.017
03-Apr-19,19:00:00,0,3.583,7.451
03-Apr-19,20:00:00,0,3.213,8.119
03-Apr-19,21:00:00,0,2.982,8.312
03-Apr-19,22:00:00,0,2.731,8.268
03-Apr-19,23:00:00,0,2.505,8.11
04-Apr-19,00:00:00,0,2.478,7.966
04-Apr-19,01:00:00,0,2.594,7.959
04-Apr-19,02:00:00,0,2.753,7.713
04-Apr-19,03:00:00,0,2.82,7.375
04-Apr-19,04:00:00,0,2.745,7.225
04-Apr-19,05:00:00,0,2.724,7.276
04-Apr-19,06:00:00,0,2.735,7.175
04-Apr-19,07:00:00,0.001,3.031,6.89
04-Apr-19,08:00:00,0.014,3.48,6.727
04-Apr-19,09:00:00,0.107,4.078,7.059
04-Apr-19,10:00:00,0.306,4.956,7.413
04-Apr-19,11:00:00,0.324,5.731,7.904
04-Apr-19,12:00:00,0.272,6.19,8.73
04-Apr-19,13:00:00,0.252,6.495,9.676
04-Apr-19,14:00:00,0.179,6.581,10.61
04-Apr-19,15:00:00,0.076,6.463,11.429
04-Apr-19,16:00:00,0.043,6.673,12.095
04-Apr-19,17:00:00,0.027,6.762,12.731
04-Apr-19,18:00:00,0.006,6.31,13.16
04-Apr-19,19:00:00,0,5.786,13.318
04-Apr-19,20:00:00,0,5.385,12.971
04-Apr-19,21:00:00,0,5.04,12.346
04-Apr-19,22:00:00,0,4.81,11.955
04-Apr-19,23:00:00,0,4.698,11.593
05-Apr-19,00:00:00,0,4.656,10.895
05-Apr-19,01:00:00,0,4.679,10.359
05-Apr-19,02:00:00,0,4.789,9.839
05-Apr-19,03:00:00,0,4.85,9.258
05-Apr-19,04:00:00,0,4.835,9.03
05-Apr-19,05:00:00,0,4.846,9.222
05-Apr-19,06:00:00,0,4.704,9.116
05-Apr-19,07:00:00,0.008,4.739,8.965
05-Apr-19,08:00:00,0.094,5.399,8.89
05-Apr-19,09:00:00,0.272,6.764,9.672
05-Apr-19,10:00:00,0.402,8.243,10.685
05-Apr-19,11:00:00,0.516,9.441,11.644
05-Apr-19,12:00:00,0.623,10.204,11.917
05-Apr-19,13:00:00,0.639,10.705,11.571
05-Apr-19,14:00:00,0.474,10.936,10.944
05-Apr-19,15:00:00,0.232,10.777,10.185
05-Apr-19,16:00:00,0.108,10.447,9.444
05-Apr-19,17:00:00,0.042,9.954,8.824
05-Apr-19,18:00:00,0.01,9.108,8.618
05-Apr-19,19:00:00,0,7.864,8.751
05-Apr-19,20:00:00,0,6.688,8.907
05-Apr-19,21:00:00,0,5.773,8.787
05-Apr-19,22:00:00,0,5.214,8.376
05-Apr-19,23:00:00,0,4.943,7.914
06-Apr-19,00:00:00,0,4.708,7.448
06-Apr-19,01:00:00,0,4.566,7.145
06-Apr-19,02:00:00,0,4.473,6.912
06-Apr-19,03:00:00,0,4.268,6.721
06-Apr-19,04:00:00,0,4.174,6.522
06-Apr-19,05:00:00,0,4.026,6.479
06-Apr-19,06:00:00,0,3.96,6.356
06-Apr-19,07:00:00,0.001,4.089,6.098
06-Apr-19,08:00:00,0.021,4.576,5.543
06-Apr-19,09:00:00,0.132,5.439,4.933
06-Apr-19,10:00:00,0.415,6.739,4.278
06-Apr-19,11:00:00,0.644,8.14,3.749
06-Apr-19,12:00:00,0.791,9.235,3.623
06-Apr-19,13:00:00,0.73,9.867,3.799
06-Apr-19,14:00:00,0.311,9.938,3.98
06-Apr-19,15:00:00,0.099,9.758,4.07
06-Apr-19,16:00:00,0.033,9.422,4.207
06-Apr-19,17:00:00,0.019,9.099,4.423
06-Apr-19,18:00:00,0.009,8.674,4.616
06-Apr-19,19:00:00,0,7.836,4.943
06-Apr-19,20:00:00,0,7.381,5.4
06-Apr-19,21:00:00,0,7.188,5.688
06-Apr-19,22:00:00,0,7.015,5.971
06-Apr-19,23:00:00,0,6.907,6.201
07-Apr-19,00:00:00,0,6.787,6.335
07-Apr-19,01:00:00,0,6.571,6.229
07-Apr-19,02:00:00,0,6.379,6.174
07-Apr-19,03:00:00,0,6.248,6.074
07-Apr-19,04:00:00,0,6.103,6.068
07-Apr-19,05:00:00,0,6.011,6.077
07-Apr-19,06:00:00,0,5.849,6.153
07-Apr-19,07:00:00,0.002,6.253,6.052
07-Apr-19,08:00:00,0.012,6.862,5.81
07-Apr-19,09:00:00,0.026,7.513,5.855
07-Apr-19,10:00:00,0.045,8.073,5.871
07-Apr-19,11:00:00,0.076,8.666,5.936
07-Apr-19,12:00:00,0.147,9.312,5.903
07-Apr-19,13:00:00,0.176,9.778,5.771
07-Apr-19,14:00:00,0.181,10.094,5.677
07-Apr-19,15:00:00,0.143,10.227,5.717
07-Apr-19,16:00:00,0.089,10.153,5.924
07-Apr-19,17:00:00,0.047,9.814,6.298
07-Apr-19,18:00:00,0.008,9.167,6.68
07-Apr-19,19:00:00,0,8.287,6.922
07-Apr-19,20:00:00,0,7.571,7.3
07-Apr-19,21:00:00,0,7.106,7.598
07-Apr-19,22:00:00,0,6.707,7.64
07-Apr-19,23:00:00,0,6.435,7.706
08-Apr-19,00:00:00,0,6.203,7.629
08-Apr-19,01:00:00,0,6.03,7.825
08-Apr-19,02:00:00,0,5.911,8.091
08-Apr-19,03:00:00,0,5.789,8.374
08-Apr-19,04:00:00,0,5.734,8.207
08-Apr-19,05:00:00,0,5.713,8.348
08-Apr-19,06:00:00,0,5.666,8.723
08-Apr-19,07:00:00,0.003,5.785,9.107
08-Apr-19,08:00:00,0.039,6.264,9.057
08-Apr-19,09:00:00,0.14,7.151,9.081
08-Apr-19,10:00:00,0.45,8.291,9.129
08-Apr-19,11:00:00,0.666,9.442,9.221
08-Apr-19,12:00:00,0.805,10.582,9.252
08-Apr-19,13:00:00,0.815,11.371,9.291
08-Apr-19,14:00:00,0.751,11.722,9.334
08-Apr-19,15:00:00,0.628,11.616,9.398
08-Apr-19,16:00:00,0.448,11.256,9.377
08-Apr-19,17:00:00,0.25,10.639,9.221
08-Apr-19,18:00:00,0.073,9.58,8.958
08-Apr-19,19:00:00,0,8.171,8.845
08-Apr-19,20:00:00,0,7.063,9.162
08-Apr-19,21:00:00,0,6.393,9.088
08-Apr-19,22:00:00,0,5.941,9.061
08-Apr-19,23:00:00,0,5.582,9.172
09-Apr-19,00:00:00,0,5.219,9.219
09-Apr-19,01:00:00,0,4.895,9.098
09-Apr-19,02:00:00,0,4.622,9.074
09-Apr-19,03:00:00,0,4.463,9.01
09-Apr-19,04:00:00,0,4.309,8.881
09-Apr-19,05:00:00,0,4.171,8.846
09-Apr-19,06:00:00,0,4.043,8.782
09-Apr-19,07:00:00,0.022,4.474,8.541
09-Apr-19,08:00:00,0.181,5.442,8.829
09-Apr-19,09:00:00,0.424,6.667,9.042
09-Apr-19,10:00:00,0.637,7.744,8.916
09-Apr-19,11:00:00,0.799,8.549,8.63
09-Apr-19,12:00:00,0.899,9.113,8.307
09-Apr-19,13:00:00,0.917,9.415,8.052
09-Apr-19,14:00:00,0.865,9.442,7.916
09-Apr-19,15:00:00,0.74,9.26,7.884
09-Apr-19,16:00:00,0.552,8.891,8.004
09-Apr-19,17:00:00,0.328,8.302,8.153
09-Apr-19,18:00:00,0.108,7.388,7.982
09-Apr-19,19:00:00,0,5.959,7.711
09-Apr-19,20:00:00,0,4.489,7.602
09-Apr-19,21:00:00,0,3.71,7.605
09-Apr-19,22:00:00,0,2.942,7.392
09-Apr-19,23:00:00,0,2.313,7.204
10-Apr-19,00:00:00,0,1.798,7.009
10-Apr-19,01:00:00,0,1.339,6.832
10-Apr-19,02:00:00,0,0.893,6.652
10-Apr-19,03:00:00,0,0.5,6.497
10-Apr-19,04:00:00,0,0.209,6.353
10-Apr-19,05:00:00,0,-0.012,6.213
10-Apr-19,06:00:00,0,-0.045,6.095
10-Apr-19,07:00:00,0.053,1.656,5.81
10-Apr-19,08:00:00,0.259,3.618,5.3
10-Apr-19,09:00:00,0.494,5.387,5.512
10-Apr-19,10:00:00,0.695,6.474,5.248
10-Apr-19,11:00:00,0.846,7.4,5.115
10-Apr-19,12:00:00,0.931,8.229,5.069
10-Apr-19,13:00:00,0.943,8.95,4.985
10-Apr-19,14:00:00,0.883,9.48,4.778
10-Apr-19,15:00:00,0.754,9.735,4.518
10-Apr-19,16:00:00,0.57,9.786,4.307
10-Apr-19,17:00:00,0.35,9.613,4.155
10-Apr-19,18:00:00,0.126,9.031,4.102
10-Apr-19,19:00:00,0,7.287,4.365
10-Apr-19,20:00:00,0,5.851,5.081
10-Apr-19,21:00:00,0,5.049,5.919
10-Apr-19,22:00:00,0,4.125,6.523
10-Apr-19,23:00:00,0,3.196,6.925
11-Apr-19,00:00:00,0,2.426,7.183
11-Apr-19,01:00:00,0,1.86,7.444
11-Apr-19,02:00:00,0,1.405,7.504
11-Apr-19,03:00:00,0,0.97,7.356
11-Apr-19,04:00:00,0,0.608,7.08
11-Apr-19,05:00:00,0,0.327,6.743
11-Apr-19,06:00:00,0,0.258,6.376
11-Apr-19,07:00:00,0.048,2.005,5.859
11-Apr-19,08:00:00,0.233,3.777,5.431
11-Apr-19,09:00:00,0.441,5.054,5.104
11-Apr-19,10:00:00,0.629,6.266,4.643
11-Apr-19,11:00:00,0.738,7.293,4.469
11-Apr-19,12:00:00,0.848,8.11,4.415
11-Apr-19,13:00:00,0.84,8.705,4.348
11-Apr-19,14:00:00,0.788,9.08,4.222
11-Apr-19,15:00:00,0.666,9.23,4.002
11-Apr-19,16:00:00,0.472,9.131,3.747
11-Apr-19,17:00:00,0.24,8.813,3.495
11-Apr-19,18:00:00,0.06,8.286,3.369
11-Apr-19,19:00:00,0,7.189,3.325
11-Apr-19,20:00:00,0,6.36,3.056
11-Apr-19,21:00:00,0,6.111,2.895
11-Apr-19,22:00:00,0,5.702,3.113
11-Apr-19,23:00:00,0,5.006,3.547
12-Apr-19,00:00:00,0,4.282,4.193
12-Apr-19,01:00:00,0,3.348,4.873
12-Apr-19,02:00:00,0,2.459,5.545
12-Apr-19,03:00:00,0,1.63,6.212
12-Apr-19,04:00:00,0,1.04,6.75
12-Apr-19,05:00:00,0,0.635,7.037
12-Apr-19,06:00:00,0,0.441,7.053
12-Apr-19,07:00:00,0.045,2.04,6.651
12-Apr-19,08:00:00,0.227,3.643,6.197
12-Apr-19,09:00:00,0.451,5.464,6.765
12-Apr-19,10:00:00,0.653,6.663,6.875
12-Apr-19,11:00:00,0.803,7.57,6.891
12-Apr-19,12:00:00,0.881,8.288,6.837
12-Apr-19,13:00:00,0.85,8.791,6.746
12-Apr-19,14:00:00,0.764,9.083,6.673
12-Apr-19,15:00:00,0.562,9.091,6.737
12-Apr-19,16:00:00,0.357,8.881,6.985
12-Apr-19,17:00:00,0.169,8.428,7.201
12-Apr-19,18:00:00,0.053,7.661,7.27
12-Apr-19,19:00:00,0,6.21,7.448
12-Apr-19,20:00:00,0,4.575,7.904
12-Apr-19,21:00:00,0,3.639,8.186
12-Apr-19,22:00:00,0,2.729,8.277
12-Apr-19,23:00:00,0,2.029,8.299
13-Apr-19,00:00:00,0,1.43,8.067
13-Apr-19,01:00:00,0,0.816,7.725
13-Apr-19,02:00:00,0,0.361,7.553
13-Apr-19,03:00:00,0,0.124,7.669
13-Apr-19,04:00:00,0,0.011,7.897
13-Apr-19,05:00:00,0,-0.055,8.001
13-Apr-19,06:00:00,0,0.059,7.966
13-Apr-19,07:00:00,0.042,1.622,7.585
13-Apr-19,08:00:00,0.236,3.24,7.818
13-Apr-19,09:00:00,0.458,4.735,8.962
13-Apr-19,10:00:00,0.613,5.685,9.187
13-Apr-19,11:00:00,0.732,6.518,9.127
13-Apr-19,12:00:00,0.847,7.27,8.998
13-Apr-19,13:00:00,0.876,7.833,8.986
13-Apr-19,14:00:00,0.812,8.122,9.112
13-Apr-19,15:00:00,0.706,8.128,9.206
13-Apr-19,16:00:00,0.544,7.822,9.301
13-Apr-19,17:00:00,0.338,7.213,9.485
13-Apr-19,18:00:00,0.123,6.231,9.565
13-Apr-19,19:00:00,0,4.77,9.432
13-Apr-19,20:00:00,0,3.201,9.249
13-Apr-19,21:00:00,0,2.34,9.272
13-Apr-19,22:00:00,0,1.752,9.108
13-Apr-19,23:00:00,0,1.38,8.906
14-Apr-19,00:00:00,0,1.118,8.729
14-Apr-19,01:00:00,0,0.88,8.514
14-Apr-19,02:00:00,0,0.504,8.387
14-Apr-19,03:00:00,0,0.108,8.233
14-Apr-19,04:00:00,0,-0.22,7.962
14-Apr-19,05:00:00,0,-0.347,8.046
14-Apr-19,06:00:00,0,0.084,8.439
14-Apr-19,07:00:00,0.035,1.74,8.111
14-Apr-19,08:00:00,0.183,3.323,7.453
14-Apr-19,09:00:00,0.409,5.137,8.982
14-Apr-19,10:00:00,0.557,6.23,9.326
14-Apr-19,11:00:00,0.604,7.044,9.464
14-Apr-19,12:00:00,0.545,7.707,9.678
14-Apr-19,13:00:00,0.178,7.807,9.496
14-Apr-19,14:00:00,0.034,7.395,9.084
14-Apr-19,15:00:00,0.012,6.833,8.864
14-Apr-19,16:00:00,0.014,6.423,8.903
14-Apr-19,17:00:00,0.034,6.246,9.032
14-Apr-19,18:00:00,0.02,5.856,8.732
14-Apr-19,19:00:00,0,5.055,8.645
14-Apr-19,20:00:00,0,4.079,8.627
14-Apr-19,21:00:00,0,3.367,8.672
14-Apr-19,22:00:00,0,2.853,8.782
14-Apr-19,23:00:00,0,2.57,8.825
15-Apr-19,00:00:00,0,2.427,8.781
15-Apr-19,01:00:00,0,2.351,8.863
15-Apr-19,02:00:00,0,2.379,8.883
15-Apr-19,03:00:00,0,2.293,8.878
15-Apr-19,04:00:00,0,2.22,8.972
15-Apr-19,05:00:00,0,2.31,9.232
15-Apr-19,06:00:00,0,2.575,9.458
15-Apr-19,07:00:00,0.006,3.359,9.946
15-Apr-19,08:00:00,0.059,4.541,10.5
15-Apr-19,09:00:00,0.177,5.865,11.324
15-Apr-19,10:00:00,0.328,7.176,11.768
15-Apr-19,11:00:00,0.408,8.13,12.093
15-Apr-19,12:00:00,0.492,8.84,12.216
15-Apr-19,13:00:00,0.456,9.392,12.094
15-Apr-19,14:00:00,0.367,9.742,11.945
15-Apr-19,15:00:00,0.259,9.895,11.798
15-Apr-19,16:00:00,0.148,9.898,11.638
15-Apr-19,17:00:00,0.074,9.684,11.407
15-Apr-19,18:00:00,0.019,9.059,11.174
15-Apr-19,19:00:00,0,8.028,10.91
15-Apr-19,20:00:00,0,7.023,10.664
15-Apr-19,21:00:00,0,6.458,10.391
15-Apr-19,22:00:00,0,6.146,10.07
15-Apr-19,23:00:00,0,5.934,9.622
16-Apr-19,00:00:00,0,5.75,8.956
16-Apr-19,01:00:00,0,5.571,8.206
16-Apr-19,02:00:00,0,5.444,7.68
16-Apr-19,03:00:00,0,5.368,7.263
16-Apr-19,04:00:00,0,5.334,6.878
16-Apr-19,05:00:00,0,5.3,6.629
16-Apr-19,06:00:00,0,5.311,6.378
16-Apr-19,07:00:00,0.001,5.791,6.161
16-Apr-19,08:00:00,0.004,6.59,6.071
16-Apr-19,09:00:00,0.009,7.538,6.084
16-Apr-19,10:00:00,0.013,8.385,6.229
16-Apr-19,11:00:00,0.018,9.046,6.391
16-Apr-19,12:00:00,0.021,9.57,6.504
16-Apr-19,13:00:00,0.021,9.954,6.564
16-Apr-19,14:00:00,0.015,10.13,6.51
16-Apr-19,15:00:00,0.009,10.07,6.422
16-Apr-19,16:00:00,0.005,9.774,6.366
16-Apr-19,17:00:00,0.003,9.356,6.592
16-Apr-19,18:00:00,0.002,8.829,6.992
16-Apr-19,19:00:00,0,8.102,7.374
16-Apr-19,20:00:00,0,7.333,7.556
16-Apr-19,21:00:00,0,6.828,7.45
16-Apr-19,22:00:00,0,6.493,7.46
16-Apr-19,23:00:00,0,6.175,7.204
17-Apr-19,00:00:00,0,5.91,7.195
17-Apr-19,01:00:00,0,5.653,7.267
17-Apr-19,02:00:00,0,5.366,7.248
17-Apr-19,03:00:00,0,5.03,7.278
17-Apr-19,04:00:00,0,4.724,7.116
17-Apr-19,05:00:00,0,4.552,7.015
17-Apr-19,06:00:00,0,4.441,6.797
17-Apr-19,07:00:00,0.019,5.037,6.43
17-Apr-19,08:00:00,0.137,6.206,6.435
17-Apr-19,09:00:00,0.402,7.909,6.438
17-Apr-19,10:00:00,0.609,9.72,6.704
17-Apr-19,11:00:00,0.762,11.2,6.748
17-Apr-19,12:00:00,0.845,12.319,6.561
17-Apr-19,13:00:00,0.837,13.147,6.362
17-Apr-19,14:00:00,0.783,13.736,6.19
17-Apr-19,15:00:00,0.659,14.017,6.175
17-Apr-19,16:00:00,0.476,13.981,6.434
17-Apr-19,17:00:00,0.258,13.512,6.777
17-Apr-19,18:00:00,0.074,12.38,7.179
17-Apr-19,19:00:00,0,10.593,7.895
17-Apr-19,20:00:00,0,8.885,8.476
17-Apr-19,21:00:00,0,7.896,8.428
17-Apr-19,22:00:00,0,7.288,8.201
17-Apr-19,23:00:00,0,6.952,7.997
18-Apr-19,00:00:00,0,6.609,7.779
18-Apr-19,01:00:00,0,6.302,7.61
18-Apr-19,02:00:00,0,6.015,7.475
18-Apr-19,03:00:00,0,5.859,7.394
18-Apr-19,04:00:00,0,5.754,7.323
18-Apr-19,05:00:00,0,5.635,7.267
18-Apr-19,06:00:00,0,5.6,7.248
18-Apr-19,07:00:00,0.006,6.271,7.173
18-Apr-19,08:00:00,0.05,7.422,6.834
18-Apr-19,09:00:00,0.183,9.173,7.075
18-Apr-19,10:00:00,0.353,10.881,7.339
18-Apr-19,11:00:00,0.515,12.332,7.601
18-Apr-19,12:00:00,0.632,13.47,7.798
18-Apr-19,13:00:00,0.626,14.26,7.949
18-Apr-19,14:00:00,0.521,14.738,7.94
18-Apr-19,15:00:00,0.303,14.869,7.719
18-Apr-19,16:00:00,0.136,14.731,7.315
18-Apr-19,17:00:00,0.051,14.206,6.887
18-Apr-19,18:00:00,0.015,13.117,7.139
18-Apr-19,19:00:00,0,11.571,7.689
18-Apr-19,20:00:00,0,9.948,8.088
18-Apr-19,21:00:00,0,8.835,8.139
18-Apr-19,22:00:00,0,8.035,8.078
18-Apr-19,23:00:00,0,7.562,8.064
19-Apr-19,00:00:00,0,7.294,8.049
19-Apr-19,01:00:00,0,7.084,8.017
19-Apr-19,02:00:00,0,6.869,7.978
19-Apr-19,03:00:00,0,6.629,7.795
19-Apr-19,04:00:00,0,6.297,7.547
19-Apr-19,05:00:00,0,6.041,7.378
19-Apr-19,06:00:00,0,6.206,7.309
19-Apr-19,07:00:00,0.019,7.573,7.019
19-Apr-19,08:00:00,0.111,8.821,6.341
19-Apr-19,09:00:00,0.275,10.274,5.768
19-Apr-19,10:00:00,0.476,12.253,5.552
19-Apr-19,11:00:00,0.661,14.455,6.294
19-Apr-19,12:00:00,0.796,15.803,6.706
19-Apr-19,13:00:00,0.844,16.631,6.656
19-Apr-19,14:00:00,0.8,17.152,6.414
19-Apr-19,15:00:00,0.674,17.478,6.007
19-Apr-19,16:00:00,0.493,17.581,5.511
19-Apr-19,17:00:00,0.28,17.341,4.988
19-Apr-19,18:00:00,0.085,16.581,4.577
19-Apr-19,19:00:00,0,14.776,4.516
19-Apr-19,20:00:00,0,13.277,4.935
19-Apr-19,21:00:00,0,12.388,5.484
19-Apr-19,22:00:00,0,11.537,6.064
19-Apr-19,23:00:00,0,10.739,6.562
20-Apr-19,00:00:00,0,10.157,6.833
20-Apr-19,01:00:00,0,9.65,6.908
20-Apr-19,02:00:00,0,9.102,6.88
20-Apr-19,03:00:00,0,8.585,6.774
20-Apr-19,04:00:00,0,8.062,6.687
20-Apr-19,05:00:00,0,7.613,6.555
20-Apr-19,06:00:00,0,7.595,6.255
20-Apr-19,07:00:00,0.043,9.213,5.822
20-Apr-19,08:00:00,0.197,10.623,5.17
20-Apr-19,09:00:00,0.38,11.846,4.609
20-Apr-19,10:00:00,0.515,13.544,4.541
20-Apr-19,11:00:00,0.649,14.927,4.546
20-Apr-19,12:00:00,0.738,16.145,4.501
20-Apr-19,13:00:00,0.807,17.125,4.407
20-Apr-19,14:00:00,0.756,17.662,4.311
20-Apr-19,15:00:00,0.634,17.834,4.204
20-Apr-19,16:00:00,0.469,17.79,4.073
20-Apr-19,17:00:00,0.266,17.537,3.94
20-Apr-19,18:00:00,0.081,16.813,3.818
20-Apr-19,19:00:00,0,15.281,3.64
20-Apr-19,20:00:00,0,14.256,3.367
20-Apr-19,21:00:00,0,13.744,3.295
20-Apr-19,22:00:00,0,13.071,3.676
20-Apr-19,23:00:00,0,12.087,4.477
21-Apr-19,00:00:00,0,11.213,5.527
21-Apr-19,01:00:00,0,10.722,6.503
21-Apr-19,02:00:00,0,10.326,7.194
21-Apr-19,03:00:00,0,9.92,7.542
21-Apr-19,04:00:00,0,9.536,7.475
21-Apr-19,05:00:00,0,9.146,7.189
21-Apr-19,06:00:00,0,9.072,6.895
21-Apr-19,07:00:00,0.007,9.737,6.381
21-Apr-19,08:00:00,0.033,10.411,5.694
21-Apr-19,09:00:00,0.067,11.316,5.302
21-Apr-19,10:00:00,0.127,12.701,5.501
21-Apr-19,11:00:00,0.262,14.035,5.856
21-Apr-19,12:00:00,0.485,15.206,6.298
21-Apr-19,13:00:00,0.66,16.047,6.587
21-Apr-19,14:00:00,0.675,16.488,6.752
21-Apr-19,15:00:00,0.597,16.641,6.819
21-Apr-19,16:00:00,0.455,16.489,6.782
21-Apr-19,17:00:00,0.294,16.039,6.51
21-Apr-19,18:00:00,0.11,15.152,6.117
21-Apr-19,19:00:00,0,13.371,6.387
21-Apr-19,20:00:00,0,11.509,6.9
21-Apr-19,21:00:00,0,10.78,7.241
21-Apr-19,22:00:00,0,10.252,7.398
21-Apr-19,23:00:00,0,9.801,7.425
22-Apr-19,00:00:00,0,9.385,7.324
22-Apr-19,01:00:00,0,9.012,7.217
22-Apr-19,02:00:00,0,8.672,7.171
22-Apr-19,03:00:00,0,8.364,7.214
22-Apr-19,04:00:00,0,7.992,7.261
22-Apr-19,05:00:00,0,7.546,7.425
22-Apr-19,06:00:00,0,7.623,7.7
22-Apr-19,07:00:00,0.063,9.084,7.547
22-Apr-19,08:00:00,0.245,10.247,7.059
22-Apr-19,09:00:00,0.455,11.826,6.958
22-Apr-19,10:00:00,0.642,13.849,7.611
22-Apr-19,11:00:00,0.782,15.278,8.164
22-Apr-19,12:00:00,0.859,16.171,8.415
22-Apr-19,13:00:00,0.865,16.685,8.431
22-Apr-19,14:00:00,0.795,16.924,8.251
22-Apr-19,15:00:00,0.652,17.005,7.955
22-Apr-19,16:00:00,0.416,16.926,7.733
22-Apr-19,17:00:00,0.145,16.409,7.753
22-Apr-19,18:00:00,0.034,15.41,8.342
22-Apr-19,19:00:00,0,14.006,8.913
22-Apr-19,20:00:00,0,12.454,9.351
22-Apr-19,21:00:00,0,11.356,9.444
22-Apr-19,22:00:00,0,10.498,9.395
22-Apr-19,23:00:00,0,10.162,9.252
23-Apr-19,00:00:00,0,9.729,8.9
23-Apr-19,01:00:00,0,9.529,8.835
23-Apr-19,02:00:00,0,9.372,8.547
23-Apr-19,03:00:00,0,9.128,8.097
23-Apr-19,04:00:00,0,8.76,7.657
23-Apr-19,05:00:00,0,8.344,7.343
23-Apr-19,06:00:00,0,8.293,7.287
23-Apr-19,07:00:00,0.018,8.934,6.952
23-Apr-19,08:00:00,0.087,10.017,6.652
23-Apr-19,09:00:00,0.217,11.58,6.954
23-Apr-19,10:00:00,0.371,13.065,7.793
23-Apr-19,11:00:00,0.525,14.093,8.558
23-Apr-19,12:00:00,0.642,14.8,9.129
23-Apr-19,13:00:00,0.722,15.328,9.314
23-Apr-19,14:00:00,0.714,15.591,9.355
23-Apr-19,15:00:00,0.608,15.532,9.286
23-Apr-19,16:00:00,0.392,15.02,9.131
23-Apr-19,17:00:00,0.185,14.066,9.1
23-Apr-19,18:00:00,0.045,12.724,9.038
23-Apr-19,19:00:00,0,11.202,9.121
23-Apr-19,20:00:00,0,9.777,9.132
23-Apr-19,21:00:00,0,8.835,8.921
23-Apr-19,22:00:00,0,8.256,8.675
23-Apr-19,23:00:00,0,7.766,8.503
24-Apr-19,00:00:00,0,7.197,8.371
24-Apr-19,01:00:00,0,6.776,8.395
24-Apr-19,02:00:00,0,6.506,8.332
24-Apr-19,03:00:00,0,6.442,8.431
24-Apr-19,04:00:00,0,6.467,8.331
24-Apr-19,05:00:00,0,6.606,8.604
24-Apr-19,06:00:00,0,6.749,8.527
24-Apr-19,07:00:00,0.01,7.461,8.728
24-Apr-19,08:00:00,0.093,8.796,9.261
24-Apr-19,09:00:00,0.294,10.591,9.562
24-Apr-19,10:00:00,0.442,12.112,9.662
24-Apr-19,11:00:00,0.529,13.287,9.685
24-Apr-19,12:00:00,0.523,14.079,9.597
24-Apr-19,13:00:00,0.553,14.698,9.433
24-Apr-19,14:00:00,0.449,15.007,9.156
24-Apr-19,15:00:00,0.407,15.177,8.86
24-Apr-19,16:00:00,0.255,15.124,8.751
24-Apr-19,17:00:00,0.081,14.589,8.636
24-Apr-19,18:00:00,0.01,13.43,8.323
24-Apr-19,19:00:00,0,11.983,7.125
24-Apr-19,20:00:00,0,10.805,6.922
24-Apr-19,21:00:00,0,9.962,7.538
24-Apr-19,22:00:00,0,9.256,7.829
24-Apr-19,23:00:00,0,8.777,7.453
25-Apr-19,00:00:00,0,8.465,7.09
25-Apr-19,01:00:00,0,8.225,6.778
25-Apr-19,02:00:00,0,7.972,6.595
25-Apr-19,03:00:00,0,7.652,6.564
25-Apr-19,04:00:00,0,7.337,6.455
25-Apr-19,05:00:00,0,7.107,6.358
25-Apr-19,06:00:00,0,7.119,6.158
25-Apr-19,07:00:00,0.042,7.824,5.949
25-Apr-19,08:00:00,0.126,9.035,6.454
25-Apr-19,09:00:00,0.098,10.193,7.376
25-Apr-19,10:00:00,0.072,10.721,8.446
25-Apr-19,11:00:00,0.154,11.313,9.099
25-Apr-19,12:00:00,0.201,11.929,9.474
25-Apr-19,13:00:00,0.071,11.96,9.392
25-Apr-19,14:00:00,0.036,11.846,8.915
25-Apr-19,15:00:00,0.036,11.805,8.246
25-Apr-19,16:00:00,0.069,11.901,7.77
25-Apr-19,17:00:00,0.063,11.866,7.335
25-Apr-19,18:00:00,0.017,11.389,6.935
25-Apr-19,19:00:00,0,10.507,6.925
25-Apr-19,20:00:00,0,9.592,7.09
25-Apr-19,21:00:00,0,9.267,7.161
25-Apr-19,22:00:00,0,8.92,7.182
25-Apr-19,23:00:00,0,8.409,7.367
26-Apr-19,00:00:00,0,7.857,7.626
26-Apr-19,01:00:00,0,7.551,8.034
26-Apr-19,02:00:00,0,7.252,8.226
26-Apr-19,03:00:00,0,7.053,8.355
26-Apr-19,04:00:00,0,6.911,8.326
26-Apr-19,05:00:00,0,7.003,8.808
26-Apr-19,06:00:00,0,7.264,8.962
26-Apr-19,07:00:00,0.002,7.638,8.59
26-Apr-19,08:00:00,0.025,8.273,8.819
26-Apr-19,09:00:00,0.124,9.214,9.57
26-Apr-19,10:00:00,0.339,10.311,10.478
26-Apr-19,11:00:00,0.341,11.038,11.131
26-Apr-19,12:00:00,0.103,10.96,11.323
26-Apr-19,13:00:00,0.037,10.528,11.119
26-Apr-19,14:00:00,0.023,9.967,10.718
26-Apr-19,15:00:00,0.028,9.604,10.305
26-Apr-19,16:00:00,0.033,9.64,10.14
26-Apr-19,17:00:00,0.005,9.317,9.778
26-Apr-19,18:00:00,0.002,8.834,9.881
26-Apr-19,19:00:00,0,8.18,9.879
26-Apr-19,20:00:00,0,7.606,9.918
26-Apr-19,21:00:00,0,7.245,10.564
26-Apr-19,22:00:00,0,7.055,11.101
26-Apr-19,23:00:00,0,7.045,10.693
27-Apr-19,00:00:00,0,7.1,10.013
27-Apr-19,01:00:00,0,6.836,9.402
27-Apr-19,02:00:00,0,6.142,8.927
27-Apr-19,03:00:00,0,5.714,8.202
27-Apr-19,04:00:00,0,5.604,7.039
27-Apr-19,05:00:00,0,5.523,5.75
27-Apr-19,06:00:00,0,5.63,4.796
27-Apr-19,07:00:00,0.002,6.058,4.716
27-Apr-19,08:00:00,0.015,6.661,5.712
27-Apr-19,09:00:00,0.037,7.391,7.363
27-Apr-19,10:00:00,0.038,7.957,8.41
27-Apr-19,11:00:00,0.057,8.391,8.933
27-Apr-19,12:00:00,0.035,8.457,9.369
27-Apr-19,13:00:00,0.026,8.431,9.906
27-Apr-19,14:00:00,0.011,8.252,10.465
27-Apr-19,15:00:00,0.007,8.132,10.916
27-Apr-19,16:00:00,0.004,7.989,11.113
27-Apr-19,17:00:00,0.003,7.873,11.16
27-Apr-19,18:00:00,0.001,7.754,11.059
27-Apr-19,19:00:00,0,7.614,11.039
27-Apr-19,20:00:00,0,7.486,10.83
27-Apr-19,21:00:00,0,7.446,10.27
27-Apr-19,22:00:00,0,7.46,9.864
27-Apr-19,23:00:00,0,7.455,9.286
28-Apr-19,00:00:00,0,7.386,8.685
28-Apr-19,01:00:00,0,7.287,8.257
28-Apr-19,02:00:00,0,7.133,7.429
28-Apr-19,03:00:00,0,6.695,6.623
28-Apr-19,04:00:00,0,6.386,5.897
28-Apr-19,05:00:00,0,6.363,5.296
28-Apr-19,06:00:00,0,6.675,4.778
28-Apr-19,07:00:00,0.002,7.02,4.208
28-Apr-19,08:00:00,0.015,7.596,3.713
28-Apr-19,09:00:00,0.062,8.703,3.447
28-Apr-19,10:00:00,0.219,9.873,3.294
28-Apr-19,11:00:00,0.465,11.034,2.819
28-Apr-19,12:00:00,0.498,11.952,2.221
28-Apr-19,13:00:00,0.334,12.421,2.428
28-Apr-19,14:00:00,0.203,12.538,2.853
28-Apr-19,15:00:00,0.14,12.507,3.084
28-Apr-19,16:00:00,0.09,12.312,3.247
28-Apr-19,17:00:00,0.048,11.989,3.284
28-Apr-19,18:00:00,0.017,11.46,3.354
28-Apr-19,19:00:00,0,10.571,3.536
28-Apr-19,20:00:00,0,9.202,3.657
28-Apr-19,21:00:00,0,8.275,3.641
28-Apr-19,22:00:00,0,7.649,3.45
28-Apr-19,23:00:00,0,7.241,3.097
29-Apr-19,00:00:00,0,6.831,2.665
29-Apr-19,01:00:00,0,6.568,2.155
29-Apr-19,02:00:00,0,6.497,2.152
29-Apr-19,03:00:00,0,6.264,2.707
29-Apr-19,04:00:00,0,5.925,3.187
29-Apr-19,05:00:00,0,5.715,3.583
29-Apr-19,06:00:00,0,5.772,3.9
29-Apr-19,07:00:00,0.022,6.547,3.981
29-Apr-19,08:00:00,0.074,7.38,4.172
29-Apr-19,09:00:00,0.275,8.894,4.51
29-Apr-19,10:00:00,0.57,10.483,4.757
29-Apr-19,11:00:00,0.775,11.79,4.963
29-Apr-19,12:00:00,0.854,12.592,5.118
29-Apr-19,13:00:00,0.857,13.158,5.216
29-Apr-19,14:00:00,0.747,13.457,5.291
29-Apr-19,15:00:00,0.602,13.565,5.325
29-Apr-19,16:00:00,0.426,13.501,5.345
29-Apr-19,17:00:00,0.158,13.113,5.365
29-Apr-19,18:00:00,0.036,12.548,5.237
29-Apr-19,19:00:00,0.001,11.73,5.102
29-Apr-19,20:00:00,0,10.258,5.529
29-Apr-19,21:00:00,0,9.347,6.16
29-Apr-19,22:00:00,0,8.654,6.61
29-Apr-19,23:00:00,0,7.949,6.961
30-Apr-19,00:00:00,0,7.162,7.094
30-Apr-19,01:00:00,0,6.605,7.156
30-Apr-19,02:00:00,0,6.288,7.188
30-Apr-19,03:00:00,0,6.148,7.197
30-Apr-19,04:00:00,0,5.977,6.947
30-Apr-19,05:00:00,0,5.89,6.608
30-Apr-19,06:00:00,0,6.507,6.162
30-Apr-19,07:00:00,0.026,7.601,5.753
30-Apr-19,08:00:00,0.138,9.016,5.586
30-Apr-19,09:00:00,0.174,10.445,5.368
30-Apr-19,10:00:00,0.131,11.538,5.232
30-Apr-19,11:00:00,0.089,11.918,5.141
30-Apr-19,12:00:00,0.069,12.077,5.085
30-Apr-19,13:00:00,0.064,12.218,5.051
30-Apr-19,14:00:00,0.052,12.278,4.982
30-Apr-19,15:00:00,0.046,12.254,4.851
30-Apr-19,16:00:00,0.033,12.175,4.619
30-Apr-19,17:00:00,0.013,11.962,4.224
30-Apr-19,18:00:00,0.004,11.633,3.689
30-Apr-19,19:00:00,0,11.134,3.162
30-Apr-19,20:00:00,0,10.635,2.644
30-Apr-19,21:00:00,0,10.342,2.498
30-Apr-19,22:00:00,0,10.034,2.722
30-Apr-19,23:00:00,0,9.656,3.064
01-May-19,00:00:00,0,9.207,3.388
01-May-19,01:00:00,0,8.819,3.633
01-May-19,02:00:00,0,8.451,3.778
01-May-19,03:00:00,0,8.171,3.866
01-May-19,04:00:00,0,8.021,3.932
01-May-19,05:00:00,0,7.938,3.949
01-May-19,06:00:00,0,8.138,3.965
01-May-19,07:00:00,0.003,9.025,3.869
01-May-19,08:00:00,0.014,9.683,3.993
01-May-19,09:00:00,0.03,10.191,4.192
01-May-19,10:00:00,0.045,10.485,4.338
01-May-19,11:00:00,0.075,10.825,4.541
01-May-19,12:00:00,0.069,11.015,4.684
01-May-19,13:00:00,0.062,11.083,4.684
01-May-19,14:00:00,0.136,11.434,4.615
01-May-19,15:00:00,0.262,11.902,4.639
01-May-19,16:00:00,0.212,12.05,4.764
01-May-19,17:00:00,0.082,11.813,4.957
01-May-19,18:00:00,0.029,11.467,5.165
01-May-19,19:00:00,0,10.856,5.555
01-May-19,20:00:00,0,9.672,6.103
01-May-19,21:00:00,0,8.726,6.477
01-May-19,22:00:00,0,8.063,6.755
01-May-19,23:00:00,0,7.473,6.796
02-May-19,00:00:00,0,6.886,6.611
02-May-19,01:00:00,0,6.559,6.409
02-May-19,02:00:00,0,6.441,6.217
02-May-19,03:00:00,0,6.475,6.104
02-May-19,04:00:00,0,6.525,6.009
02-May-19,05:00:00,0,6.736,5.88
02-May-19,06:00:00,0,7.407,5.764
02-May-19,07:00:00,0.004,8.066,5.568
02-May-19,08:00:00,0.038,8.693,5.72
02-May-19,09:00:00,0.112,9.432,5.631
02-May-19,10:00:00,0.265,10.205,5.6
02-May-19,11:00:00,0.145,10.515,5.604
02-May-19,12:00:00,0.143,10.687,5.648
02-May-19,13:00:00,0.233,11.065,5.628
02-May-19,14:00:00,0.378,11.587,5.608
02-May-19,15:00:00,0.339,11.896,5.612
02-May-19,16:00:00,0.212,11.88,5.525
02-May-19,17:00:00,0.063,11.527,5.233
02-May-19,18:00:00,0.011,10.91,4.913
02-May-19,19:00:00,0,10.031,4.912
02-May-19,20:00:00,0,8.933,5.402
02-May-19,21:00:00,0,7.962,6.104
02-May-19,22:00:00,0,7.113,6.614
02-May-19,23:00:00,0,6.521,6.567
03-May-19,00:00:00,0,6.094,6.361
03-May-19,01:00:00,0,5.729,6.208
03-May-19,02:00:00,0,5.433,6.054
03-May-19,03:00:00,0,5.174,5.902
03-May-19,04:00:00,0,4.986,5.52
03-May-19,05:00:00,0,4.803,5.056
03-May-19,06:00:00,0,4.817,4.887
03-May-19,07:00:00,0.003,5.003,4.886
03-May-19,08:00:00,0.021,5.54,5.062
03-May-19,09:00:00,0.103,6.408,5.079
03-May-19,10:00:00,0.342,7.477,5.039
03-May-19,11:00:00,0.577,8.401,5.078
03-May-19,12:00:00,0.661,9.066,5.318
03-May-19,13:00:00,0.645,9.478,5.644
03-May-19,14:00:00,0.461,9.534,5.953
03-May-19,15:00:00,0.278,9.376,6.158
03-May-19,16:00:00,0.169,9.113,6.196
03-May-19,17:00:00,0.083,8.735,6.127
03-May-19,18:00:00,0.027,8.194,5.972
03-May-19,19:00:00,0.001,7.433,5.745
03-May-19,20:00:00,0,6.305,5.935
03-May-19,21:00:00,0,5.574,6.303
03-May-19,22:00:00,0,5.158,6.652
03-May-19,23:00:00,0,4.63,7.016
04-May-19,00:00:00,0,4.027,7.261
04-May-19,01:00:00,0,3.544,7.393
04-May-19,02:00:00,0,3.016,7.272
04-May-19,03:00:00,0,2.469,7.362
04-May-19,04:00:00,0,2.043,7.507
04-May-19,05:00:00,0,1.784,7.735
04-May-19,06:00:00,0,2.354,7.862
04-May-19,07:00:00,0.098,3.377,8.031
04-May-19,08:00:00,0.292,4.67,8.919
04-May-19,09:00:00,0.487,5.856,8.943
04-May-19,10:00:00,0.624,6.855,8.645
04-May-19,11:00:00,0.599,7.604,8.189
04-May-19,12:00:00,0.445,8.089,7.787
04-May-19,13:00:00,0.366,8.475,7.462
04-May-19,14:00:00,0.34,8.797,7.199
04-May-19,15:00:00,0.315,8.956,7.027
04-May-19,16:00:00,0.224,8.848,6.998
04-May-19,17:00:00,0.127,8.621,6.919
04-May-19,18:00:00,0.054,8.331,6.569
04-May-19,19:00:00,0.002,7.723,5.968
04-May-19,20:00:00,0,6.22,5.532
04-May-19,21:00:00,0,5.341,5.104
04-May-19,22:00:00,0,5.05,4.633
04-May-19,23:00:00,0,4.959,4.108
05-May-19,00:00:00,0,4.789,3.637
05-May-19,01:00:00,0,4.822,3.287
05-May-19,02:00:00,0,4.968,3.062
05-May-19,03:00:00,0,4.926,2.945
05-May-19,04:00:00,0,4.843,2.878
05-May-19,05:00:00,0,4.734,2.846
05-May-19,06:00:00,0,5.021,2.949
05-May-19,07:00:00,0.059,6.133,3.198
05-May-19,08:00:00,0.255,7.099,3.88
05-May-19,09:00:00,0.447,7.927,4.715
05-May-19,10:00:00,0.575,8.444,5.279
05-May-19,11:00:00,0.637,8.763,5.617
05-May-19,12:00:00,0.763,9.155,5.887
05-May-19,13:00:00,0.791,9.46,6.116
05-May-19,14:00:00,0.688,9.535,6.322
05-May-19,15:00:00,0.567,9.452,6.547
05-May-19,16:00:00,0.388,9.277,6.772
05-May-19,17:00:00,0.195,9.007,6.921
05-May-19,18:00:00,0.065,8.6,6.984
05-May-19,19:00:00,0.002,7.984,7.021
05-May-19,20:00:00,0,6.888,7.42
05-May-19,21:00:00,0,6.162,7.755
05-May-19,22:00:00,0,5.817,7.79
05-May-19,23:00:00,0,5.316,7.676
06-May-19,00:00:00,0,4.905,7.359
06-May-19,01:00:00,0,4.706,6.885
06-May-19,02:00:00,0,4.597,6.633
06-May-19,03:00:00,0,4.565,6.579
06-May-19,04:00:00,0,4.488,6.442
06-May-19,05:00:00,0,4.36,6.139
06-May-19,06:00:00,0,5.021,5.841
06-May-19,07:00:00,0.009,5.777,5.409
06-May-19,08:00:00,0.033,6.34,5.114
06-May-19,09:00:00,0.052,6.853,4.705
06-May-19,10:00:00,0.048,7.15,4.281
06-May-19,11:00:00,0.054,7.402,3.929
06-May-19,12:00:00,0.055,7.562,3.731
06-May-19,13:00:00,0.065,7.707,3.66
06-May-19,14:00:00,0.065,7.807,3.604
06-May-19,15:00:00,0.063,7.814,3.455
06-May-19,16:00:00,0.049,7.777,3.28
06-May-19,17:00:00,0.024,7.626,3.072
06-May-19,18:00:00,0.01,7.368,2.86
06-May-19,19:00:00,0.001,7.048,2.549
06-May-19,20:00:00,0,6.304,2.824
06-May-19,21:00:00,0,5.766,3.259
06-May-19,22:00:00,0,5.504,3.603
06-May-19,23:00:00,0,5.274,3.845
07-May-19,00:00:00,0,5.116,4.001
07-May-19,01:00:00,0,5.069,4.09
07-May-19,02:00:00,0,5.078,4.106
07-May-19,03:00:00,0,5.044,4.043
07-May-19,04:00:00,0,5.031,3.883
07-May-19,05:00:00,0,5.06,3.621
07-May-19,06:00:00,0,5.375,3.385
07-May-19,07:00:00,0.001,5.787,3.204
07-May-19,08:00:00,0.002,6.015,3.218
07-May-19,09:00:00,0.006,6.24,3.392
07-May-19,10:00:00,0.009,6.474,3.523
07-May-19,11:00:00,0.015,6.706,3.542
07-May-19,12:00:00,0.023,6.942,3.446
07-May-19,13:00:00,0.028,7.176,3.435
07-May-19,14:00:00,0.024,7.275,3.592
07-May-19,15:00:00,0.017,7.232,3.718
07-May-19,16:00:00,0.012,7.211,3.767
07-May-19,17:00:00,0.009,7.31,3.805
07-May-19,18:00:00,0.006,7.368,3.944
07-May-19,19:00:00,0.001,7.259,4.36
07-May-19,20:00:00,0,6.406,5.271
07-May-19,21:00:00,0,5.694,6.351
07-May-19,22:00:00,0,5.51,7.034
07-May-19,23:00:00,0,5.329,7.264
08-May-19,00:00:00,0,5.371,7.559
08-May-19,01:00:00,0,5.322,7.732
08-May-19,02:00:00,0,5.23,7.892
08-May-19,03:00:00,0,5.272,7.968
08-May-19,04:00:00,0,5.413,7.846
08-May-19,05:00:00,0,5.494,7.819
08-May-19,06:00:00,0,5.69,8.03
08-May-19,07:00:00,0.001,6.069,8.307
08-May-19,08:00:00,0.003,6.547,8.644
08-May-19,09:00:00,0.008,7.07,9.128
08-May-19,10:00:00,0.016,7.616,9.671
08-May-19,11:00:00,0.025,8.108,10.028
08-May-19,12:00:00,0.029,8.449,10.313
08-May-19,13:00:00,0.031,8.632,10.451
08-May-19,14:00:00,0.03,8.702,10.453
08-May-19,15:00:00,0.024,8.649,10.37
08-May-19,16:00:00,0.016,8.43,10.183
08-May-19,17:00:00,0.01,8.078,9.991
08-May-19,18:00:00,0.004,7.598,9.755
08-May-19,19:00:00,0,7.065,9.483
08-May-19,20:00:00,0,6.554,9.458
08-May-19,21:00:00,0,6.226,9.626
08-May-19,22:00:00,0,6.055,9.652
08-May-19,23:00:00,0,5.91,9.661
09-May-19,00:00:00,0,5.797,9.703
09-May-19,01:00:00,0,5.736,9.741
09-May-19,02:00:00,0,5.707,9.627
09-May-19,03:00:00,0,5.629,9.366
09-May-19,04:00:00,0,5.467,9.105
09-May-19,05:00:00,0,5.228,8.674
09-May-19,06:00:00,0,5.226,8.332
09-May-19,07:00:00,0.004,5.578,8.078
09-May-19,08:00:00,0.019,6.165,8.649
09-May-19,09:00:00,0.059,6.824,8.877
09-May-19,10:00:00,0.131,7.561,8.547
09-May-19,11:00:00,0.201,8.282,7.991
09-May-19,12:00:00,0.227,8.844,7.345
09-May-19,13:00:00,0.208,9.182,6.781
09-May-19,14:00:00,0.161,9.317,6.301
09-May-19,15:00:00,0.107,9.254,5.868
09-May-19,16:00:00,0.065,9.038,5.478
09-May-19,17:00:00,0.032,8.684,5.106
09-May-19,18:00:00,0.01,8.177,4.845
09-May-19,19:00:00,0,7.495,4.733
09-May-19,20:00:00,0,6.433,4.765
09-May-19,21:00:00,0,5.557,4.741
09-May-19,22:00:00,0,5.131,4.632
09-May-19,23:00:00,0,4.799,4.483
10-May-19,00:00:00,0,4.54,4.309
10-May-19,01:00:00,0,4.328,4.15
10-May-19,02:00:00,0,4.088,4.07
10-May-19,03:00:00,0,3.772,4.093
10-May-19,04:00:00,0,3.495,4.169
10-May-19,05:00:00,0,3.333,4.317
10-May-19,06:00:00,0,4.072,4.553
10-May-19,07:00:00,0.022,5.381,4.637
10-May-19,08:00:00,0.079,6.45,4.836
10-May-19,09:00:00,0.151,7.378,4.972
10-May-19,10:00:00,0.202,8.131,5.091
10-May-19,11:00:00,0.241,8.742,5.172
10-May-19,12:00:00,0.277,9.295,5.089
10-May-19,13:00:00,0.265,9.692,4.892
10-May-19,14:00:00,0.249,9.964,4.659
10-May-19,15:00:00,0.151,10.014,4.36
10-May-19,16:00:00,0.068,9.864,3.98
10-May-19,17:00:00,0.031,9.603,3.608
10-May-19,18:00:00,0.011,9.277,3.287
10-May-19,19:00:00,0.001,8.772,3.078
10-May-19,20:00:00,0,8.017,3.065
10-May-19,21:00:00,0,7.447,3.334
10-May-19,22:00:00,0,7.085,3.451
10-May-19,23:00:00,0,6.747,3.388
11-May-19,00:00:00,0,6.392,3.212
11-May-19,01:00:00,0,6.193,2.997
11-May-19,02:00:00,0,6.008,2.779
11-May-19,03:00:00,0,5.801,2.665
11-May-19,04:00:00,0,5.591,2.858
11-May-19,05:00:00,0,5.038,3.324
11-May-19,06:00:00,0,5.453,3.866
11-May-19,07:00:00,0.058,6.544,4.271
11-May-19,08:00:00,0.223,7.551,4.915
11-May-19,09:00:00,0.434,8.672,5.402
11-May-19,10:00:00,0.604,9.657,5.56
11-May-19,11:00:00,0.69,10.395,5.737
11-May-19,12:00:00,0.77,10.991,5.944
11-May-19,13:00:00,0.819,11.466,6.049
11-May-19,14:00:00,0.812,11.828,6.036
11-May-19,15:00:00,0.722,12.023,6.043
11-May-19,16:00:00,0.563,11.998,6.17
11-May-19,17:00:00,0.353,11.745,6.34
11-May-19,18:00:00,0.163,11.306,6.359
11-May-19,19:00:00,0.011,10.387,6.365
11-May-19,20:00:00,0,8.593,6.492
11-May-19,21:00:00,0,7.26,6.413
11-May-19,22:00:00,0,6.6,6.034
11-May-19,23:00:00,0,5.908,5.659
12-May-19,00:00:00,0,5.226,5.467
12-May-19,01:00:00,0,4.592,5.363
12-May-19,02:00:00,0,4.091,5.235
12-May-19,03:00:00,0,3.705,5.032
12-May-19,04:00:00,0,3.355,4.8
12-May-19,05:00:00,0,3.257,4.47
12-May-19,06:00:00,0,4.475,3.969
12-May-19,07:00:00,0.112,5.921,3.254
12-May-19,08:00:00,0.329,7.954,2.887
12-May-19,09:00:00,0.546,9.869,2.737
12-May-19,10:00:00,0.728,10.935,2.71
12-May-19,11:00:00,0.821,11.729,3.227
12-May-19,12:00:00,0.909,12.321,3.758
12-May-19,13:00:00,0.96,12.718,4.244
12-May-19,14:00:00,0.904,12.9,4.556
12-May-19,15:00:00,0.784,12.898,4.692
12-May-19,16:00:00,0.612,12.682,4.548
12-May-19,17:00:00,0.386,12.303,4.182
12-May-19,18:00:00,0.152,11.756,3.908
12-May-19,19:00:00,0.011,10.985,3.753
12-May-19,20:00:00,0,9.528,3.61
12-May-19,21:00:00,0,8.56,3.415
12-May-19,22:00:00,0,8.179,3.56
12-May-19,23:00:00,0,7.755,3.94
13-May-19,00:00:00,0,7.2,4.338
13-May-19,01:00:00,0,6.685,4.709
13-May-19,02:00:00,0,6.238,5.031
13-May-19,03:00:00,0,5.904,5.276
13-May-19,04:00:00,0,5.617,5.437
13-May-19,05:00:00,0,5.459,5.547
13-May-19,06:00:00,0,6.925,5.531
13-May-19,07:00:00,0.102,8.883,4.99
13-May-19,08:00:00,0.289,10.338,4.569
13-May-19,09:00:00,0.464,12.192,5.083
13-May-19,10:00:00,0.536,13.179,5.236
13-May-19,11:00:00,0.584,13.816,5.375
13-May-19,12:00:00,0.705,14.289,5.445
13-May-19,13:00:00,0.757,14.61,5.403
13-May-19,14:00:00,0.652,14.713,5.18
13-May-19,15:00:00,0.384,14.558,4.782
13-May-19,16:00:00,0.268,14.383,4.468
13-May-19,17:00:00,0.181,14.197,4.161
13-May-19,18:00:00,0.069,13.9,3.752
13-May-19,19:00:00,0.004,13.301,3.266
13-May-19,20:00:00,0,12.188,3.14
13-May-19,21:00:00,0,11.412,3.188
13-May-19,22:00:00,0,10.974,3.234
13-May-19,23:00:00,0,10.534,3.5
14-May-19,00:00:00,0,9.908,3.998
14-May-19,01:00:00,0,9.39,4.498
14-May-19,02:00:00,0,8.913,4.981
14-May-19,03:00:00,0,8.441,5.335
14-May-19,04:00:00,0,8.054,5.452
14-May-19,05:00:00,0,7.826,5.351
14-May-19,06:00:00,0,8.948,5.21
14-May-19,07:00:00,0.079,10.701,4.792
14-May-19,08:00:00,0.22,11.884,4.369
14-May-19,09:00:00,0.37,13.568,4.652
14-May-19,10:00:00,0.567,14.567,4.919
14-May-19,11:00:00,0.736,15.333,5.028
14-May-19,12:00:00,0.824,15.939,4.94
14-May-19,13:00:00,0.789,16.402,4.851
14-May-19,14:00:00,0.708,16.75,4.818
14-May-19,15:00:00,0.563,16.943,4.811
14-May-19,16:00:00,0.404,17.005,4.768
14-May-19,17:00:00,0.264,16.925,4.682
14-May-19,18:00:00,0.12,16.618,4.51
14-May-19,19:00:00,0.009,15.916,4.222
14-May-19,20:00:00,0,14.449,3.814
14-May-19,21:00:00,0,13.742,3.32
14-May-19,22:00:00,0,13.51,3.037
14-May-19,23:00:00,0,12.61,3.37
15-May-19,00:00:00,0,11.696,4.081
15-May-19,01:00:00,0,10.881,4.803
15-May-19,02:00:00,0,10.302,5.361
15-May-19,03:00:00,0,9.758,5.711
15-May-19,04:00:00,0,9.195,5.827
15-May-19,05:00:00,0,8.834,5.815
15-May-19,06:00:00,0,9.779,5.646
15-May-19,07:00:00,0.083,11.065,4.987
15-May-19,08:00:00,0.277,12.29,4.456
15-May-19,09:00:00,0.486,14.111,4.44
15-May-19,10:00:00,0.657,15.259,4.269
15-May-19,11:00:00,0.781,16.169,4.22
15-May-19,12:00:00,0.86,16.931,4.197
15-May-19,13:00:00,0.885,17.567,4.108
15-May-19,14:00:00,0.838,18.07,3.934
15-May-19,15:00:00,0.715,18.423,3.716
15-May-19,16:00:00,0.524,18.57,3.518
15-May-19,17:00:00,0.257,18.455,3.35
15-May-19,18:00:00,0.054,18.053,3.3
15-May-19,19:00:00,0.001,17.127,3.432
15-May-19,20:00:00,0,15.77,3.634
15-May-19,21:00:00,0,14.827,3.879
15-May-19,22:00:00,0,13.976,4.682
15-May-19,23:00:00,0,13.015,5.69
16-May-19,00:00:00,0,12.036,6.549
16-May-19,01:00:00,0,10.977,6.974
16-May-19,02:00:00,0,9.941,7.149
16-May-19,03:00:00,0,9.096,7.126
16-May-19,04:00:00,0,8.344,6.913
16-May-19,05:00:00,0,7.772,6.74
16-May-19,06:00:00,0,7.991,6.488
16-May-19,07:00:00,0.097,8.846,6.45
16-May-19,08:00:00,0.297,10.236,6.884
16-May-19,09:00:00,0.521,11.462,7.122
16-May-19,10:00:00,0.719,12.449,7.243
16-May-19,11:00:00,0.867,13.346,7.337
16-May-19,12:00:00,0.948,14.083,7.374
16-May-19,13:00:00,0.955,14.617,7.361
16-May-19,14:00:00,0.895,14.949,7.299
16-May-19,15:00:00,0.773,15.051,7.243
16-May-19,16:00:00,0.601,14.953,7.328
16-May-19,17:00:00,0.398,14.616,7.505
16-May-19,18:00:00,0.177,13.979,7.719
16-May-19,19:00:00,0.015,12.918,7.88
16-May-19,20:00:00,0,11.201,8.121
16-May-19,21:00:00,0,9.497,8.349
16-May-19,22:00:00,0,8.538,8.093
16-May-19,23:00:00,0,7.878,7.777
17-May-19,00:00:00,0,7.491,7.696
17-May-19,01:00:00,0,7.291,7.701
17-May-19,02:00:00,0,7.121,7.68
17-May-19,03:00:00,0,7.033,7.659
17-May-19,04:00:00,0,7.103,7.479
17-May-19,05:00:00,0,7.256,7.105
17-May-19,06:00:00,0,7.785,6.598
17-May-19,07:00:00,0.016,8.615,6.221
17-May-19,08:00:00,0.11,9.989,6.817
17-May-19,09:00:00,0.272,11.449,7.427
17-May-19,10:00:00,0.397,12.715,7.658
17-May-19,11:00:00,0.492,13.759,7.572
17-May-19,12:00:00,0.561,14.518,7.399
17-May-19,13:00:00,0.594,15.069,7.268
17-May-19,14:00:00,0.571,15.398,7.212
17-May-19,15:00:00,0.511,15.504,7.242
17-May-19,16:00:00,0.381,15.302,7.38
17-May-19,17:00:00,0.23,14.758,7.569
17-May-19,18:00:00,0.075,13.819,7.649
17-May-19,19:00:00,0.004,12.548,7.566
17-May-19,20:00:00,0,11.084,7.494
17-May-19,21:00:00,0,9.838,7.486
17-May-19,22:00:00,0,9.06,7.301
17-May-19,23:00:00,0,8.554,7.198
18-May-19,00:00:00,0,8.271,6.955
18-May-19,01:00:00,0,8.17,6.237
18-May-19,02:00:00,0,8.052,5.681
18-May-19,03:00:00,0,8.06,5.379
18-May-19,04:00:00,0,8.131,5.085
18-May-19,05:00:00,0,8.221,4.773
18-May-19,06:00:00,0,8.937,4.235
18-May-19,07:00:00,0.005,9.59,3.633
18-May-19,08:00:00,0.019,10.254,3.081
18-May-19,09:00:00,0.05,11,2.465
18-May-19,10:00:00,0.121,11.862,2.035
18-May-19,11:00:00,0.162,12.481,2.264
18-May-19,12:00:00,0.255,12.96,2.655
18-May-19,13:00:00,0.336,13.424,2.855
18-May-19,14:00:00,0.263,13.726,3.076
18-May-19,15:00:00,0.26,13.837,3.371
18-May-19,16:00:00,0.164,13.673,3.641
18-May-19,17:00:00,0.088,13.303,3.857
18-May-19,18:00:00,0.016,12.702,4.059
18-May-19,19:00:00,0.001,12.102,4.28
18-May-19,20:00:00,0,11.337,4.514
18-May-19,21:00:00,0,10.361,4.729
18-May-19,22:00:00,0,9.748,4.789
18-May-19,23:00:00,0,9.154,4.698
19-May-19,00:00:00,0,8.707,4.528
19-May-19,01:00:00,0,8.468,4.42
19-May-19,02:00:00,0,8.425,4.391
19-May-19,03:00:00,0,8.512,4.439
19-May-19,04:00:00,0,8.595,4.497
19-May-19,05:00:00,0,8.725,4.502
19-May-19,06:00:00,0,9.556,4.311
19-May-19,07:00:00,0.023,10.238,4.109
19-May-19,08:00:00,0.145,11.008,3.888
19-May-19,09:00:00,0.344,11.85,3.713
19-May-19,10:00:00,0.453,12.415,3.873
19-May-19,11:00:00,0.619,12.933,4.262
19-May-19,12:00:00,0.709,13.384,4.679
19-May-19,13:00:00,0.578,13.566,4.976
19-May-19,14:00:00,0.47,13.595,5.127
19-May-19,15:00:00,0.264,13.34,5.192
19-May-19,16:00:00,0.176,13.108,5.137
19-May-19,17:00:00,0.157,12.976,5.041
19-May-19,18:00:00,0.052,12.699,4.969
19-May-19,19:00:00,0.002,12.184,4.868
19-May-19,20:00:00,0,11.379,4.897
19-May-19,21:00:00,0,10.369,5.042
19-May-19,22:00:00,0,9.862,5.144
19-May-19,23:00:00,0,9.372,5.167
20-May-19,00:00:00,0,8.92,5.203
20-May-19,01:00:00,0,8.508,5.258
20-May-19,02:00:00,0,8.122,5.297
20-May-19,03:00:00,0,7.76,5.236
20-May-19,04:00:00,0,7.446,5.044
20-May-19,05:00:00,0,7.399,4.817
20-May-19,06:00:00,0,8.591,4.506
20-May-19,07:00:00,0.087,9.731,4.405
20-May-19,08:00:00,0.285,10.849,4.259
20-May-19,09:00:00,0.474,11.91,4.15
20-May-19,10:00:00,0.631,12.761,4.238
20-May-19,11:00:00,0.731,13.401,4.507
20-May-19,12:00:00,0.736,13.779,4.794
20-May-19,13:00:00,0.693,13.959,5.063
20-May-19,14:00:00,0.607,14.072,5.32
20-May-19,15:00:00,0.472,14.072,5.616
20-May-19,16:00:00,0.278,13.825,5.865
20-May-19,17:00:00,0.129,13.459,6.047
20-May-19,18:00:00,0.099,13.136,6.112
20-May-19,19:00:00,0.013,12.581,5.898
20-May-19,20:00:00,0,11.288,5.855
20-May-19,21:00:00,0,9.755,6.069
20-May-19,22:00:00,0,9.093,6.227
20-May-19,23:00:00,0,8.535,6.326
21-May-19,00:00:00,0,8.018,6.409
21-May-19,01:00:00,0,7.598,6.375
21-May-19,02:00:00,0,7.477,6.23
21-May-19,03:00:00,0,7.446,6.046
21-May-19,04:00:00,0,7.304,5.733
21-May-19,05:00:00,0,7.348,5.326
21-May-19,06:00:00,0,8.168,5.067
21-May-19,07:00:00,0.044,8.927,5.146
21-May-19,08:00:00,0.236,10.044,5.145
21-May-19,09:00:00,0.472,11.282,4.953
21-May-19,10:00:00,0.688,12.245,4.834
21-May-19,11:00:00,0.805,12.881,5.052
21-May-19,12:00:00,0.871,13.235,5.463
21-May-19,13:00:00,0.877,13.451,5.864
21-May-19,14:00:00,0.813,13.582,6.228
21-May-19,15:00:00,0.716,13.605,6.42
21-May-19,16:00:00,0.567,13.473,6.48
21-May-19,17:00:00,0.381,13.206,6.565
21-May-19,18:00:00,0.182,12.773,6.63
21-May-19,19:00:00,0.016,12.101,6.369
21-May-19,20:00:00,0,10.939,6.045
21-May-19,21:00:00,0,9.274,6.003
21-May-19,22:00:00,0,8.507,6.016
21-May-19,23:00:00,0,7.925,5.996
22-May-19,00:00:00,0,7.371,5.853
22-May-19,01:00:00,0,6.857,5.683
22-May-19,02:00:00,0,6.402,5.549
22-May-19,03:00:00,0,5.994,5.37
22-May-19,04:00:00,0,5.637,5.179
22-May-19,05:00:00,0,5.716,4.943
22-May-19,06:00:00,0,7.344,4.579
22-May-19,07:00:00,0.136,8.795,4.505
22-May-19,08:00:00,0.356,10.051,4.775
22-May-19,09:00:00,0.569,11.169,5.028
22-May-19,10:00:00,0.751,12.126,5.322
22-May-19,11:00:00,0.888,12.888,5.656
22-May-19,12:00:00,0.965,13.439,6.03
22-May-19,13:00:00,0.975,13.765,6.392
22-May-19,14:00:00,0.92,13.9,6.695
22-May-19,15:00:00,0.802,13.876,6.894
22-May-19,16:00:00,0.633,13.696,6.944
22-May-19,17:00:00,0.43,13.351,6.879
22-May-19,18:00:00,0.214,12.813,6.808
22-May-19,19:00:00,0.026,12.015,6.569
22-May-19,20:00:00,0,10.506,6.351
22-May-19,21:00:00,0,8.728,6.408
22-May-19,22:00:00,0,8.031,6.41
22-May-19,23:00:00,0,7.474,6.283
23-May-19,00:00:00,0,6.962,6.117
23-May-19,01:00:00,0,6.527,5.974
23-May-19,02:00:00,0,6.245,5.79
23-May-19,03:00:00,0,6.239,5.426
23-May-19,04:00:00,0,6.295,4.993
23-May-19,05:00:00,0,6.584,4.625
23-May-19,06:00:00,0,7.756,4.573
23-May-19,07:00:00,0.075,9.019,4.569
23-May-19,08:00:00,0.284,10.312,4.859
23-May-19,09:00:00,0.419,11.536,5.287
23-May-19,10:00:00,0.542,12.471,5.713
23-May-19,11:00:00,0.694,13.18,6.182
23-May-19,12:00:00,0.82,13.745,6.7
23-May-19,13:00:00,0.853,14.098,7.167
23-May-19,14:00:00,0.821,14.24,7.513
23-May-19,15:00:00,0.738,14.194,7.753
23-May-19,16:00:00,0.605,14.014,7.869
23-May-19,17:00:00,0.419,13.701,7.857
23-May-19,18:00:00,0.213,13.186,7.712
23-May-19,19:00:00,0.027,12.35,7.237
23-May-19,20:00:00,0,10.769,6.833
23-May-19,21:00:00,0,8.897,6.782
23-May-19,22:00:00,0,8.192,6.986
23-May-19,23:00:00,0,7.741,7.121
24-May-19,00:00:00,0,7.301,7.076
24-May-19,01:00:00,0,6.98,7.1
24-May-19,02:00:00,0,6.848,7.082
24-May-19,03:00:00,0,6.735,6.927
24-May-19,04:00:00,0,6.763,6.766
24-May-19,05:00:00,0,7.096,6.692
24-May-19,06:00:00,0,8.407,6.481
24-May-19,07:00:00,0.106,9.557,6.574
24-May-19,08:00:00,0.313,10.691,6.724
24-May-19,09:00:00,0.522,11.776,6.927
24-May-19,10:00:00,0.705,12.68,7.131
24-May-19,11:00:00,0.836,13.455,7.223
24-May-19,12:00:00,0.91,14.16,7.46
24-May-19,13:00:00,0.92,14.709,7.639
24-May-19,14:00:00,0.864,15.049,7.633
24-May-19,15:00:00,0.755,15.194,7.725
24-May-19,16:00:00,0.59,15.024,7.936
24-May-19,17:00:00,0.392,14.595,8.056
24-May-19,18:00:00,0.188,13.948,8.084
24-May-19,19:00:00,0.022,13.041,7.757
24-May-19,20:00:00,0,11.726,7.076
24-May-19,21:00:00,0,10.02,7.044
24-May-19,22:00:00,0,9.133,7.031
24-May-19,23:00:00,0,8.438,6.867
25-May-19,00:00:00,0,7.837,6.43
25-May-19,01:00:00,0,7.427,5.945
25-May-19,02:00:00,0,7.233,5.416
25-May-19,03:00:00,0,7.289,4.96
25-May-19,04:00:00,0,7.316,4.546
25-May-19,05:00:00,0,7.54,4.173
25-May-19,06:00:00,0,8.351,3.899
25-May-19,07:00:00,0.014,9.053,3.845
25-May-19,08:00:00,0.101,10.198,4.11
25-May-19,09:00:00,0.298,11.463,4.517
25-May-19,10:00:00,0.259,12.192,4.993
25-May-19,11:00:00,0.199,12.498,5.487
25-May-19,12:00:00,0.213,12.795,5.741
25-May-19,13:00:00,0.128,12.864,5.926
25-May-19,14:00:00,0.074,12.767,6.403
25-May-19,15:00:00,0.041,12.601,7.051
25-May-19,16:00:00,0.022,12.409,7.417
25-May-19,17:00:00,0.01,12.213,7.644
25-May-19,18:00:00,0.005,12.122,7.997
25-May-19,19:00:00,0,12.064,8.156
25-May-19,20:00:00,0,12.076,8.362
25-May-19,21:00:00,0,12.173,8.627
25-May-19,22:00:00,0,12.379,8.746
25-May-19,23:00:00,0,12.67,9.125
26-May-19,00:00:00,0,13.2,9.811
26-May-19,01:00:00,0,13.472,9.732
26-May-19,02:00:00,0,13.391,9.281
26-May-19,03:00:00,0,13.119,8.847
26-May-19,04:00:00,0,12.764,8.35
26-May-19,05:00:00,0,12.5,8.066
26-May-19,06:00:00,0,12.429,8.258
26-May-19,07:00:00,0.002,12.582,8.597
26-May-19,08:00:00,0.011,13.069,9.773
26-May-19,09:00:00,0.043,13.573,10.441
26-May-19,10:00:00,0.031,13.436,10.81
26-May-19,11:00:00,0.035,13.167,10.954
26-May-19,12:00:00,0.078,13.298,11.024
26-May-19,13:00:00,0.221,13.639,11.313
26-May-19,14:00:00,0.392,13.976,11.67
26-May-19,15:00:00,0.414,14.068,12.005
26-May-19,16:00:00,0.325,13.911,12.128
26-May-19,17:00:00,0.226,13.607,12.12
26-May-19,18:00:00,0.074,13.065,11.832
26-May-19,19:00:00,0.003,12.34,11.308
26-May-19,20:00:00,0,11.642,10.831
26-May-19,21:00:00,0,10.939,10.696
26-May-19,22:00:00,0,10.539,10.761
26-May-19,23:00:00,0,10.162,10.83
27-May-19,00:00:00,0,9.87,10.928
27-May-19,01:00:00,0,9.704,10.956
27-May-19,02:00:00,0,9.565,10.963
27-May-19,03:00:00,0,9.392,10.894
27-May-19,04:00:00,0,9.297,10.437
27-May-19,05:00:00,0,9.254,9.743
27-May-19,06:00:00,0,9.423,9.107
27-May-19,07:00:00,0.029,9.752,8.542
27-May-19,08:00:00,0.116,10.203,7.966
27-May-19,09:00:00,0.275,10.754,7.483
27-May-19,10:00:00,0.392,11.261,7.068
27-May-19,11:00:00,0.336,11.572,6.885
27-May-19,12:00:00,0.172,11.642,6.924
27-May-19,13:00:00,0.049,11.436,6.839
27-May-19,14:00:00,0.029,11.317,6.566
27-May-19,15:00:00,0.016,11.173,6.158
27-May-19,16:00:00,0.011,11.008,5.699
27-May-19,17:00:00,0.006,10.814,5.221
27-May-19,18:00:00,0.003,10.602,4.777
27-May-19,19:00:00,0.001,10.363,4.342
27-May-19,20:00:00,0,9.868,4.022
27-May-19,21:00:00,0,9.183,3.86
27-May-19,22:00:00,0,8.843,3.788
27-May-19,23:00:00,0,8.548,3.827
28-May-19,00:00:00,0,8.292,4.03
28-May-19,01:00:00,0,8.006,4.275
28-May-19,02:00:00,0,7.645,4.463
28-May-19,03:00:00,0,7.15,4.495
28-May-19,04:00:00,0,6.81,4.363
28-May-19,05:00:00,0,6.913,4.183
28-May-19,06:00:00,0,8.086,3.946
28-May-19,07:00:00,0.082,9.043,3.796
28-May-19,08:00:00,0.224,9.906,3.988
28-May-19,09:00:00,0.388,10.819,4.219
28-May-19,10:00:00,0.54,11.571,4.267
28-May-19,11:00:00,0.628,12.051,4.348
28-May-19,12:00:00,0.697,12.407,4.553
28-May-19,13:00:00,0.71,12.662,4.827
28-May-19,14:00:00,0.701,12.842,5.018
28-May-19,15:00:00,0.651,12.939,5.138
28-May-19,16:00:00,0.521,12.931,5.321
28-May-19,17:00:00,0.348,12.791,5.566
28-May-19,18:00:00,0.185,12.462,5.608
28-May-19,19:00:00,0.021,11.835,5.327
28-May-19,20:00:00,0,10.657,5.069
28-May-19,21:00:00,0,8.944,4.989
28-May-19,22:00:00,0,7.965,5.158
28-May-19,23:00:00,0,7.003,5.373
29-May-19,00:00:00,0,6.292,5.442
29-May-19,01:00:00,0,5.811,5.387
29-May-19,02:00:00,0,5.504,5.239
29-May-19,03:00:00,0,5.375,4.993
29-May-19,04:00:00,0,5.261,4.877
29-May-19,05:00:00,0,5.81,5.03
29-May-19,06:00:00,0,7.622,5.274
29-May-19,07:00:00,0.018,8.994,5.621
29-May-19,08:00:00,0.044,9.815,6.235
29-May-19,09:00:00,0.069,10.504,6.86
29-May-19,10:00:00,0.102,11.062,7.48
29-May-19,11:00:00,0.255,11.599,7.98
29-May-19,12:00:00,0.285,12.048,8.274
29-May-19,13:00:00,0.127,12.27,8.344
29-May-19,14:00:00,0.045,12.21,8.399
29-May-19,15:00:00,0.01,11.796,8.327
29-May-19,16:00:00,0.002,11.321,7.78
29-May-19,17:00:00,0.004,11.376,7.153
29-May-19,18:00:00,0.003,11.706,6.565
29-May-19,19:00:00,0,11.767,6.055
29-May-19,20:00:00,0,11.819,6.594
29-May-19,21:00:00,0,12.054,7.917
29-May-19,22:00:00,0,12.475,8.972
29-May-19,23:00:00,0,12.826,9.94
30-May-19,00:00:00,0,12.897,10.572
30-May-19,01:00:00,0,12.736,10.783
30-May-19,02:00:00,0,12.593,10.944
30-May-19,03:00:00,0,12.498,11.103
30-May-19,04:00:00,0,12.475,10.937
30-May-19,05:00:00,0,12.462,10.471
30-May-19,06:00:00,0,12.645,9.892
30-May-19,07:00:00,0.007,13.039,9.57
30-May-19,08:00:00,0.013,13.41,9.438
30-May-19,09:00:00,0.033,13.881,9.323
30-May-19,10:00:00,0.06,14.375,9.309
30-May-19,11:00:00,0.111,15.005,9.564
30-May-19,12:00:00,0.075,15.321,9.849
30-May-19,13:00:00,0.051,15.436,10.121
30-May-19,14:00:00,0.019,15.33,10.596
30-May-19,15:00:00,0.007,15.042,10.427
30-May-19,16:00:00,0.009,15.028,10.51
30-May-19,17:00:00,0.006,14.869,9.288
30-May-19,18:00:00,0.002,14.521,8.2
30-May-19,19:00:00,0,14.117,7.482
30-May-19,20:00:00,0,13.67,7.474
30-May-19,21:00:00,0,13.369,7.646
30-May-19,22:00:00,0,13.311,7.996
30-May-19,23:00:00,0,13.159,8.036
31-May-19,00:00:00,0,12.879,7.65
31-May-19,01:00:00,0,12.638,7.316
31-May-19,02:00:00,0,12.422,7.169
31-May-19,03:00:00,0,12.188,7.209
31-May-19,04:00:00,0,12.188,7.448
31-May-19,05:00:00,0,12.255,7.647
31-May-19,06:00:00,0,12.408,7.446
31-May-19,07:00:00,0.002,12.69,7.464
31-May-19,08:00:00,0.008,13.201,7.741
31-May-19,09:00:00,0.019,13.741,8.469
31-May-19,10:00:00,0.016,13.945,9.218
31-May-19,11:00:00,0.018,13.993,9.798
31-May-19,12:00:00,0.031,14.116,10.164
31-May-19,13:00:00,0.056,14.402,10.658
31-May-19,14:00:00,0.057,14.458,11.301
31-May-19,15:00:00,0.047,14.189,11.672
31-May-19,16:00:00,0.03,13.827,11.673
31-May-19,17:00:00,0.013,13.403,11.392
31-May-19,18:00:00,0.006,13.07,11.124
31-May-19,19:00:00,0.001,12.665,10.855
31-May-19,20:00:00,0,12.238,10.941
31-May-19,21:00:00,0,11.996,10.665
31-May-19,22:00:00,0,11.903,9.63
31-May-19,23:00:00,0,11.658,8.978
01-Jun-19,00:00:00,0,10.885,7.916
01-Jun-19,01:00:00,0,9.901,7.108
01-Jun-19,02:00:00,0,9.459,6.922
01-Jun-19,03:00:00,0,9.195,6.752
01-Jun-19,04:00:00,0,8.962,6.347
01-Jun-19,05:00:00,0,9.43,5.793
01-Jun-19,06:00:00,0,10.5,5.048
01-Jun-19,07:00:00,0.009,11.293,4.73
01-Jun-19,08:00:00,0.029,12.074,5.197
01-Jun-19,09:00:00,0.092,12.958,5.849
01-Jun-19,10:00:00,0.079,13.547,6.175
01-Jun-19,11:00:00,0.02,13.539,6.061
01-Jun-19,12:00:00,0.015,13.459,5.903
01-Jun-19,13:00:00,0.06,13.964,6.123
01-Jun-19,14:00:00,0.101,14.55,6.587
01-Jun-19,15:00:00,0.102,14.861,6.778
01-Jun-19,16:00:00,0.179,15.118,6.74
01-Jun-19,17:00:00,0.185,15.266,6.543
01-Jun-19,18:00:00,0.112,15.195,5.916
01-Jun-19,19:00:00,0.021,14.937,4.992
01-Jun-19,20:00:00,0,14.012,4.42
01-Jun-19,21:00:00,0,12.445,4.905
01-Jun-19,22:00:00,0,12.028,6.1
01-Jun-19,23:00:00,0,12.497,7.424
02-Jun-19,00:00:00,0,13.272,8.048
02-Jun-19,01:00:00,0,13.551,8.255
02-Jun-19,02:00:00,0,13.451,8.036
02-Jun-19,03:00:00,0,13.28,7.901
02-Jun-19,04:00:00,0,13.047,8.189
02-Jun-19,05:00:00,0,13.298,8.552
02-Jun-19,06:00:00,0,13.391,8.216
02-Jun-19,07:00:00,0.001,13.543,8.171
02-Jun-19,08:00:00,0.004,13.872,8.415
02-Jun-19,09:00:00,0.006,14.203,8.811
02-Jun-19,10:00:00,0.019,14.667,10.042
02-Jun-19,11:00:00,0.054,15.164,10.991
02-Jun-19,12:00:00,0.088,15.63,11.337
02-Jun-19,13:00:00,0.111,15.799,11.949
02-Jun-19,14:00:00,0.196,15.628,12.524
02-Jun-19,15:00:00,0.364,15.291,12.666
02-Jun-19,16:00:00,0.349,14.727,12.546
02-Jun-19,17:00:00,0.298,14.087,12.671
02-Jun-19,18:00:00,0.129,13.253,13.014
02-Jun-19,19:00:00,0.014,12.432,13.183
02-Jun-19,20:00:00,0,11.826,13.479
02-Jun-19,21:00:00,0,11.549,13.527
02-Jun-19,22:00:00,0,11.501,13.448
02-Jun-19,23:00:00,0,11.255,13.323
03-Jun-19,00:00:00,0,10.729,13.047
03-Jun-19,01:00:00,0,10.327,12.563
03-Jun-19,02:00:00,0,10.115,12.199
03-Jun-19,03:00:00,0,9.982,11.956
03-Jun-19,04:00:00,0,9.835,11.746
03-Jun-19,05:00:00,0,9.772,11.499
03-Jun-19,06:00:00,0,9.951,11.378
03-Jun-19,07:00:00,0.063,10.325,11.496
03-Jun-19,08:00:00,0.227,10.892,11.502
03-Jun-19,09:00:00,0.441,11.533,11.391
03-Jun-19,10:00:00,0.616,12.001,11.308
03-Jun-19,11:00:00,0.749,12.388,11.325
03-Jun-19,12:00:00,0.831,12.749,11.363
03-Jun-19,13:00:00,0.844,13.037,11.364
03-Jun-19,14:00:00,0.788,13.229,11.33
03-Jun-19,15:00:00,0.684,13.377,11.22
03-Jun-19,16:00:00,0.508,13.365,10.974
03-Jun-19,17:00:00,0.308,13.143,10.681
03-Jun-19,18:00:00,0.132,12.75,10.2
03-Jun-19,19:00:00,0.012,12.134,9.264
03-Jun-19,20:00:00,0,11.394,8.613
03-Jun-19,21:00:00,0,10.593,8.238
03-Jun-19,22:00:00,0,10.059,7.932
03-Jun-19,23:00:00,0,9.893,8.054
04-Jun-19,00:00:00,0,9.813,7.815
04-Jun-19,01:00:00,0,9.577,7.305
04-Jun-19,02:00:00,0,9.263,6.928
04-Jun-19,03:00:00,0,9.213,6.635
04-Jun-19,04:00:00,0,9.199,6.391
04-Jun-19,05:00:00,0,9.499,6.11
04-Jun-19,06:00:00,0,10.215,5.558
04-Jun-19,07:00:00,0.003,10.789,5.093
04-Jun-19,08:00:00,0.004,11.045,4.881
04-Jun-19,09:00:00,0.004,11.21,4.722
04-Jun-19,10:00:00,0.007,11.516,4.786
04-Jun-19,11:00:00,0.014,11.911,5.109
04-Jun-19,12:00:00,0.021,12.266,5.425
04-Jun-19,13:00:00,0.019,12.537,5.569
04-Jun-19,14:00:00,0.04,13.052,5.61
04-Jun-19,15:00:00,0.027,13.38,5.711
04-Jun-19,16:00:00,0.009,13.183,5.808
04-Jun-19,17:00:00,0.004,12.86,5.847
04-Jun-19,18:00:00,0.001,12.437,5.843
04-Jun-19,19:00:00,0,12.022,6.158
04-Jun-19,20:00:00,0,11.55,6.671
04-Jun-19,21:00:00,0,10.994,6.993
04-Jun-19,22:00:00,0,10.49,7.235
04-Jun-19,23:00:00,0,9.955,7.292
05-Jun-19,00:00:00,0,9.555,6.903
05-Jun-19,01:00:00,0,9.353,6.228
05-Jun-19,02:00:00,0,9.347,5.355
05-Jun-19,03:00:00,0,9.322,4.75
05-Jun-19,04:00:00,0,9.256,4.888
05-Jun-19,05:00:00,0,9.433,5.21
05-Jun-19,06:00:00,0,10.277,5.696
05-Jun-19,07:00:00,0.05,10.784,6.411
05-Jun-19,08:00:00,0.222,11.362,7.022
05-Jun-19,09:00:00,0.39,11.952,7.472
05-Jun-19,10:00:00,0.508,12.443,7.648
05-Jun-19,11:00:00,0.629,12.852,7.701
05-Jun-19,12:00:00,0.746,13.217,7.595
05-Jun-19,13:00:00,0.797,13.45,7.32
05-Jun-19,14:00:00,0.764,13.503,6.932
05-Jun-19,15:00:00,0.577,13.361,6.685
05-Jun-19,16:00:00,0.388,13.036,6.528
05-Jun-19,17:00:00,0.198,12.585,6.744
05-Jun-19,18:00:00,0.036,11.849,6.684
05-Jun-19,19:00:00,0.002,11.123,6.443
05-Jun-19,20:00:00,0,10.567,6.013
05-Jun-19,21:00:00,0,10.126,5.914
05-Jun-19,22:00:00,0,9.818,5.84
05-Jun-19,23:00:00,0,9.372,6.105
06-Jun-19,00:00:00,0,9.236,6.089
06-Jun-19,01:00:00,0,9.203,5.999
06-Jun-19,02:00:00,0,9.194,5.932
06-Jun-19,03:00:00,0,9.203,6.087
06-Jun-19,04:00:00,0,9.119,6.126
06-Jun-19,05:00:00,0,9.167,6.225
06-Jun-19,06:00:00,0,9.805,6.089
06-Jun-19,07:00:00,0.048,10.347,5.935
06-Jun-19,08:00:00,0.235,10.974,6.046
06-Jun-19,09:00:00,0.472,11.617,6.458
06-Jun-19,10:00:00,0.634,12.15,6.992
06-Jun-19,11:00:00,0.741,12.534,7.348
06-Jun-19,12:00:00,0.801,12.854,7.576
06-Jun-19,13:00:00,0.776,13.05,7.652
06-Jun-19,14:00:00,0.705,13.06,7.536
06-Jun-19,15:00:00,0.613,13.03,7.339
06-Jun-19,16:00:00,0.508,12.966,7.116
06-Jun-19,17:00:00,0.361,12.822,6.852
06-Jun-19,18:00:00,0.187,12.515,6.475
06-Jun-19,19:00:00,0.032,12.017,5.913
06-Jun-19,20:00:00,0,11.078,5.307
06-Jun-19,21:00:00,0,9.528,5.053
06-Jun-19,22:00:00,0,8.858,4.986
06-Jun-19,23:00:00,0,8.515,4.792
07-Jun-19,00:00:00,0,8.213,4.659
07-Jun-19,01:00:00,0,7.942,4.656
07-Jun-19,02:00:00,0,7.634,4.735
07-Jun-19,03:00:00,0,7.438,4.805
07-Jun-19,04:00:00,0,7.21,4.919
07-Jun-19,05:00:00,0,7.647,5.066
07-Jun-19,06:00:00,0,9.426,5.064
07-Jun-19,07:00:00,0.028,10.561,4.844
07-Jun-19,08:00:00,0.098,12.165,5.118
07-Jun-19,09:00:00,0.129,13.501,5.326
07-Jun-19,10:00:00,0.161,14.276,5.671
07-Jun-19,11:00:00,0.292,14.994,6.167
07-Jun-19,12:00:00,0.298,15.412,6.449
07-Jun-19,13:00:00,0.062,15.08,6.575
07-Jun-19,14:00:00,0.02,14.505,6.801
07-Jun-19,15:00:00,0.012,13.92,7.089
07-Jun-19,16:00:00,0.007,13.371,7.272
07-Jun-19,17:00:00,0.004,12.89,7.254
07-Jun-19,18:00:00,0.001,12.409,7.646
07-Jun-19,19:00:00,0,11.907,8.268
07-Jun-19,20:00:00,0,11.491,8.711
07-Jun-19,21:00:00,0,11.142,9.193
07-Jun-19,22:00:00,0,10.81,9.549
07-Jun-19,23:00:00,0,10.492,9.78
08-Jun-19,00:00:00,0,10.17,9.91
08-Jun-19,01:00:00,0,9.821,9.936
08-Jun-19,02:00:00,0,9.397,9.967
08-Jun-19,03:00:00,0,8.865,9.809
08-Jun-19,04:00:00,0,8.465,9.462
08-Jun-19,05:00:00,0,8.372,9.154
08-Jun-19,06:00:00,0,8.584,8.949
08-Jun-19,07:00:00,0.001,8.931,8.912
08-Jun-19,08:00:00,0.001,9.336,8.818
08-Jun-19,09:00:00,0.003,9.825,8.642
08-Jun-19,10:00:00,0.005,10.186,8.421
08-Jun-19,11:00:00,0.008,10.483,8.08
08-Jun-19,12:00:00,0.011,10.839,7.597
08-Jun-19,13:00:00,0.013,11.283,7.147
08-Jun-19,14:00:00,0.015,11.76,6.84
08-Jun-19,15:00:00,0.014,12.183,6.631
08-Jun-19,16:00:00,0.009,12.29,6.521
08-Jun-19,17:00:00,0.008,12.265,6.531
08-Jun-19,18:00:00,0.004,12.092,6.421
08-Jun-19,19:00:00,0.001,11.708,6.337
08-Jun-19,20:00:00,0,11.115,6.386
08-Jun-19,21:00:00,0,10.387,6.652
08-Jun-19,22:00:00,0,10.145,6.891
08-Jun-19,23:00:00,0,10.052,6.99
09-Jun-19,00:00:00,0,9.868,7.06
09-Jun-19,01:00:00,0,9.582,7.165
09-Jun-19,02:00:00,0,9.24,7.167
09-Jun-19,03:00:00,0,8.932,7.143
09-Jun-19,04:00:00,0,8.568,7.007
09-Jun-19,05:00:00,0,8.873,6.849
09-Jun-19,06:00:00,0,9.731,6.506
09-Jun-19,07:00:00,0.065,10.132,6.676
09-Jun-19,08:00:00,0.266,10.556,6.796
09-Jun-19,09:00:00,0.452,11.029,6.947
09-Jun-19,10:00:00,0.602,11.481,7.074
09-Jun-19,11:00:00,0.72,11.966,7.136
09-Jun-19,12:00:00,0.794,12.464,7.202
09-Jun-19,13:00:00,0.789,12.798,7.178
09-Jun-19,14:00:00,0.736,12.973,7.038
09-Jun-19,15:00:00,0.618,13.023,6.779
09-Jun-19,16:00:00,0.448,12.962,6.449
09-Jun-19,17:00:00,0.284,12.794,6.124
09-Jun-19,18:00:00,0.135,12.508,5.774
09-Jun-19,19:00:00,0.021,12.042,5.332
09-Jun-19,20:00:00,0,11.146,4.934
09-Jun-19,21:00:00,0,9.605,4.704
09-Jun-19,22:00:00,0,8.873,4.492
09-Jun-19,23:00:00,0,8.585,4.275
10-Jun-19,00:00:00,0,8.386,4.006
10-Jun-19,01:00:00,0,8.267,3.684
10-Jun-19,02:00:00,0,8.151,3.333
10-Jun-19,03:00:00,0,8.309,2.964
10-Jun-19,04:00:00,0,8.238,2.629
10-Jun-19,05:00:00,0,8.428,2.282
10-Jun-19,06:00:00,0,9.342,2.331
10-Jun-19,07:00:00,0.127,10.571,2.75
10-Jun-19,08:00:00,0.314,11.87,3.155
10-Jun-19,09:00:00,0.487,12.902,3.387
10-Jun-19,10:00:00,0.611,13.721,3.585
10-Jun-19,11:00:00,0.69,14.411,3.785
10-Jun-19,12:00:00,0.68,14.893,4.001
10-Jun-19,13:00:00,0.618,15.201,4.251
10-Jun-19,14:00:00,0.548,15.392,4.592
10-Jun-19,15:00:00,0.463,15.499,5.041
10-Jun-19,16:00:00,0.364,15.446,5.503
10-Jun-19,17:00:00,0.23,15.206,5.945
10-Jun-19,18:00:00,0.054,14.61,6.256
10-Jun-19,19:00:00,0.009,13.891,6.442
10-Jun-19,20:00:00,0,12.732,6.726
10-Jun-19,21:00:00,0,11.207,7.122
10-Jun-19,22:00:00,0,10.201,7.379
10-Jun-19,23:00:00,0,9.572,7.791
11-Jun-19,00:00:00,0,9.107,8.136
11-Jun-19,01:00:00,0,8.878,8.295
11-Jun-19,02:00:00,0,8.754,8.246
11-Jun-19,03:00:00,0,8.55,8.354
11-Jun-19,04:00:00,0,8.284,8.611
11-Jun-19,05:00:00,0,8.387,8.761
11-Jun-19,06:00:00,0,8.968,8.846
11-Jun-19,07:00:00,0.116,9.949,9.288
11-Jun-19,08:00:00,0.297,11.022,9.702
11-Jun-19,09:00:00,0.483,11.929,9.813
11-Jun-19,10:00:00,0.627,12.603,9.685
11-Jun-19,11:00:00,0.656,12.984,9.543
11-Jun-19,12:00:00,0.662,13.261,9.413
11-Jun-19,13:00:00,0.621,13.518,9.331
11-Jun-19,14:00:00,0.383,13.421,9.264
11-Jun-19,15:00:00,0.16,13.013,9.249
11-Jun-19,16:00:00,0.049,12.514,9.211
11-Jun-19,17:00:00,0.016,12.084,9.005
11-Jun-19,18:00:00,0.006,11.672,8.641
11-Jun-19,19:00:00,0.001,11.182,8.103
11-Jun-19,20:00:00,0,10.583,7.741
11-Jun-19,21:00:00,0,10.022,7.854
11-Jun-19,22:00:00,0,9.798,8.323
11-Jun-19,23:00:00,0,9.718,8.867
12-Jun-19,00:00:00,0,9.545,9.26
12-Jun-19,01:00:00,0,9.309,9.487
12-Jun-19,02:00:00,0,9.033,9.334
12-Jun-19,03:00:00,0,8.775,9.199
12-Jun-19,04:00:00,0,8.725,9.041
12-Jun-19,05:00:00,0,8.952,9.064
12-Jun-19,06:00:00,0,9.382,9.213
12-Jun-19,07:00:00,0.005,9.873,9.672
12-Jun-19,08:00:00,0.017,10.334,10.391
12-Jun-19,09:00:00,0.05,10.872,11.018
12-Jun-19,10:00:00,0.054,11.332,11.291
12-Jun-19,11:00:00,0.043,11.655,11.195
12-Jun-19,12:00:00,0.031,11.871,10.999
12-Jun-19,13:00:00,0.024,12.058,10.82
12-Jun-19,14:00:00,0.022,12.261,10.59
12-Jun-19,15:00:00,0.015,12.329,10.394
12-Jun-19,16:00:00,0.012,12.3,10.273
12-Jun-19,17:00:00,0.01,12.227,10.129
12-Jun-19,18:00:00,0.005,12.104,9.866
12-Jun-19,19:00:00,0.001,11.889,9.458
12-Jun-19,20:00:00,0,11.639,9.215
12-Jun-19,21:00:00,0,11.325,8.909
12-Jun-19,22:00:00,0,11.054,8.681
12-Jun-19,23:00:00,0,10.874,9.009
13-Jun-19,00:00:00,0,10.653,9.567
13-Jun-19,01:00:00,0,10.354,10.032
13-Jun-19,02:00:00,0,9.997,10.21
13-Jun-19,03:00:00,0,9.599,10.316
13-Jun-19,04:00:00,0,9.125,10.128
13-Jun-19,05:00:00,0,8.672,9.544
13-Jun-19,06:00:00,0,8.29,9.159
13-Jun-19,07:00:00,0.001,8.012,8.919
13-Jun-19,08:00:00,0.002,7.882,8.821
13-Jun-19,09:00:00,0.004,7.936,8.921
13-Jun-19,10:00:00,0.008,8.158,8.767
13-Jun-19,11:00:00,0.014,8.547,8.148
13-Jun-19,12:00:00,0.021,8.989,7.157
13-Jun-19,13:00:00,0.021,9.273,6.126
13-Jun-19,14:00:00,0.015,9.408,5.216
13-Jun-19,15:00:00,0.014,9.508,4.449
13-Jun-19,16:00:00,0.018,9.663,4.008
13-Jun-19,17:00:00,0.021,9.809,3.822
13-Jun-19,18:00:00,0.012,9.813,3.818
13-Jun-19,19:00:00,0.002,9.64,4.037
13-Jun-19,20:00:00,0,9.286,4.571
13-Jun-19,21:00:00,0,8.747,5.26
13-Jun-19,22:00:00,0,8.538,5.688
13-Jun-19,23:00:00,0,8.453,5.938
14-Jun-19,00:00:00,0,8.41,6.166
14-Jun-19,01:00:00,0,8.349,6.29
14-Jun-19,02:00:00,0,8.089,6.315
14-Jun-19,03:00:00,0,7.69,6.322
14-Jun-19,04:00:00,0,7.662,6.188
14-Jun-19,05:00:00,0,8.014,6.002
14-Jun-19,06:00:00,0,8.625,5.643
14-Jun-19,07:00:00,0.026,9.097,5.62
14-Jun-19,08:00:00,0.09,9.584,5.727
14-Jun-19,09:00:00,0.188,10.108,5.907
14-Jun-19,10:00:00,0.309,10.603,6.094
14-Jun-19,11:00:00,0.432,11.088,6.191
14-Jun-19,12:00:00,0.561,11.681,6.17
14-Jun-19,13:00:00,0.529,12.261,6.035
14-Jun-19,14:00:00,0.293,12.601,6.067
14-Jun-19,15:00:00,0.075,12.552,6.213
14-Jun-19,16:00:00,0.031,12.537,6.449
14-Jun-19,17:00:00,0.019,12.595,6.557
14-Jun-19,18:00:00,0.014,12.656,6.41
14-Jun-19,19:00:00,0.005,12.639,6.013
14-Jun-19,20:00:00,0,12.005,6.188
14-Jun-19,21:00:00,0,10.831,6.788
14-Jun-19,22:00:00,0,10.487,7.192
14-Jun-19,23:00:00,0,10.431,7.313
15-Jun-19,00:00:00,0,10.291,7.165
15-Jun-19,01:00:00,0,10.161,6.945
15-Jun-19,02:00:00,0,9.972,6.715
15-Jun-19,03:00:00,0,9.572,6.562
15-Jun-19,04:00:00,0,9.276,6.603
15-Jun-19,05:00:00,0,9.595,6.725
15-Jun-19,06:00:00,0,10.382,6.652
15-Jun-19,07:00:00,0.052,11.169,7.088
15-Jun-19,08:00:00,0.124,11.993,7.848
15-Jun-19,09:00:00,0.186,12.65,8.229
15-Jun-19,10:00:00,0.344,13.337,8.403
15-Jun-19,11:00:00,0.506,14.099,8.493
15-Jun-19,12:00:00,0.566,14.658,8.518
15-Jun-19,13:00:00,0.583,15.042,8.492
15-Jun-19,14:00:00,0.669,15.342,8.416
15-Jun-19,15:00:00,0.633,15.191,8.325
15-Jun-19,16:00:00,0.478,14.594,8.124
15-Jun-19,17:00:00,0.306,13.832,7.772
15-Jun-19,18:00:00,0.147,13.067,7.352
15-Jun-19,19:00:00,0.032,12.402,6.965
15-Jun-19,20:00:00,0,11.511,6.42
15-Jun-19,21:00:00,0,9.976,6.193
15-Jun-19,22:00:00,0,9.185,6.582
15-Jun-19,23:00:00,0,8.819,7.001
16-Jun-19,00:00:00,0,8.547,7.425
16-Jun-19,01:00:00,0,8.386,7.664
16-Jun-19,02:00:00,0,8.264,7.773
16-Jun-19,03:00:00,0,8.217,7.814
16-Jun-19,04:00:00,0,8.278,7.747
16-Jun-19,05:00:00,0,9.094,7.497
16-Jun-19,06:00:00,0,10.21,7.014
16-Jun-19,07:00:00,0.033,10.898,7.296
16-Jun-19,08:00:00,0.101,11.464,7.379
16-Jun-19,09:00:00,0.198,12.07,7.348
16-Jun-19,10:00:00,0.323,12.68,7.26
16-Jun-19,11:00:00,0.389,13.21,7.171
16-Jun-19,12:00:00,0.514,13.686,7.162
16-Jun-19,13:00:00,0.712,14.157,7.301
16-Jun-19,14:00:00,0.713,14.473,7.577
16-Jun-19,15:00:00,0.616,14.618,7.92
16-Jun-19,16:00:00,0.524,14.64,8.314
16-Jun-19,17:00:00,0.333,14.423,8.618
16-Jun-19,18:00:00,0.106,13.849,8.522
16-Jun-19,19:00:00,0.007,13.116,7.88
16-Jun-19,20:00:00,0,12.551,7.993
16-Jun-19,21:00:00,0,12.323,9.231
16-Jun-19,22:00:00,0,12.376,10.509
16-Jun-19,23:00:00,0,12.328,11.154
17-Jun-19,00:00:00,0,12.22,11.338
17-Jun-19,01:00:00,0,12.075,11.274
17-Jun-19,02:00:00,0,11.727,10.617
17-Jun-19,03:00:00,0,11.305,9.865
17-Jun-19,04:00:00,0,10.911,8.979
17-Jun-19,05:00:00,0,10.905,8.205
17-Jun-19,06:00:00,0,11.435,7.725
17-Jun-19,07:00:00,0.116,11.982,8.17
17-Jun-19,08:00:00,0.298,12.578,8.744
17-Jun-19,09:00:00,0.484,13.166,9.331
17-Jun-19,10:00:00,0.607,13.647,9.94
17-Jun-19,11:00:00,0.723,14.033,10.485
17-Jun-19,12:00:00,0.774,14.408,10.859
17-Jun-19,13:00:00,0.747,14.654,11.07
17-Jun-19,14:00:00,0.697,14.793,11.141
17-Jun-19,15:00:00,0.597,14.82,11.108
17-Jun-19,16:00:00,0.477,14.735,10.914
17-Jun-19,17:00:00,0.349,14.564,10.573
17-Jun-19,18:00:00,0.197,14.216,10.06
17-Jun-19,19:00:00,0.038,13.624,9.2
17-Jun-19,20:00:00,0,12.795,8.391
17-Jun-19,21:00:00,0,11.802,8.106
17-Jun-19,22:00:00,0,11.203,8.042
17-Jun-19,23:00:00,0,10.975,7.952
18-Jun-19,00:00:00,0,10.797,7.688
18-Jun-19,01:00:00,0,10.574,7.422
18-Jun-19,02:00:00,0,10.341,7.222
18-Jun-19,03:00:00,0,10.183,7.049
18-Jun-19,04:00:00,0,9.998,6.927
18-Jun-19,05:00:00,0,10.674,6.793
18-Jun-19,06:00:00,0,11.854,6.378
18-Jun-19,07:00:00,0.123,12.612,6.459
18-Jun-19,08:00:00,0.309,13.231,6.898
18-Jun-19,09:00:00,0.476,13.756,7.315
18-Jun-19,10:00:00,0.637,14.209,7.458
18-Jun-19,11:00:00,0.765,14.595,7.345
18-Jun-19,12:00:00,0.856,14.938,7.114
18-Jun-19,13:00:00,0.886,15.212,6.835
18-Jun-19,14:00:00,0.852,15.37,6.434
18-Jun-19,15:00:00,0.72,15.39,5.966
18-Jun-19,16:00:00,0.418,15.181,5.621
18-Jun-19,17:00:00,0.135,14.734,5.315
18-Jun-19,18:00:00,0.024,14.121,4.842
18-Jun-19,19:00:00,0.002,13.536,4.335
18-Jun-19,20:00:00,0,12.857,3.928
18-Jun-19,21:00:00,0,12.125,3.628
18-Jun-19,22:00:00,0,11.695,3.496
18-Jun-19,23:00:00,0,11.401,3.521
19-Jun-19,00:00:00,0,11.11,3.607
19-Jun-19,01:00:00,0,10.745,3.732
19-Jun-19,02:00:00,0,10.466,3.856
19-Jun-19,03:00:00,0,10.265,3.867
19-Jun-19,04:00:00,0,10.087,3.705
19-Jun-19,05:00:00,0,10.322,3.528
19-Jun-19,06:00:00,0,11.143,3.394
19-Jun-19,07:00:00,0.028,11.917,3.205
19-Jun-19,08:00:00,0.167,12.958,3.326
19-Jun-19,09:00:00,0.395,14.073,3.788
19-Jun-19,10:00:00,0.623,14.961,4.282
19-Jun-19,11:00:00,0.758,15.553,4.752
19-Jun-19,12:00:00,0.809,15.914,5.188
19-Jun-19,13:00:00,0.79,16.085,5.576
19-Jun-19,14:00:00,0.785,16.177,5.965
19-Jun-19,15:00:00,0.664,16.022,6.351
19-Jun-19,16:00:00,0.537,15.733,6.588
19-Jun-19,17:00:00,0.382,15.339,6.727
19-Jun-19,18:00:00,0.208,14.793,6.835
19-Jun-19,19:00:00,0.036,14.026,6.791
19-Jun-19,20:00:00,0,13.005,6.505
19-Jun-19,21:00:00,0,11.799,6.865
19-Jun-19,22:00:00,0,11.591,7.299
19-Jun-19,23:00:00,0,11.656,7.482
20-Jun-19,00:00:00,0,11.741,7.414
20-Jun-19,01:00:00,0,11.616,7.285
20-Jun-19,02:00:00,0,11.308,7.201
20-Jun-19,03:00:00,0,10.774,7.09
20-Jun-19,04:00:00,0,10.217,6.981
20-Jun-19,05:00:00,0,10.003,6.803
20-Jun-19,06:00:00,0,10.123,6.846
20-Jun-19,07:00:00,0.098,10.386,7.105
20-Jun-19,08:00:00,0.288,10.768,7.384
20-Jun-19,09:00:00,0.479,11.301,7.709
20-Jun-19,10:00:00,0.643,11.984,7.917
20-Jun-19,11:00:00,0.737,12.536,8.037
20-Jun-19,12:00:00,0.764,12.914,8.051
20-Jun-19,13:00:00,0.723,13.117,7.965
20-Jun-19,14:00:00,0.64,13.267,7.849
20-Jun-19,15:00:00,0.521,13.243,7.749
20-Jun-19,16:00:00,0.386,13.131,7.625
20-Jun-19,17:00:00,0.236,12.999,7.431
20-Jun-19,18:00:00,0.105,12.805,7.158
20-Jun-19,19:00:00,0.016,12.459,6.702
20-Jun-19,20:00:00,0,11.816,6.158
20-Jun-19,21:00:00,0,10.688,6.136
20-Jun-19,22:00:00,0,10.154,6.387
20-Jun-19,23:00:00,0,9.961,6.623
21-Jun-19,00:00:00,0,9.711,6.679
21-Jun-19,01:00:00,0,9.303,6.604
21-Jun-19,02:00:00,0,8.909,6.499
21-Jun-19,03:00:00,0,8.549,6.557
21-Jun-19,04:00:00,0,8.239,6.573
21-Jun-19,05:00:00,0,8.811,6.626
21-Jun-19,06:00:00,0,9.941,6.638
21-Jun-19,07:00:00,0.111,10.417,6.923
21-Jun-19,08:00:00,0.309,10.963,6.982
21-Jun-19,09:00:00,0.492,11.598,6.988
21-Jun-19,10:00:00,0.647,12.292,6.966
21-Jun-19,11:00:00,0.767,12.983,6.94
21-Jun-19,12:00:00,0.837,13.54,6.894
21-Jun-19,13:00:00,0.854,14.03,6.796
21-Jun-19,14:00:00,0.814,14.381,6.614
21-Jun-19,15:00:00,0.719,14.63,6.35
21-Jun-19,16:00:00,0.574,14.733,6.06
21-Jun-19,17:00:00,0.4,14.631,5.783
21-Jun-19,18:00:00,0.215,14.349,5.492
21-Jun-19,19:00:00,0.045,13.828,5.179
21-Jun-19,20:00:00,0,12.751,4.972
21-Jun-19,21:00:00,0,10.964,4.916
21-Jun-19,22:00:00,0,10.069,4.795
21-Jun-19,23:00:00,0,9.629,4.571
22-Jun-19,00:00:00,0,9.432,4.247
22-Jun-19,01:00:00,0,9.412,3.785
22-Jun-19,02:00:00,0,9.163,3.299
22-Jun-19,03:00:00,0,8.783,3.228
22-Jun-19,04:00:00,0,8.61,3.377
22-Jun-19,05:00:00,0,8.901,3.6
22-Jun-19,06:00:00,0,10.328,4.024
22-Jun-19,07:00:00,0.07,11.605,4.089
22-Jun-19,08:00:00,0.184,12.848,4.113
22-Jun-19,09:00:00,0.219,13.834,4.16
22-Jun-19,10:00:00,0.249,14.552,4.233
22-Jun-19,11:00:00,0.253,15.177,4.131
22-Jun-19,12:00:00,0.385,15.865,3.967
22-Jun-19,13:00:00,0.456,16.503,3.848
22-Jun-19,14:00:00,0.385,16.958,3.761
22-Jun-19,15:00:00,0.313,17.357,3.657
22-Jun-19,16:00:00,0.216,17.561,3.751
22-Jun-19,17:00:00,0.147,17.649,3.784
22-Jun-19,18:00:00,0.064,17.539,3.801
22-Jun-19,19:00:00,0.014,17.172,4.089
22-Jun-19,20:00:00,0,16.049,4.583
22-Jun-19,21:00:00,0,14.743,5.238
22-Jun-19,22:00:00,0,13.863,5.627
22-Jun-19,23:00:00,0,13.324,6.034
23-Jun-19,00:00:00,0,13.332,6.559
23-Jun-19,01:00:00,0,13.442,6.959
23-Jun-19,02:00:00,0,13.309,7.262
23-Jun-19,03:00:00,0,13.059,7.595
23-Jun-19,04:00:00,0,12.747,7.706
23-Jun-19,05:00:00,0,12.524,7.516
23-Jun-19,06:00:00,0,12.671,7.204
23-Jun-19,07:00:00,0.017,13.29,6.72
23-Jun-19,08:00:00,0.088,14.435,6.454
23-Jun-19,09:00:00,0.108,15.463,6.437
23-Jun-19,10:00:00,0.071,15.992,6.506
23-Jun-19,11:00:00,0.056,16.249,6.932
23-Jun-19,12:00:00,0.054,16.406,7.433
23-Jun-19,13:00:00,0.034,16.266,7.746
23-Jun-19,14:00:00,0.018,15.922,7.823
23-Jun-19,15:00:00,0.011,15.519,7.924
23-Jun-19,16:00:00,0.007,15.176,8.225
23-Jun-19,17:00:00,0.007,14.904,8.56
23-Jun-19,18:00:00,0.018,14.844,8.815
23-Jun-19,19:00:00,0.005,14.531,8.801
23-Jun-19,20:00:00,0,13.758,8.437
23-Jun-19,21:00:00,0,13.128,8.562
23-Jun-19,22:00:00,0,12.81,8.63
23-Jun-19,23:00:00,0,12.666,8.519
24-Jun-19,00:00:00,0,12.586,8.365
24-Jun-19,01:00:00,0,12.546,8.251
24-Jun-19,02:00:00,0,12.604,8.548
24-Jun-19,03:00:00,0,12.638,8.27
24-Jun-19,04:00:00,0,12.631,8.04
24-Jun-19,05:00:00,0,12.655,7.658
24-Jun-19,06:00:00,0,12.795,6.999
24-Jun-19,07:00:00,0.011,13.389,6.59
24-Jun-19,08:00:00,0.026,14.224,6.19
24-Jun-19,09:00:00,0.056,15.152,5.536
24-Jun-19,10:00:00,0.064,15.907,4.887
24-Jun-19,11:00:00,0.076,16.573,4.219
24-Jun-19,12:00:00,0.102,17.3,3.596
24-Jun-19,13:00:00,0.215,18.148,3.106
24-Jun-19,14:00:00,0.327,18.866,2.659
24-Jun-19,15:00:00,0.27,19.372,2.57
24-Jun-19,16:00:00,0.21,19.577,2.827
24-Jun-19,17:00:00,0.089,19.347,3.185
24-Jun-19,18:00:00,0.048,18.958,3.505
24-Jun-19,19:00:00,0.01,18.311,3.834
24-Jun-19,20:00:00,0,17.269,4.18
24-Jun-19,21:00:00,0,15.81,4.532
24-Jun-19,22:00:00,0,15.051,4.432
24-Jun-19,23:00:00,0,14.696,4.126
25-Jun-19,00:00:00,0,14.309,4.065
25-Jun-19,01:00:00,0,13.935,4.342
25-Jun-19,02:00:00,0,13.626,4.853
25-Jun-19,03:00:00,0,13.332,5.335
25-Jun-19,04:00:00,0,13.07,5.573
25-Jun-19,05:00:00,0,13,5.609
25-Jun-19,06:00:00,0,13.121,5.703
25-Jun-19,07:00:00,0.003,13.413,5.999
25-Jun-19,08:00:00,0.012,13.926,6.444
25-Jun-19,09:00:00,0.045,14.594,6.84
25-Jun-19,10:00:00,0.117,15.292,7.122
25-Jun-19,11:00:00,0.141,15.745,7.245
25-Jun-19,12:00:00,0.125,15.951,7.255
25-Jun-19,13:00:00,0.131,16.097,7.32
25-Jun-19,14:00:00,0.13,16.152,7.462
25-Jun-19,15:00:00,0.157,16.167,7.605
25-Jun-19,16:00:00,0.173,16.137,7.696
25-Jun-19,17:00:00,0.158,15.957,7.673
25-Jun-19,18:00:00,0.079,15.491,7.595
25-Jun-19,19:00:00,0.014,14.755,7.52
25-Jun-19,20:00:00,0,13.808,7.276
25-Jun-19,21:00:00,0,12.741,7.007
25-Jun-19,22:00:00,0,12.043,7.046
25-Jun-19,23:00:00,0,11.648,7.246
26-Jun-19,00:00:00,0,11.374,7.203
26-Jun-19,01:00:00,0,11.159,7.13
26-Jun-19,02:00:00,0,10.931,7.073
26-Jun-19,03:00:00,0,10.666,6.919
26-Jun-19,04:00:00,0,10.325,6.751
26-Jun-19,05:00:00,0,10.465,6.569
26-Jun-19,06:00:00,0,10.954,6.415
26-Jun-19,07:00:00,0.101,11.672,6.01
26-Jun-19,08:00:00,0.286,12.686,5.506
26-Jun-19,09:00:00,0.504,13.905,5.091
26-Jun-19,10:00:00,0.666,14.989,4.69
26-Jun-19,11:00:00,0.807,15.957,4.223
26-Jun-19,12:00:00,0.878,16.814,3.737
26-Jun-19,13:00:00,0.904,17.593,3.366
26-Jun-19,14:00:00,0.851,18.257,3.157
26-Jun-19,15:00:00,0.739,18.722,3.197
26-Jun-19,16:00:00,0.6,18.995,3.482
26-Jun-19,17:00:00,0.415,19.066,3.675
26-Jun-19,18:00:00,0.214,18.887,3.738
26-Jun-19,19:00:00,0.045,18.37,3.888
26-Jun-19,20:00:00,0,17.164,4.312
26-Jun-19,21:00:00,0,15.05,4.985
26-Jun-19,22:00:00,0,13.709,5.548
26-Jun-19,23:00:00,0,12.672,5.763
27-Jun-19,00:00:00,0,11.626,5.668
27-Jun-19,01:00:00,0,10.745,5.5
27-Jun-19,02:00:00,0,10.09,5.374
27-Jun-19,03:00:00,0,9.64,5.367
27-Jun-19,04:00:00,0,9.257,5.354
27-Jun-19,05:00:00,0,9.784,5.412
27-Jun-19,06:00:00,0,11.312,5.172
27-Jun-19,07:00:00,0.144,12.617,4.613
27-Jun-19,08:00:00,0.348,14.756,4.789
27-Jun-19,09:00:00,0.55,16.842,5.23
27-Jun-19,10:00:00,0.725,18.163,5.404
27-Jun-19,11:00:00,0.855,19.177,5.531
27-Jun-19,12:00:00,0.929,19.994,5.647
27-Jun-19,13:00:00,0.94,20.626,5.747
27-Jun-19,14:00:00,0.888,21.013,5.867
27-Jun-19,15:00:00,0.778,21.17,6.01
27-Jun-19,16:00:00,0.619,21.094,6.236
27-Jun-19,17:00:00,0.428,20.762,6.583
27-Jun-19,18:00:00,0.227,20.074,6.929
27-Jun-19,19:00:00,0.049,18.888,7.243
27-Jun-19,20:00:00,0,17.185,7.587
27-Jun-19,21:00:00,0,15.142,7.967
27-Jun-19,22:00:00,0,13.638,8.047
27-Jun-19,23:00:00,0,12.561,7.866
28-Jun-19,00:00:00,0,11.771,7.741
28-Jun-19,01:00:00,0,11.209,7.68
28-Jun-19,02:00:00,0,10.809,7.658
28-Jun-19,03:00:00,0,10.531,7.686
28-Jun-19,04:00:00,0,10.285,7.694
28-Jun-19,05:00:00,0,10.488,7.521
28-Jun-19,06:00:00,0,11.382,7.19
28-Jun-19,07:00:00,0.127,12.871,7.549
28-Jun-19,08:00:00,0.317,14.394,7.669
28-Jun-19,09:00:00,0.508,15.831,7.695
28-Jun-19,10:00:00,0.674,17.093,7.797
28-Jun-19,11:00:00,0.798,18.182,7.889
28-Jun-19,12:00:00,0.869,19.164,8.034
28-Jun-19,13:00:00,0.892,20.006,8.027
28-Jun-19,14:00:00,0.84,20.588,7.965
28-Jun-19,15:00:00,0.724,20.92,7.935
28-Jun-19,16:00:00,0.543,20.984,7.817
28-Jun-19,17:00:00,0.348,20.788,7.591
28-Jun-19,18:00:00,0.174,20.297,7.076
28-Jun-19,19:00:00,0.034,19.482,6.566
28-Jun-19,20:00:00,0,18.175,6.869
28-Jun-19,21:00:00,0,16.588,7.496
28-Jun-19,22:00:00,0,15.754,7.874
28-Jun-19,23:00:00,0,15.206,7.943
29-Jun-19,00:00:00,0,14.718,7.968
29-Jun-19,01:00:00,0,14.349,7.961
29-Jun-19,02:00:00,0,14.061,7.846
29-Jun-19,03:00:00,0,13.817,7.672
29-Jun-19,04:00:00,0,13.664,7.538
29-Jun-19,05:00:00,0,13.968,7.117
29-Jun-19,06:00:00,0,14.617,6.209
29-Jun-19,07:00:00,0.053,15.59,5.47
29-Jun-19,08:00:00,0.127,16.903,5.399
29-Jun-19,09:00:00,0.141,17.876,5.234
29-Jun-19,10:00:00,0.077,18.43,4.594
29-Jun-19,11:00:00,0.024,18.539,4.285
29-Jun-19,12:00:00,0.047,18.942,4.498
29-Jun-19,13:00:00,0.101,19.7,4.349
29-Jun-19,14:00:00,0.25,20.712,4.369
29-Jun-19,15:00:00,0.098,20.968,4.46
29-Jun-19,16:00:00,0.032,20.539,4.579
29-Jun-19,17:00:00,0.016,19.992,4.204
29-Jun-19,18:00:00,0.006,19.117,4.405
29-Jun-19,19:00:00,0.001,17.955,5.091
29-Jun-19,20:00:00,0,16.725,5.528
29-Jun-19,21:00:00,0,15.707,5.649
29-Jun-19,22:00:00,0,14.965,5.972
29-Jun-19,23:00:00,0,14.5,6.715
30-Jun-19,00:00:00,0,13.877,7.224
30-Jun-19,01:00:00,0,13.469,7.518
30-Jun-19,02:00:00,0,13.457,7.8
30-Jun-19,03:00:00,0,13.536,8.209
30-Jun-19,04:00:00,0,13.413,8.034
30-Jun-19,05:00:00,0,13.609,7.957
30-Jun-19,06:00:00,0,14.152,8.51
30-Jun-19,07:00:00,0.126,14.589,9.525
30-Jun-19,08:00:00,0.315,15.12,9.989
30-Jun-19,09:00:00,0.484,15.723,10.362
30-Jun-19,10:00:00,0.618,16.189,10.571
30-Jun-19,11:00:00,0.737,16.533,10.708
30-Jun-19,12:00:00,0.813,16.798,10.892
30-Jun-19,13:00:00,0.813,16.904,11.174
30-Jun-19,14:00:00,0.724,16.922,11.406
30-Jun-19,15:00:00,0.524,16.792,11.482
30-Jun-19,16:00:00,0.271,16.577,11.446
30-Jun-19,17:00:00,0.123,16.311,11.026
30-Jun-19,18:00:00,0.084,16.055,10.275
30-Jun-19,19:00:00,0.036,15.669,9.558
30-Jun-19,20:00:00,0,14.883,9.18
30-Jun-19,21:00:00,0,13.972,9.303
30-Jun-19,22:00:00,0,13.403,9.426
30-Jun-19,23:00:00,0,12.97,9.554
01-Jul-19,00:00:00,0,12.467,9.798
01-Jul-19,01:00:00,0,11.961,10.045
01-Jul-19,02:00:00,0,11.759,10.209
01-Jul-19,03:00:00,0,11.707,10.144
01-Jul-19,04:00:00,0,11.767,10.222
01-Jul-19,05:00:00,0,11.999,10.29
01-Jul-19,06:00:00,0,12.396,10.207
01-Jul-19,07:00:00,0.019,12.968,10.399
01-Jul-19,08:00:00,0.11,13.648,10.558
01-Jul-19,09:00:00,0.272,14.29,10.486
01-Jul-19,10:00:00,0.433,14.909,10.436
01-Jul-19,11:00:00,0.517,15.394,10.481
01-Jul-19,12:00:00,0.556,15.574,10.449
01-Jul-19,13:00:00,0.474,15.503,10.292
01-Jul-19,14:00:00,0.483,15.522,10.033
01-Jul-19,15:00:00,0.575,15.714,9.819
01-Jul-19,16:00:00,0.443,15.604,9.716
01-Jul-19,17:00:00,0.305,15.308,9.449
01-Jul-19,18:00:00,0.167,14.934,9.053
01-Jul-19,19:00:00,0.031,14.382,8.603
01-Jul-19,20:00:00,0,13.577,8.247
01-Jul-19,21:00:00,0,12.342,8.135
01-Jul-19,22:00:00,0,11.624,8.052
01-Jul-19,23:00:00,0,11.25,7.939
02-Jul-19,00:00:00,0,10.852,7.717
02-Jul-19,01:00:00,0,10.445,7.444
02-Jul-19,02:00:00,0,10.087,7.224
02-Jul-19,03:00:00,0,9.82,7.043
02-Jul-19,04:00:00,0,9.802,6.975
02-Jul-19,05:00:00,0,10.39,6.868
02-Jul-19,06:00:00,0,11.49,6.71
02-Jul-19,07:00:00,0.115,12.313,6.692
02-Jul-19,08:00:00,0.303,13.128,6.669
02-Jul-19,09:00:00,0.489,13.879,6.741
02-Jul-19,10:00:00,0.647,14.696,6.852
02-Jul-19,11:00:00,0.762,15.399,6.998
02-Jul-19,12:00:00,0.727,15.786,7.174
02-Jul-19,13:00:00,0.527,15.851,7.324
02-Jul-19,14:00:00,0.457,15.851,7.412
02-Jul-19,15:00:00,0.25,15.598,7.431
02-Jul-19,16:00:00,0.193,15.452,7.342
02-Jul-19,17:00:00,0.12,15.305,7.223
02-Jul-19,18:00:00,0.081,15.101,7.086
02-Jul-19,19:00:00,0.024,14.664,6.914
02-Jul-19,20:00:00,0,13.588,7.034
02-Jul-19,21:00:00,0,11.761,7.177
02-Jul-19,22:00:00,0,10.725,7.18
02-Jul-19,23:00:00,0,10.092,7.087
03-Jul-19,00:00:00,0,9.527,6.968
03-Jul-19,01:00:00,0,9.01,6.802
03-Jul-19,02:00:00,0,8.5,6.577
03-Jul-19,03:00:00,0,8.039,6.385
03-Jul-19,04:00:00,0,7.646,6.156
03-Jul-19,05:00:00,0,8.267,5.767
03-Jul-19,06:00:00,0,10.008,4.974
03-Jul-19,07:00:00,0.135,11.588,4.601
03-Jul-19,08:00:00,0.333,13.138,4.175
03-Jul-19,09:00:00,0.533,14.217,3.558
03-Jul-19,10:00:00,0.705,15.102,3.329
03-Jul-19,11:00:00,0.833,15.89,3.348
03-Jul-19,12:00:00,0.902,16.603,3.494
03-Jul-19,13:00:00,0.889,17.168,3.817
03-Jul-19,14:00:00,0.775,17.486,4.24
03-Jul-19,15:00:00,0.647,17.611,4.652
03-Jul-19,16:00:00,0.385,17.501,5.02
03-Jul-19,17:00:00,0.264,17.367,5.342
03-Jul-19,18:00:00,0.105,17.004,5.569
03-Jul-19,19:00:00,0.023,16.484,5.626
03-Jul-19,20:00:00,0,15.531,5.617
03-Jul-19,21:00:00,0,13.855,5.794
03-Jul-19,22:00:00,0,12.841,6.018
03-Jul-19,23:00:00,0,12.165,6.057
04-Jul-19,00:00:00,0,11.517,5.875
04-Jul-19,01:00:00,0,10.953,5.603
04-Jul-19,02:00:00,0,10.505,5.41
04-Jul-19,03:00:00,0,10.156,5.394
04-Jul-19,04:00:00,0,9.877,5.416
04-Jul-19,05:00:00,0,10.486,5.238
04-Jul-19,06:00:00,0,11.968,4.925
04-Jul-19,07:00:00,0.068,12.922,5.224
04-Jul-19,08:00:00,0.175,13.819,5.686
04-Jul-19,09:00:00,0.22,14.518,6.258
04-Jul-19,10:00:00,0.111,14.862,6.854
04-Jul-19,11:00:00,0.086,15.088,7.244
04-Jul-19,12:00:00,0.079,15.237,7.465
04-Jul-19,13:00:00,0.037,15.16,7.523
04-Jul-19,14:00:00,0.022,15.102,7.51
04-Jul-19,15:00:00,0.019,15.151,7.543
04-Jul-19,16:00:00,0.027,15.287,7.69
04-Jul-19,17:00:00,0.026,15.285,7.732
04-Jul-19,18:00:00,0.011,15.03,7.469
04-Jul-19,19:00:00,0.002,14.585,6.986
04-Jul-19,20:00:00,0,14.001,6.711
04-Jul-19,21:00:00,0,13.085,6.643
04-Jul-19,22:00:00,0,12.404,6.412
04-Jul-19,23:00:00,0,11.906,6.257
05-Jul-19,00:00:00,0,11.462,6.475
05-Jul-19,01:00:00,0,11.192,6.721
05-Jul-19,02:00:00,0,11.093,6.843
05-Jul-19,03:00:00,0,11.274,7.009
05-Jul-19,04:00:00,0,11.596,6.994
05-Jul-19,05:00:00,0,12.087,6.473
05-Jul-19,06:00:00,0,12.898,5.999
05-Jul-19,07:00:00,0.034,13.723,6.122
05-Jul-19,08:00:00,0.108,14.591,6.206
05-Jul-19,09:00:00,0.184,15.342,6.437
05-Jul-19,10:00:00,0.25,15.863,6.748
05-Jul-19,11:00:00,0.296,16.223,7.053
05-Jul-19,12:00:00,0.294,16.493,7.335
05-Jul-19,13:00:00,0.274,16.63,7.649
05-Jul-19,14:00:00,0.249,16.73,7.957
05-Jul-19,15:00:00,0.171,16.713,8.214
05-Jul-19,16:00:00,0.089,16.487,8.452
05-Jul-19,17:00:00,0.039,16.115,8.482
05-Jul-19,18:00:00,0.01,15.613,8.111
05-Jul-19,19:00:00,0.002,15.228,7.652
05-Jul-19,20:00:00,0,14.907,7.34
05-Jul-19,21:00:00,0,14.441,7.537
05-Jul-19,22:00:00,0,14.232,7.721
05-Jul-19,23:00:00,0,14.193,7.94
06-Jul-19,00:00:00,0,14.089,8.183
06-Jul-19,01:00:00,0,13.889,8.335
06-Jul-19,02:00:00,0,13.644,8.129
06-Jul-19,03:00:00,0,13.306,7.652
06-Jul-19,04:00:00,0,12.859,7.07
06-Jul-19,05:00:00,0,12.387,6.754
06-Jul-19,06:00:00,0,12.137,6.537
06-Jul-19,07:00:00,0.059,12.18,6.267
06-Jul-19,08:00:00,0.261,12.779,5.878
06-Jul-19,09:00:00,0.504,13.729,5.485
06-Jul-19,10:00:00,0.716,14.711,5.173
06-Jul-19,11:00:00,0.85,15.542,4.876
06-Jul-19,12:00:00,0.927,16.269,4.623
06-Jul-19,13:00:00,0.933,16.839,4.448
06-Jul-19,14:00:00,0.878,17.226,4.419
06-Jul-19,15:00:00,0.764,17.411,4.515
06-Jul-19,16:00:00,0.575,17.361,4.671
06-Jul-19,17:00:00,0.388,17.167,4.83
06-Jul-19,18:00:00,0.187,16.772,4.857
06-Jul-19,19:00:00,0.025,16.116,4.732
06-Jul-19,20:00:00,0,15.1,4.551
06-Jul-19,21:00:00,0,13.624,4.418
06-Jul-19,22:00:00,0,12.929,4.166
06-Jul-19,23:00:00,0,12.589,3.794
07-Jul-19,00:00:00,0,12.177,3.469
07-Jul-19,01:00:00,0,11.682,3.353
07-Jul-19,02:00:00,0,11.32,3.418
07-Jul-19,03:00:00,0,11.069,3.556
07-Jul-19,04:00:00,0,10.782,3.62
07-Jul-19,05:00:00,0,10.975,3.61
07-Jul-19,06:00:00,0,12.073,3.438
07-Jul-19,07:00:00,0.087,13.008,3.346
07-Jul-19,08:00:00,0.237,14.001,3.222
07-Jul-19,09:00:00,0.372,14.928,3.023
07-Jul-19,10:00:00,0.412,15.423,2.897
07-Jul-19,11:00:00,0.344,15.62,3.006
07-Jul-19,12:00:00,0.281,15.792,3.223
07-Jul-19,13:00:00,0.181,15.789,3.354
07-Jul-19,14:00:00,0.18,15.894,3.36
07-Jul-19,15:00:00,0.178,16.04,3.33
07-Jul-19,16:00:00,0.146,16.185,3.311
07-Jul-19,17:00:00,0.104,16.33,3.332
07-Jul-19,18:00:00,0.051,16.303,3.272
07-Jul-19,19:00:00,0.008,16.023,3.152
07-Jul-19,20:00:00,0,15.284,3.27
07-Jul-19,21:00:00,0,14.156,3.698
07-Jul-19,22:00:00,0,13.307,4.228
07-Jul-19,23:00:00,0,12.676,4.765
08-Jul-19,00:00:00,0,11.953,5.047
08-Jul-19,01:00:00,0,11.336,5.291
08-Jul-19,02:00:00,0,10.917,5.404
08-Jul-19,03:00:00,0,10.801,5.299
08-Jul-19,04:00:00,0,10.651,5.137
08-Jul-19,05:00:00,0,10.94,4.97
08-Jul-19,06:00:00,0,11.449,4.955
08-Jul-19,07:00:00,0.005,12.021,4.821
08-Jul-19,08:00:00,0.057,13.094,4.802
08-Jul-19,09:00:00,0.185,14.218,4.561
08-Jul-19,10:00:00,0.18,14.921,4.268
08-Jul-19,11:00:00,0.18,15.468,4.132
08-Jul-19,12:00:00,0.219,15.952,4.083
08-Jul-19,13:00:00,0.211,16.274,4.093
08-Jul-19,14:00:00,0.196,16.492,4.013
08-Jul-19,15:00:00,0.16,16.638,3.869
08-Jul-19,16:00:00,0.075,16.526,3.73
08-Jul-19,17:00:00,0.039,16.333,3.587
08-Jul-19,18:00:00,0.026,16.186,3.434
08-Jul-19,19:00:00,0.003,15.792,3.308
08-Jul-19,20:00:00,0,15.053,3.213
08-Jul-19,21:00:00,0,14.253,3.071
08-Jul-19,22:00:00,0,13.788,2.924
08-Jul-19,23:00:00,0,13.438,2.945
09-Jul-19,00:00:00,0,13.03,3.211
09-Jul-19,01:00:00,0,12.675,3.456
09-Jul-19,02:00:00,0,12.386,3.521
09-Jul-19,03:00:00,0,12.096,3.701
09-Jul-19,04:00:00,0,11.883,4.03
09-Jul-19,05:00:00,0,11.904,4.327
09-Jul-19,06:00:00,0,12.171,4.415
09-Jul-19,07:00:00,0.001,12.461,4.553
09-Jul-19,08:00:00,0.006,12.819,4.89
09-Jul-19,09:00:00,0.012,13.285,5.259
09-Jul-19,10:00:00,0.013,13.703,5.55
09-Jul-19,11:00:00,0.007,13.869,5.777
09-Jul-19,12:00:00,0.006,14.061,5.812
09-Jul-19,13:00:00,0.008,14.382,5.812
09-Jul-19,14:00:00,0.008,14.705,5.916
09-Jul-19,15:00:00,0.008,14.904,6.04
09-Jul-19,16:00:00,0.012,15.082,6.089
09-Jul-19,17:00:00,0.027,15.364,6.121
09-Jul-19,18:00:00,0.015,15.444,5.932
09-Jul-19,19:00:00,0.003,15.294,5.563
09-Jul-19,20:00:00,0,14.863,5.291
09-Jul-19,21:00:00,0,14.007,5.498
09-Jul-19,22:00:00,0,13.559,5.924
09-Jul-19,23:00:00,0,13.495,6.208
10-Jul-19,00:00:00,0,13.606,6.431
10-Jul-19,01:00:00,0,13.838,6.573
10-Jul-19,02:00:00,0,13.997,6.49
10-Jul-19,03:00:00,0,13.895,6.262
10-Jul-19,04:00:00,0,13.747,6.054
10-Jul-19,05:00:00,0,13.875,5.831
10-Jul-19,06:00:00,0,14.453,5.521
10-Jul-19,07:00:00,0.005,15.023,5.131
10-Jul-19,08:00:00,0.052,15.825,5.136
10-Jul-19,09:00:00,0.156,16.648,5.369
10-Jul-19,10:00:00,0.271,17.342,5.604
10-Jul-19,11:00:00,0.372,17.928,5.786
10-Jul-19,12:00:00,0.425,18.426,5.972
10-Jul-19,13:00:00,0.213,18.434,6.216
10-Jul-19,14:00:00,0.076,18.042,6.591
10-Jul-19,15:00:00,0.035,17.48,6.78
10-Jul-19,16:00:00,0.03,17.035,6.478
10-Jul-19,17:00:00,0.046,16.793,6.13
10-Jul-19,18:00:00,0.056,16.651,6.088
10-Jul-19,19:00:00,0.008,16.253,6.032
10-Jul-19,20:00:00,0,15.545,5.771
10-Jul-19,21:00:00,0,14.891,5.911
10-Jul-19,22:00:00,0,14.696,6.033
10-Jul-19,23:00:00,0,14.618,5.933
11-Jul-19,00:00:00,0,14.482,5.956
11-Jul-19,01:00:00,0,14.334,5.942
11-Jul-19,02:00:00,0,14.13,5.898
11-Jul-19,03:00:00,0,13.986,5.89
11-Jul-19,04:00:00,0,13.872,5.925
11-Jul-19,05:00:00,0,14.109,5.893
11-Jul-19,06:00:00,0,14.886,5.741
11-Jul-19,07:00:00,0.016,15.387,5.935
11-Jul-19,08:00:00,0.039,15.717,6.623
11-Jul-19,09:00:00,0.071,15.974,7.01
11-Jul-19,10:00:00,0.125,16.416,7.166
11-Jul-19,11:00:00,0.206,17.002,7.234
11-Jul-19,12:00:00,0.44,17.716,7.413
11-Jul-19,13:00:00,0.687,18.232,7.564
11-Jul-19,14:00:00,0.676,18.334,7.498
11-Jul-19,15:00:00,0.576,18.208,7.361
11-Jul-19,16:00:00,0.416,17.982,7.277
11-Jul-19,17:00:00,0.249,17.665,7.161
11-Jul-19,18:00:00,0.097,17.191,6.878
11-Jul-19,19:00:00,0.008,16.55,6.265
11-Jul-19,20:00:00,0,15.785,5.78
11-Jul-19,21:00:00,0,14.748,5.691
11-Jul-19,22:00:00,0,14.224,5.705
11-Jul-19,23:00:00,0,13.878,5.685
12-Jul-19,00:00:00,0,13.548,5.824
12-Jul-19,01:00:00,0,13.38,6.07
12-Jul-19,02:00:00,0,13.32,6.162
12-Jul-19,03:00:00,0,13.16,6.345
12-Jul-19,04:00:00,0,12.941,6.624
12-Jul-19,05:00:00,0,13.115,6.739
12-Jul-19,06:00:00,0,13.73,6.408
12-Jul-19,07:00:00,0.073,14.419,6.546
12-Jul-19,08:00:00,0.243,15.271,6.791
12-Jul-19,09:00:00,0.385,16.205,6.728
12-Jul-19,10:00:00,0.356,16.972,6.595
12-Jul-19,11:00:00,0.421,17.682,6.351
12-Jul-19,12:00:00,0.63,18.52,6.109
12-Jul-19,13:00:00,0.718,19.182,6.059
12-Jul-19,14:00:00,0.617,19.462,6.343
12-Jul-19,15:00:00,0.466,19.428,6.691
12-Jul-19,16:00:00,0.241,19.103,6.917
12-Jul-19,17:00:00,0.093,18.554,7.166
12-Jul-19,18:00:00,0.063,18.026,7.346
12-Jul-19,19:00:00,0.016,17.333,7.281
12-Jul-19,20:00:00,0,16.347,7.102
12-Jul-19,21:00:00,0,15.138,7.04
12-Jul-19,22:00:00,0,14.417,6.911
12-Jul-19,23:00:00,0,14.11,6.95
13-Jul-19,00:00:00,0,13.997,6.582
13-Jul-19,01:00:00,0,13.945,6.15
13-Jul-19,02:00:00,0,13.846,5.863
13-Jul-19,03:00:00,0,13.525,5.606
13-Jul-19,04:00:00,0,13.346,5.29
13-Jul-19,05:00:00,0,13.637,4.974
13-Jul-19,06:00:00,0,14.276,4.528
13-Jul-19,07:00:00,0.004,14.771,4.187
13-Jul-19,08:00:00,0.015,15.378,4.075
13-Jul-19,09:00:00,0.028,15.964,4.093
13-Jul-19,10:00:00,0.041,16.441,4.205
13-Jul-19,11:00:00,0.091,16.995,4.681
13-Jul-19,12:00:00,0.152,17.482,5.191
13-Jul-19,13:00:00,0.171,17.812,5.53
13-Jul-19,14:00:00,0.181,18.005,5.806
13-Jul-19,15:00:00,0.267,18.227,6.038
13-Jul-19,16:00:00,0.26,18.3,6.308
13-Jul-19,17:00:00,0.115,18.015,6.538
13-Jul-19,18:00:00,0.055,17.621,6.598
13-Jul-19,19:00:00,0.013,17.096,6.506
13-Jul-19,20:00:00,0,16.139,6.582
13-Jul-19,21:00:00,0,14.817,6.801
13-Jul-19,22:00:00,0,14.04,6.712
13-Jul-19,23:00:00,0,13.485,6.388
14-Jul-19,00:00:00,0,12.949,6.079
14-Jul-19,01:00:00,0,12.578,5.774
14-Jul-19,02:00:00,0,12.4,5.583
14-Jul-19,03:00:00,0,12.256,5.559
14-Jul-19,04:00:00,0,12.09,5.565
14-Jul-19,05:00:00,0,12.411,5.502
14-Jul-19,06:00:00,0,13.6,5.192
14-Jul-19,07:00:00,0.074,14.469,5.181
14-Jul-19,08:00:00,0.223,15.321,4.892
14-Jul-19,09:00:00,0.379,16.155,4.349
14-Jul-19,10:00:00,0.489,16.839,3.802
14-Jul-19,11:00:00,0.49,17.396,3.303
14-Jul-19,12:00:00,0.603,18.001,2.827
14-Jul-19,13:00:00,0.717,18.607,2.362
14-Jul-19,14:00:00,0.698,19.054,2.108
14-Jul-19,15:00:00,0.644,19.334,2.168
14-Jul-19,16:00:00,0.503,19.403,2.423
14-Jul-19,17:00:00,0.339,19.32,2.553
14-Jul-19,18:00:00,0.112,18.973,2.626
14-Jul-19,19:00:00,0.012,18.487,2.66
14-Jul-19,20:00:00,0,17.733,2.629
14-Jul-19,21:00:00,0,16.628,2.631
14-Jul-19,22:00:00,0,15.984,2.685
14-Jul-19,23:00:00,0,15.418,2.806
15-Jul-19,00:00:00,0,14.874,2.96
15-Jul-19,01:00:00,0,14.212,3.218
15-Jul-19,02:00:00,0,13.423,3.477
15-Jul-19,03:00:00,0,12.864,3.672
15-Jul-19,04:00:00,0,12.232,3.948
15-Jul-19,05:00:00,0,12.143,4.233
15-Jul-19,06:00:00,0,13.461,4.242
15-Jul-19,07:00:00,0.107,14.576,4.068
15-Jul-19,08:00:00,0.29,15.844,3.98
15-Jul-19,09:00:00,0.484,16.985,4.063
15-Jul-19,10:00:00,0.642,17.897,4.258
15-Jul-19,11:00:00,0.753,18.569,4.489
15-Jul-19,12:00:00,0.83,19.107,4.68
15-Jul-19,13:00:00,0.811,19.47,4.816
15-Jul-19,14:00:00,0.652,19.532,4.918
15-Jul-19,15:00:00,0.653,19.631,4.961
15-Jul-19,16:00:00,0.536,19.524,5.026
15-Jul-19,17:00:00,0.373,19.204,5.062
15-Jul-19,18:00:00,0.189,18.661,4.984
15-Jul-19,19:00:00,0.035,17.857,4.751
15-Jul-19,20:00:00,0,16.519,4.423
15-Jul-19,21:00:00,0,14.912,4.104
15-Jul-19,22:00:00,0,14.274,3.929
15-Jul-19,23:00:00,0,13.894,4.016
16-Jul-19,00:00:00,0,13.552,4.369
16-Jul-19,01:00:00,0,13.45,4.706
16-Jul-19,02:00:00,0,13.42,4.906
16-Jul-19,03:00:00,0,13.466,5.097
16-Jul-19,04:00:00,0,13.612,5.305
16-Jul-19,05:00:00,0,13.972,5.445
16-Jul-19,06:00:00,0,14.81,5.388
16-Jul-19,07:00:00,0.009,15.53,5.163
16-Jul-19,08:00:00,0.066,16.436,5.261
16-Jul-19,09:00:00,0.188,17.437,5.732
16-Jul-19,10:00:00,0.302,18.145,6.007
16-Jul-19,11:00:00,0.405,18.639,6.035
16-Jul-19,12:00:00,0.548,19.04,6.036
16-Jul-19,13:00:00,0.727,19.431,6.042
16-Jul-19,14:00:00,0.751,19.627,6.078
16-Jul-19,15:00:00,0.662,19.577,6.092
16-Jul-19,16:00:00,0.498,19.346,6.104
16-Jul-19,17:00:00,0.316,18.956,6.101
16-Jul-19,18:00:00,0.146,18.368,5.955
16-Jul-19,19:00:00,0.028,17.616,5.524
16-Jul-19,20:00:00,0,16.374,5.243
16-Jul-19,21:00:00,0,14.805,5.331
16-Jul-19,22:00:00,0,14.143,5.516
16-Jul-19,23:00:00,0,13.786,5.76
17-Jul-19,00:00:00,0,13.639,6.062
17-Jul-19,01:00:00,0,13.739,6.387
17-Jul-19,02:00:00,0,13.779,6.601
17-Jul-19,03:00:00,0,13.666,6.634
17-Jul-19,04:00:00,0,13.597,6.624
17-Jul-19,05:00:00,0,13.912,6.581
17-Jul-19,06:00:00,0,14.611,6.308
17-Jul-19,07:00:00,0.006,15.272,6.244
17-Jul-19,08:00:00,0.033,16.038,6.84
17-Jul-19,09:00:00,0.082,16.674,7.474
17-Jul-19,10:00:00,0.091,16.95,8.077
17-Jul-19,11:00:00,0.147,17.164,8.602
17-Jul-19,12:00:00,0.185,17.329,9.109
17-Jul-19,13:00:00,0.046,16.74,9.298
17-Jul-19,14:00:00,0.011,15.813,8.993
17-Jul-19,15:00:00,0.007,15.362,8.627
17-Jul-19,16:00:00,0.009,15.402,8.734
17-Jul-19,17:00:00,0.015,15.598,9.244
17-Jul-19,18:00:00,0.008,15.493,9.462
17-Jul-19,19:00:00,0.002,15.204,9.23
17-Jul-19,20:00:00,0,14.885,9.103
17-Jul-19,21:00:00,0,14.671,9.033
17-Jul-19,22:00:00,0,14.724,8.912
17-Jul-19,23:00:00,0,14.849,8.45
18-Jul-19,00:00:00,0,14.853,7.305
18-Jul-19,01:00:00,0,14.602,6.84
18-Jul-19,02:00:00,0,13.813,6.786
18-Jul-19,03:00:00,0,13.021,6.492
18-Jul-19,04:00:00,0,11.985,6.341
18-Jul-19,05:00:00,0,11.846,6.375
18-Jul-19,06:00:00,0,12.794,6.468
18-Jul-19,07:00:00,0.071,13.398,6.87
18-Jul-19,08:00:00,0.254,14.019,7.165
18-Jul-19,09:00:00,0.442,14.7,7.496
18-Jul-19,10:00:00,0.607,15.254,7.78
18-Jul-19,11:00:00,0.732,15.669,8.057
18-Jul-19,12:00:00,0.798,16.008,8.366
18-Jul-19,13:00:00,0.789,16.25,8.671
18-Jul-19,14:00:00,0.708,16.409,8.881
18-Jul-19,15:00:00,0.582,16.518,8.97
18-Jul-19,16:00:00,0.421,16.571,8.949
18-Jul-19,17:00:00,0.243,16.494,8.721
18-Jul-19,18:00:00,0.092,16.217,8.051
18-Jul-19,19:00:00,0.015,15.763,7.209
18-Jul-19,20:00:00,0,15.052,6.935
18-Jul-19,21:00:00,0,13.977,6.796
18-Jul-19,22:00:00,0,13.463,6.654
18-Jul-19,23:00:00,0,13.071,6.39
19-Jul-19,00:00:00,0,12.738,6.199
19-Jul-19,01:00:00,0,12.453,6.041
19-Jul-19,02:00:00,0,12.18,5.945
19-Jul-19,03:00:00,0,11.945,5.9
19-Jul-19,04:00:00,0,11.738,5.832
19-Jul-19,05:00:00,0,12.02,5.805
19-Jul-19,06:00:00,0,13.749,5.704
19-Jul-19,07:00:00,0.063,14.7,5.761
19-Jul-19,08:00:00,0.195,15.286,6.204
19-Jul-19,09:00:00,0.295,15.875,6.591
19-Jul-19,10:00:00,0.287,16.334,6.834
19-Jul-19,11:00:00,0.145,16.435,7.352
19-Jul-19,12:00:00,0.059,16.343,7.893
19-Jul-19,13:00:00,0.041,16.288,8.172
19-Jul-19,14:00:00,0.036,16.448,8.105
19-Jul-19,15:00:00,0.033,16.782,7.676
19-Jul-19,16:00:00,0.039,17.248,7.257
19-Jul-19,17:00:00,0.039,17.624,7.276
19-Jul-19,18:00:00,0.023,17.581,7.472
19-Jul-19,19:00:00,0.005,17.058,8.035
19-Jul-19,20:00:00,0,16.222,8.669
19-Jul-19,21:00:00,0,15.514,9.144
19-Jul-19,22:00:00,0,15.347,9.328
19-Jul-19,23:00:00,0,15.353,9.339
20-Jul-19,00:00:00,0,15.32,9.415
20-Jul-19,01:00:00,0,15.225,9.357
20-Jul-19,02:00:00,0,15.066,8.964
20-Jul-19,03:00:00,0,14.917,8.451
20-Jul-19,04:00:00,0,14.822,8.069
20-Jul-19,05:00:00,0,14.833,7.858
20-Jul-19,06:00:00,0,15.198,7.606
20-Jul-19,07:00:00,0.018,15.718,7.209
20-Jul-19,08:00:00,0.07,16.277,7.199
20-Jul-19,09:00:00,0.199,16.861,6.84
20-Jul-19,10:00:00,0.26,17.225,6.839
20-Jul-19,11:00:00,0.418,17.593,7.483
20-Jul-19,12:00:00,0.503,17.889,8.497
20-Jul-19,13:00:00,0.299,17.772,9.4
20-Jul-19,14:00:00,0.253,17.571,9.784
20-Jul-19,15:00:00,0.324,17.481,9.592
20-Jul-19,16:00:00,0.288,17.332,9.257
20-Jul-19,17:00:00,0.175,16.954,9.038
20-Jul-19,18:00:00,0.111,16.449,8.617
20-Jul-19,19:00:00,0.025,15.796,7.807
20-Jul-19,20:00:00,0,14.765,7.021
20-Jul-19,21:00:00,0,13.714,6.583
20-Jul-19,22:00:00,0,13.449,6.212
20-Jul-19,23:00:00,0,13.297,5.95
21-Jul-19,00:00:00,0,13.134,5.909
21-Jul-19,01:00:00,0,12.923,5.975
21-Jul-19,02:00:00,0,12.738,6.113
21-Jul-19,03:00:00,0,12.504,6.402
21-Jul-19,04:00:00,0,12.381,6.758
21-Jul-19,05:00:00,0,12.659,6.766
21-Jul-19,06:00:00,0,14.121,6.283
21-Jul-19,07:00:00,0.079,14.933,6.22
21-Jul-19,08:00:00,0.213,15.481,6.755
21-Jul-19,09:00:00,0.243,15.951,7.241
21-Jul-19,10:00:00,0.28,16.386,7.772
21-Jul-19,11:00:00,0.254,16.771,8.291
21-Jul-19,12:00:00,0.098,16.758,8.813
21-Jul-19,13:00:00,0.02,16.285,9.065
21-Jul-19,14:00:00,0.016,16.112,9.146
21-Jul-19,15:00:00,0.014,16.18,9.317
21-Jul-19,16:00:00,0.017,16.325,9.823
21-Jul-19,17:00:00,0.004,16.304,9.966
21-Jul-19,18:00:00,0.001,16.338,10.676
21-Jul-19,19:00:00,0,16.299,11.442
21-Jul-19,20:00:00,0,16.076,11.906
21-Jul-19,21:00:00,0,15.926,12.218
21-Jul-19,22:00:00,0,15.887,12.593
21-Jul-19,23:00:00,0,15.895,12.678
22-Jul-19,00:00:00,0,15.979,12.255
22-Jul-19,01:00:00,0,16.065,11.637
22-Jul-19,02:00:00,0,16.164,11.62
22-Jul-19,03:00:00,0,16.343,12.322
22-Jul-19,04:00:00,0,16.564,12.912
22-Jul-19,05:00:00,0,16.599,12.678
22-Jul-19,06:00:00,0,16.749,12.365
22-Jul-19,07:00:00,0.025,17.041,11.752
22-Jul-19,08:00:00,0.12,17.48,11.416
22-Jul-19,09:00:00,0.319,18.109,11.781
22-Jul-19,10:00:00,0.589,18.705,11.962
22-Jul-19,11:00:00,0.719,19.176,12.006
22-Jul-19,12:00:00,0.769,19.492,12.042
22-Jul-19,13:00:00,0.749,19.685,12.011
22-Jul-19,14:00:00,0.626,19.748,11.829
22-Jul-19,15:00:00,0.499,19.654,11.57
22-Jul-19,16:00:00,0.424,19.483,11.239
22-Jul-19,17:00:00,0.26,19.103,10.792
22-Jul-19,18:00:00,0.126,18.549,10.311
22-Jul-19,19:00:00,0.021,17.837,9.593
22-Jul-19,20:00:00,0,17.028,9.286
22-Jul-19,21:00:00,0,16.374,9.344
22-Jul-19,22:00:00,0,16.119,9.215
22-Jul-19,23:00:00,0,15.906,8.937
23-Jul-19,00:00:00,0,15.665,8.549
23-Jul-19,01:00:00,0,15.384,8.058
23-Jul-19,02:00:00,0,15.241,7.827
23-Jul-19,03:00:00,0,15.052,7.658
23-Jul-19,04:00:00,0,14.744,7.458
23-Jul-19,05:00:00,0,14.799,7.4
23-Jul-19,06:00:00,0,15.713,6.908
23-Jul-19,07:00:00,0.102,16.609,6.513
23-Jul-19,08:00:00,0.298,17.633,6.935
23-Jul-19,09:00:00,0.5,18.55,6.898
23-Jul-19,10:00:00,0.676,19.402,6.792
23-Jul-19,11:00:00,0.807,20.176,6.692
23-Jul-19,12:00:00,0.881,20.895,6.573
23-Jul-19,13:00:00,0.891,21.521,6.368
23-Jul-19,14:00:00,0.84,22.042,6.208
23-Jul-19,15:00:00,0.732,22.48,6.243
23-Jul-19,16:00:00,0.577,22.823,6.435
23-Jul-19,17:00:00,0.388,22.977,6.549
23-Jul-19,18:00:00,0.189,22.848,6.163
23-Jul-19,19:00:00,0.031,22.244,5.995
23-Jul-19,20:00:00,0,20.859,6.808
23-Jul-19,21:00:00,0,19.81,7.926
23-Jul-19,22:00:00,0,19.726,9.026
23-Jul-19,23:00:00,0,19.453,9.373
24-Jul-19,00:00:00,0,19,9.425
24-Jul-19,01:00:00,0,18.567,9.323
24-Jul-19,02:00:00,0,18.031,8.743
24-Jul-19,03:00:00,0,17.593,8.193
24-Jul-19,04:00:00,0,17.603,8.18
24-Jul-19,05:00:00,0,17.432,7.235
24-Jul-19,06:00:00,0,17.421,5.97
24-Jul-19,07:00:00,0.026,18.021,6.349
24-Jul-19,08:00:00,0.166,18.668,6.913
24-Jul-19,09:00:00,0.366,19.157,7.191
24-Jul-19,10:00:00,0.552,19.537,7.488
24-Jul-19,11:00:00,0.73,19.808,7.295
24-Jul-19,12:00:00,0.837,20.053,6.957
24-Jul-19,13:00:00,0.74,20.145,6.908
24-Jul-19,14:00:00,0.297,19.757,7.001
24-Jul-19,15:00:00,0.161,19.273,6.973
24-Jul-19,16:00:00,0.084,19.063,6.716
24-Jul-19,17:00:00,0.072,18.923,6.576
24-Jul-19,18:00:00,0.133,19.06,6.38
24-Jul-19,19:00:00,0.01,18.68,5.602
24-Jul-19,20:00:00,0,17.775,4.827
24-Jul-19,21:00:00,0,16.995,4.669
24-Jul-19,22:00:00,0,16.666,5.103
24-Jul-19,23:00:00,0,16.341,5.726
25-Jul-19,00:00:00,0,16.303,6.385
25-Jul-19,01:00:00,0,16.408,6.929
25-Jul-19,02:00:00,0,16.432,7.223
25-Jul-19,03:00:00,0,16.481,7.446
25-Jul-19,04:00:00,0,16.472,7.492
25-Jul-19,05:00:00,0,16.581,7.617
25-Jul-19,06:00:00,0,17.273,7.541
25-Jul-19,07:00:00,0.06,18.216,7.292
25-Jul-19,08:00:00,0.208,19.522,7.217
25-Jul-19,09:00:00,0.382,21.153,7.723
25-Jul-19,10:00:00,0.576,22.75,8.502
25-Jul-19,11:00:00,0.707,23.915,8.592
25-Jul-19,12:00:00,0.789,24.737,8.279
25-Jul-19,13:00:00,0.647,25.292,7.902
25-Jul-19,14:00:00,0.134,25.079,7.314
25-Jul-19,15:00:00,0.038,24.625,6.416
25-Jul-19,16:00:00,0.023,24.087,6.05
25-Jul-19,17:00:00,0.013,23.441,5.728
25-Jul-19,18:00:00,0.017,23.23,5.268
25-Jul-19,19:00:00,0.01,23.057,5.181
25-Jul-19,20:00:00,0,21.931,5.213
25-Jul-19,21:00:00,0,20.476,5.442
25-Jul-19,22:00:00,0,19.646,5.787
25-Jul-19,23:00:00,0,18.823,5.706
26-Jul-19,00:00:00,0,18.029,5.205
26-Jul-19,01:00:00,0,17.486,4.809
26-Jul-19,02:00:00,0,17.158,4.674
26-Jul-19,03:00:00,0,16.926,4.737
26-Jul-19,04:00:00,0,16.664,4.892
26-Jul-19,05:00:00,0,16.56,5.051
26-Jul-19,06:00:00,0,17.692,5.161
26-Jul-19,07:00:00,0.062,18.667,5.373
26-Jul-19,08:00:00,0.161,19.225,6.156
26-Jul-19,09:00:00,0.242,19.562,6.33
26-Jul-19,10:00:00,0.39,19.941,6.444
26-Jul-19,11:00:00,0.515,20.259,6.742
26-Jul-19,12:00:00,0.541,20.402,6.99
26-Jul-19,13:00:00,0.5,20.429,7.166
26-Jul-19,14:00:00,0.232,20.044,7.28
26-Jul-19,15:00:00,0.059,19.248,6.649
26-Jul-19,16:00:00,0.054,18.784,5.918
26-Jul-19,17:00:00,0.074,18.693,5.73
26-Jul-19,18:00:00,0.04,18.449,5.614
26-Jul-19,19:00:00,0.004,17.902,5.026
26-Jul-19,20:00:00,0,17.009,4.448
26-Jul-19,21:00:00,0,16.023,4.406
26-Jul-19,22:00:00,0,15.581,4.671
26-Jul-19,23:00:00,0,15.353,4.447
27-Jul-19,00:00:00,0,15.253,3.644
27-Jul-19,01:00:00,0,15.285,3.094
27-Jul-19,02:00:00,0,15.204,3.027
27-Jul-19,03:00:00,0,15.144,2.753
27-Jul-19,04:00:00,0,15.176,2.629
27-Jul-19,05:00:00,0,14.998,3.008
27-Jul-19,06:00:00,0,15.37,3.212
27-Jul-19,07:00:00,0.002,15.809,3.085
27-Jul-19,08:00:00,0.004,16.317,3.285
27-Jul-19,09:00:00,0.005,16.615,3.658
27-Jul-19,10:00:00,0.005,16.466,4.098
27-Jul-19,11:00:00,0.007,16.126,4.558
27-Jul-19,12:00:00,0.008,15.982,5.198
27-Jul-19,13:00:00,0.008,16,5.774
27-Jul-19,14:00:00,0.011,16.191,6.2
27-Jul-19,15:00:00,0.01,16.381,6.375
27-Jul-19,16:00:00,0.007,16.526,6.391
27-Jul-19,17:00:00,0.005,16.58,6.441
27-Jul-19,18:00:00,0.002,16.463,6.513
27-Jul-19,19:00:00,0,16.189,6.459
27-Jul-19,20:00:00,0,15.842,6.6
27-Jul-19,21:00:00,0,15.499,6.845
27-Jul-19,22:00:00,0,15.34,6.841
27-Jul-19,23:00:00,0,15.244,6.685
28-Jul-19,00:00:00,0,15.186,6.55
28-Jul-19,01:00:00,0,15.133,6.439
28-Jul-19,02:00:00,0,15.127,6.373
28-Jul-19,03:00:00,0,15.154,6.36
28-Jul-19,04:00:00,0,15.164,6.429
28-Jul-19,05:00:00,0,15.21,6.394
28-Jul-19,06:00:00,0,15.581,5.902
28-Jul-19,07:00:00,0.013,16.244,5.357
28-Jul-19,08:00:00,0.081,17.284,5.235
28-Jul-19,09:00:00,0.18,18.358,5.269
28-Jul-19,10:00:00,0.322,19.301,5.398
28-Jul-19,11:00:00,0.435,20.098,5.441
28-Jul-19,12:00:00,0.514,20.727,5.365
28-Jul-19,13:00:00,0.445,21.075,5.185
28-Jul-19,14:00:00,0.285,21.121,4.835
28-Jul-19,15:00:00,0.124,20.835,4.363
28-Jul-19,16:00:00,0.057,20.386,3.982
28-Jul-19,17:00:00,0.029,19.842,3.752
28-Jul-19,18:00:00,0.013,19.256,3.657
28-Jul-19,19:00:00,0.002,18.611,3.804
28-Jul-19,20:00:00,0,17.698,3.844
28-Jul-19,21:00:00,0,16.921,3.862
28-Jul-19,22:00:00,0,16.553,3.652
28-Jul-19,23:00:00,0,16.303,3.427
29-Jul-19,00:00:00,0,16.054,3.282
29-Jul-19,01:00:00,0,15.789,3.271
29-Jul-19,02:00:00,0,15.583,3.254
29-Jul-19,03:00:00,0,15.435,3.242
29-Jul-19,04:00:00,0,15.244,3.859
29-Jul-19,05:00:00,0,15.12,4.174
29-Jul-19,06:00:00,0,15.477,4.418
29-Jul-19,07:00:00,0.002,15.631,4.582
29-Jul-19,08:00:00,0.009,15.763,4.824
29-Jul-19,09:00:00,0.025,15.958,5.213
29-Jul-19,10:00:00,0.062,16.187,5.723
29-Jul-19,11:00:00,0.14,16.479,6.167
29-Jul-19,12:00:00,0.31,16.932,6.421
29-Jul-19,13:00:00,0.518,17.405,6.479
29-Jul-19,14:00:00,0.591,17.751,6.383
29-Jul-19,15:00:00,0.613,17.989,6.108
29-Jul-19,16:00:00,0.537,18.087,5.708
29-Jul-19,17:00:00,0.367,17.976,5.167
29-Jul-19,18:00:00,0.179,17.698,4.421
29-Jul-19,19:00:00,0.027,17.189,3.518
29-Jul-19,20:00:00,0,16.196,2.684
29-Jul-19,21:00:00,0,15.472,2.978
29-Jul-19,22:00:00,0,14.905,3.281
29-Jul-19,23:00:00,0,14.632,3.699
30-Jul-19,00:00:00,0,14.253,4.382
30-Jul-19,01:00:00,0,13.841,5.09
30-Jul-19,02:00:00,0,13.539,5.67
30-Jul-19,03:00:00,0,13.282,6.096
30-Jul-19,04:00:00,0,12.905,6.447
30-Jul-19,05:00:00,0,12.757,6.769
30-Jul-19,06:00:00,0,13.971,6.759
30-Jul-19,07:00:00,0.053,15.026,6.346
30-Jul-19,08:00:00,0.111,16.413,6.222
30-Jul-19,09:00:00,0.121,17.781,6.59
30-Jul-19,10:00:00,0.117,18.576,6.94
30-Jul-19,11:00:00,0.151,19.059,7.236
30-Jul-19,12:00:00,0.249,19.583,7.497
30-Jul-19,13:00:00,0.269,19.978,7.605
30-Jul-19,14:00:00,0.232,20.274,7.509
30-Jul-19,15:00:00,0.137,20.355,7.218
30-Jul-19,16:00:00,0.088,20.199,6.981
30-Jul-19,17:00:00,0.04,19.749,6.75
30-Jul-19,18:00:00,0.013,19.057,6.801
30-Jul-19,19:00:00,0.001,18.104,6.929
30-Jul-19,20:00:00,0,17.119,6.958
30-Jul-19,21:00:00,0,16.459,7.004
30-Jul-19,22:00:00,0,16.056,6.722
30-Jul-19,23:00:00,0,15.747,6.499
31-Jul-19,00:00:00,0,15.464,6.371
31-Jul-19,01:00:00,0,15.181,6.537
31-Jul-19,02:00:00,0,14.98,6.747
31-Jul-19,03:00:00,0,14.862,6.956
31-Jul-19,04:00:00,0,14.746,7.103
31-Jul-19,05:00:00,0,14.719,7.205
31-Jul-19,06:00:00,0,15.129,7.018
31-Jul-19,07:00:00,0.044,15.828,6.714
31-Jul-19,08:00:00,0.173,16.686,6.958
31-Jul-19,09:00:00,0.326,17.581,6.989
31-Jul-19,10:00:00,0.457,18.414,6.902
31-Jul-19,11:00:00,0.444,18.987,6.832
31-Jul-19,12:00:00,0.463,19.43,6.836
31-Jul-19,13:00:00,0.302,19.575,6.943
31-Jul-19,14:00:00,0.093,19.357,7.051
31-Jul-19,15:00:00,0.072,19.189,7.126
31-Jul-19,16:00:00,0.058,18.99,7.056
31-Jul-19,17:00:00,0.073,18.857,6.921
31-Jul-19,18:00:00,0.05,18.545,6.594
31-Jul-19,19:00:00,0.008,17.961,6.243
31-Jul-19,20:00:00,0,16.769,6.331
31-Jul-19,21:00:00,0,15.586,6.43
31-Jul-19,22:00:00,0,15.035,6.302
31-Jul-19,23:00:00,0,14.562,6.024
01-Aug-19,00:00:00,0,14.14,5.753
01-Aug-19,01:00:00,0,13.778,5.494
01-Aug-19,02:00:00,0,13.469,5.336
01-Aug-19,03:00:00,0,13.195,5.276
01-Aug-19,04:00:00,0,12.949,5.19
01-Aug-19,05:00:00,0,12.858,5.029
01-Aug-19,06:00:00,0,14.119,4.744
01-Aug-19,07:00:00,0.069,15.302,4.122
01-Aug-19,08:00:00,0.236,16.597,3.971
01-Aug-19,09:00:00,0.421,17.682,3.725
01-Aug-19,10:00:00,0.562,18.52,3.621
01-Aug-19,11:00:00,0.647,19.096,3.643
01-Aug-19,12:00:00,0.653,19.483,3.728
01-Aug-19,13:00:00,0.609,19.742,3.855
01-Aug-19,14:00:00,0.563,19.94,4.015
01-Aug-19,15:00:00,0.49,20.048,4.153
01-Aug-19,16:00:00,0.349,20.04,4.153
01-Aug-19,17:00:00,0.14,19.796,4.06
01-Aug-19,18:00:00,0.054,19.396,4.015
01-Aug-19,19:00:00,0.01,18.83,4.125
01-Aug-19,20:00:00,0,17.545,4.431
01-Aug-19,21:00:00,0,16.281,4.949
01-Aug-19,22:00:00,0,15.601,5.384
01-Aug-19,23:00:00,0,14.981,5.678
02-Aug-19,00:00:00,0,14.339,5.743
02-Aug-19,01:00:00,0,13.676,5.653
02-Aug-19,02:00:00,0,13.142,5.508
02-Aug-19,03:00:00,0,12.772,5.392
02-Aug-19,04:00:00,0,12.484,5.274
02-Aug-19,05:00:00,0,12.374,5.131
02-Aug-19,06:00:00,0,13.746,4.808
02-Aug-19,07:00:00,0.072,15.054,4.332
02-Aug-19,08:00:00,0.243,16.185,3.933
02-Aug-19,09:00:00,0.443,17.305,3.54
02-Aug-19,10:00:00,0.605,18.292,3.344
02-Aug-19,11:00:00,0.704,19.019,3.301
02-Aug-19,12:00:00,0.746,19.543,3.322
02-Aug-19,13:00:00,0.747,19.968,3.28
02-Aug-19,14:00:00,0.624,20.228,3.157
02-Aug-19,15:00:00,0.547,20.443,3.005
02-Aug-19,16:00:00,0.45,20.59,2.893
02-Aug-19,17:00:00,0.277,20.582,2.901
02-Aug-19,18:00:00,0.069,20.177,3.114
02-Aug-19,19:00:00,0.008,19.563,3.521
02-Aug-19,20:00:00,0,18.335,4.209
02-Aug-19,21:00:00,0,17.239,4.994
02-Aug-19,22:00:00,0,16.675,5.542
02-Aug-19,23:00:00,0,16.114,5.841
03-Aug-19,00:00:00,0,15.534,5.999
03-Aug-19,01:00:00,0,15.036,6.01
03-Aug-19,02:00:00,0,14.66,5.892
03-Aug-19,03:00:00,0,14.375,5.696
03-Aug-19,04:00:00,0,14.145,5.541
03-Aug-19,05:00:00,0,14.009,5.423
03-Aug-19,06:00:00,0,15.027,5.245
03-Aug-19,07:00:00,0.039,15.912,4.819
03-Aug-19,08:00:00,0.121,16.922,4.708
03-Aug-19,09:00:00,0.23,17.879,4.654
03-Aug-19,10:00:00,0.377,18.795,4.663
03-Aug-19,11:00:00,0.512,19.616,4.648
03-Aug-19,12:00:00,0.537,20.211,4.647
03-Aug-19,13:00:00,0.366,20.496,4.668
03-Aug-19,14:00:00,0.21,20.601,4.662
03-Aug-19,15:00:00,0.077,20.378,4.616
03-Aug-19,16:00:00,0.025,19.964,4.453
03-Aug-19,17:00:00,0.011,19.487,4.302
03-Aug-19,18:00:00,0.006,19.053,4.215
03-Aug-19,19:00:00,0.001,18.549,4.191
03-Aug-19,20:00:00,0,17.561,4.622
03-Aug-19,21:00:00,0,16.692,5.296
03-Aug-19,22:00:00,0,16.32,5.832
03-Aug-19,23:00:00,0,16.055,6.164
04-Aug-19,00:00:00,0,15.841,6.325
04-Aug-19,01:00:00,0,15.628,6.386
04-Aug-19,02:00:00,0,15.543,6.343
04-Aug-19,03:00:00,0,15.505,6.219
04-Aug-19,04:00:00,0,15.395,6.047
04-Aug-19,05:00:00,0,15.283,5.897
04-Aug-19,06:00:00,0,15.961,5.671
04-Aug-19,07:00:00,0.024,16.694,5.13
04-Aug-19,08:00:00,0.13,17.62,5.213
04-Aug-19,09:00:00,0.283,18.515,5.773
04-Aug-19,10:00:00,0.456,19.238,6.23
04-Aug-19,11:00:00,0.576,19.894,6.471
04-Aug-19,12:00:00,0.623,20.376,6.512
04-Aug-19,13:00:00,0.62,20.704,6.376
04-Aug-19,14:00:00,0.539,20.832,6.217
04-Aug-19,15:00:00,0.359,20.721,6.093
04-Aug-19,16:00:00,0.156,20.383,5.852
04-Aug-19,17:00:00,0.051,19.868,5.354
04-Aug-19,18:00:00,0.014,19.228,4.876
04-Aug-19,19:00:00,0.001,18.464,4.7
04-Aug-19,20:00:00,0,17.469,5.241
04-Aug-19,21:00:00,0,16.684,6
04-Aug-19,22:00:00,0,15.963,5.89
04-Aug-19,23:00:00,0,15.292,6.094
05-Aug-19,00:00:00,0,15.257,6.541
05-Aug-19,01:00:00,0,15.205,6.797
05-Aug-19,02:00:00,0,15.127,7.115
05-Aug-19,03:00:00,0,15.058,7.799
05-Aug-19,04:00:00,0,15.216,8.281
05-Aug-19,05:00:00,0,15.322,8.129
05-Aug-19,06:00:00,0,15.549,7.572
05-Aug-19,07:00:00,0.06,15.818,7.591
05-Aug-19,08:00:00,0.265,15.808,8.271
05-Aug-19,09:00:00,0.472,15.811,8.268
05-Aug-19,10:00:00,0.628,16.113,8.161
05-Aug-19,11:00:00,0.768,16.54,8.146
05-Aug-19,12:00:00,0.845,16.822,8.227
05-Aug-19,13:00:00,0.845,17.035,8.369
05-Aug-19,14:00:00,0.796,17.207,8.565
05-Aug-19,15:00:00,0.686,17.353,8.759
05-Aug-19,16:00:00,0.521,17.384,8.872
05-Aug-19,17:00:00,0.335,17.251,8.845
05-Aug-19,18:00:00,0.15,16.93,8.66
05-Aug-19,19:00:00,0.017,16.346,8.197
05-Aug-19,20:00:00,0,15.467,8.371
05-Aug-19,21:00:00,0,14.915,8.772
05-Aug-19,22:00:00,0,14.769,8.929
05-Aug-19,23:00:00,0,14.679,8.968
06-Aug-19,00:00:00,0,14.592,8.709
06-Aug-19,01:00:00,0,14.503,8.706
06-Aug-19,02:00:00,0,14.309,8.513
06-Aug-19,03:00:00,0,13.997,8.305
06-Aug-19,04:00:00,0,13.701,8.165
06-Aug-19,05:00:00,0,13.553,8.043
06-Aug-19,06:00:00,0,14.069,7.939
06-Aug-19,07:00:00,0.005,14.543,7.984
06-Aug-19,08:00:00,0.034,15.098,8.374
06-Aug-19,09:00:00,0.096,15.761,8.695
06-Aug-19,10:00:00,0.091,16.127,8.616
06-Aug-19,11:00:00,0.159,16.439,8.544
06-Aug-19,12:00:00,0.339,16.876,8.625
06-Aug-19,13:00:00,0.409,17.116,8.769
06-Aug-19,14:00:00,0.354,17.083,8.816
06-Aug-19,15:00:00,0.247,16.864,8.778
06-Aug-19,16:00:00,0.113,16.536,8.702
06-Aug-19,17:00:00,0.03,16.123,8.422
06-Aug-19,18:00:00,0.008,15.723,8.075
06-Aug-19,19:00:00,0.001,15.336,7.963
06-Aug-19,20:00:00,0,14.985,7.994
06-Aug-19,21:00:00,0,14.696,8.064
06-Aug-19,22:00:00,0,14.547,7.881
06-Aug-19,23:00:00,0,14.3,7.604
07-Aug-19,00:00:00,0,14.007,7.597
07-Aug-19,01:00:00,0,13.638,7.486
07-Aug-19,02:00:00,0,13.279,7.416
07-Aug-19,03:00:00,0,12.995,7.453
07-Aug-19,04:00:00,0,12.799,7.509
07-Aug-19,05:00:00,0,12.689,7.487
07-Aug-19,06:00:00,0,13.123,7.364
07-Aug-19,07:00:00,0.037,13.597,7.29
07-Aug-19,08:00:00,0.171,14.008,7.324
07-Aug-19,09:00:00,0.375,14.568,7.492
07-Aug-19,10:00:00,0.523,15.179,7.748
07-Aug-19,11:00:00,0.626,15.727,8.081
07-Aug-19,12:00:00,0.68,16.223,8.484
07-Aug-19,13:00:00,0.618,16.552,8.783
07-Aug-19,14:00:00,0.561,16.791,8.943
07-Aug-19,15:00:00,0.495,17,9.091
07-Aug-19,16:00:00,0.384,17.092,9.159
07-Aug-19,17:00:00,0.242,17.026,8.979
07-Aug-19,18:00:00,0.1,16.706,8.533
07-Aug-19,19:00:00,0.01,16.081,7.99
07-Aug-19,20:00:00,0,15.079,7.613
07-Aug-19,21:00:00,0,14.265,7.359
07-Aug-19,22:00:00,0,13.981,7.291
07-Aug-19,23:00:00,0,13.805,7.189
08-Aug-19,00:00:00,0,13.609,7.089
08-Aug-19,01:00:00,0,13.45,6.972
08-Aug-19,02:00:00,0,13.259,6.813
08-Aug-19,03:00:00,0,13.027,6.564
08-Aug-19,04:00:00,0,12.781,6.328
08-Aug-19,05:00:00,0,12.528,6.111
08-Aug-19,06:00:00,0,13.293,5.71
08-Aug-19,07:00:00,0.056,14.253,5.268
08-Aug-19,08:00:00,0.227,14.996,4.867
08-Aug-19,09:00:00,0.424,15.833,4.457
08-Aug-19,10:00:00,0.561,16.604,3.991
08-Aug-19,11:00:00,0.698,17.295,3.533
08-Aug-19,12:00:00,0.78,17.925,3.349
08-Aug-19,13:00:00,0.815,18.355,3.411
08-Aug-19,14:00:00,0.718,18.53,3.212
08-Aug-19,15:00:00,0.611,18.711,2.621
08-Aug-19,16:00:00,0.451,18.897,2.252
08-Aug-19,17:00:00,0.229,18.816,2.781
08-Aug-19,18:00:00,0.091,18.521,3.599
08-Aug-19,19:00:00,0.005,17.783,4.532
08-Aug-19,20:00:00,0,16.37,6.186
08-Aug-19,21:00:00,0,15.671,7.865
08-Aug-19,22:00:00,0,15.243,8.683
08-Aug-19,23:00:00,0,14.658,9.17
09-Aug-19,00:00:00,0,14.261,9.611
09-Aug-19,01:00:00,0,14.131,9.607
09-Aug-19,02:00:00,0,14.13,10.169
09-Aug-19,03:00:00,0,14.109,11.24
09-Aug-19,04:00:00,0,14.072,12.037
09-Aug-19,05:00:00,0,14.206,12.483
09-Aug-19,06:00:00,0,14.536,12.881
09-Aug-19,07:00:00,0.002,14.993,12.715
09-Aug-19,08:00:00,0.002,15.375,12.225
09-Aug-19,09:00:00,0.002,15.774,11.434
09-Aug-19,10:00:00,0.014,16.565,9.917
09-Aug-19,11:00:00,0.143,17.851,8.386
09-Aug-19,12:00:00,0.55,19.114,7.685
09-Aug-19,13:00:00,0.767,19.882,7.686
09-Aug-19,14:00:00,0.702,20.188,7.832
09-Aug-19,15:00:00,0.45,20.218,8.044
09-Aug-19,16:00:00,0.22,20.046,8.072
09-Aug-19,17:00:00,0.085,19.728,7.701
09-Aug-19,18:00:00,0.023,19.274,7.578
09-Aug-19,19:00:00,0.001,18.634,7.832
09-Aug-19,20:00:00,0,17.891,8.24
09-Aug-19,21:00:00,0,17.281,8.647
09-Aug-19,22:00:00,0,16.939,8.735
09-Aug-19,23:00:00,0,16.614,8.434
10-Aug-19,00:00:00,0,16.276,8.056
10-Aug-19,01:00:00,0,16.007,8.267
10-Aug-19,02:00:00,0,15.851,8.328
10-Aug-19,03:00:00,0,15.87,8.343
10-Aug-19,04:00:00,0,15.908,8.281
10-Aug-19,05:00:00,0,15.932,8.409
10-Aug-19,06:00:00,0,16.064,8.425
10-Aug-19,07:00:00,0.005,16.348,8.286
10-Aug-19,08:00:00,0.022,16.695,8.474
10-Aug-19,09:00:00,0.048,17.067,8.641
10-Aug-19,10:00:00,0.099,17.53,8.738
10-Aug-19,11:00:00,0.223,18.123,8.942
10-Aug-19,12:00:00,0.303,18.606,9.127
10-Aug-19,13:00:00,0.213,18.843,9.438
10-Aug-19,14:00:00,0.098,18.756,9.732
10-Aug-19,15:00:00,0.054,18.551,9.87
10-Aug-19,16:00:00,0.03,18.241,9.926
10-Aug-19,17:00:00,0.012,17.8,9.773
10-Aug-19,18:00:00,0.004,17.272,9.449
10-Aug-19,19:00:00,0,16.735,9.24
10-Aug-19,20:00:00,0,16.244,9.062
10-Aug-19,21:00:00,0,15.898,8.876
10-Aug-19,22:00:00,0,15.68,8.741
10-Aug-19,23:00:00,0,15.474,8.542
11-Aug-19,00:00:00,0,15.211,8.213
11-Aug-19,01:00:00,0,14.856,7.897
11-Aug-19,02:00:00,0,14.468,7.525
11-Aug-19,03:00:00,0,14.045,7.153
11-Aug-19,04:00:00,0,13.757,6.912
11-Aug-19,05:00:00,0,13.544,6.775
11-Aug-19,06:00:00,0,13.663,6.647
11-Aug-19,07:00:00,0.005,13.985,6.66
11-Aug-19,08:00:00,0.013,14.329,6.606
11-Aug-19,09:00:00,0.02,14.652,6.432
11-Aug-19,10:00:00,0.022,14.833,6.253
11-Aug-19,11:00:00,0.023,14.965,6.233
11-Aug-19,12:00:00,0.031,15.063,6.44
11-Aug-19,13:00:00,0.038,15.131,6.671
11-Aug-19,14:00:00,0.059,15.187,6.775
11-Aug-19,15:00:00,0.042,15.03,6.777
11-Aug-19,16:00:00,0.031,14.717,6.753
11-Aug-19,17:00:00,0.013,14.292,6.797
11-Aug-19,18:00:00,0.005,13.821,6.935
11-Aug-19,19:00:00,0,13.344,7.059
11-Aug-19,20:00:00,0,12.851,7.005
11-Aug-19,21:00:00,0,12.431,6.947
11-Aug-19,22:00:00,0,12.077,6.828
11-Aug-19,23:00:00,0,11.735,6.469
12-Aug-19,00:00:00,0,11.402,6.106
12-Aug-19,01:00:00,0,11.233,5.651
12-Aug-19,02:00:00,0,11.183,5.313
12-Aug-19,03:00:00,0,11.153,5.234
12-Aug-19,04:00:00,0,11.056,5.481
12-Aug-19,05:00:00,0,10.961,5.838
12-Aug-19,06:00:00,0,11.037,6.029
12-Aug-19,07:00:00,0.003,11.33,5.969
12-Aug-19,08:00:00,0.035,11.641,6.039
12-Aug-19,09:00:00,0.159,12.138,6.094
12-Aug-19,10:00:00,0.374,12.885,6.021
12-Aug-19,11:00:00,0.571,13.671,5.917
12-Aug-19,12:00:00,0.676,14.221,5.89
12-Aug-19,13:00:00,0.684,14.478,5.904
12-Aug-19,14:00:00,0.628,14.531,5.957
12-Aug-19,15:00:00,0.48,14.384,6.041
12-Aug-19,16:00:00,0.263,14.016,6.098
12-Aug-19,17:00:00,0.151,13.642,6.023
12-Aug-19,18:00:00,0.032,13.079,5.797
12-Aug-19,19:00:00,0.001,12.436,5.527
12-Aug-19,20:00:00,0,11.621,5.535
12-Aug-19,21:00:00,0,11.252,5.613
12-Aug-19,22:00:00,0,11.155,5.61
12-Aug-19,23:00:00,0,11.04,5.599
13-Aug-19,00:00:00,0,10.979,5.66
13-Aug-19,01:00:00,0,10.834,5.872
13-Aug-19,02:00:00,0,10.605,6.111
13-Aug-19,03:00:00,0,10.285,6.309
13-Aug-19,04:00:00,0,9.89,6.392
13-Aug-19,05:00:00,0,9.575,6.416
13-Aug-19,06:00:00,0,10.188,6.259
13-Aug-19,07:00:00,0.057,11.579,5.837
13-Aug-19,08:00:00,0.214,12.214,6.004
13-Aug-19,09:00:00,0.396,12.707,6.199
13-Aug-19,10:00:00,0.56,13.211,6.33
13-Aug-19,11:00:00,0.69,13.696,6.269
13-Aug-19,12:00:00,0.774,14.16,6.217
13-Aug-19,13:00:00,0.774,14.506,6.667
13-Aug-19,14:00:00,0.707,14.61,7.229
13-Aug-19,15:00:00,0.597,14.574,7.208
13-Aug-19,16:00:00,0.461,14.505,6.817
13-Aug-19,17:00:00,0.295,14.364,6.482
13-Aug-19,18:00:00,0.11,14.032,6.189
13-Aug-19,19:00:00,0.005,13.369,5.812
13-Aug-19,20:00:00,0,12.099,5.716
13-Aug-19,21:00:00,0,11.511,5.785
13-Aug-19,22:00:00,0,11.476,5.968
13-Aug-19,23:00:00,0,11.523,6.136
14-Aug-19,00:00:00,0,11.542,6.203
14-Aug-19,01:00:00,0,11.495,6.159
14-Aug-19,02:00:00,0,11.401,6.261
14-Aug-19,03:00:00,0,11.301,6.516
14-Aug-19,04:00:00,0,11.352,6.778
14-Aug-19,05:00:00,0,11.585,6.812
14-Aug-19,06:00:00,0,12.05,6.67
14-Aug-19,07:00:00,0.002,12.467,6.467
14-Aug-19,08:00:00,0.011,12.903,6.488
14-Aug-19,09:00:00,0.029,13.522,6.804
14-Aug-19,10:00:00,0.069,14.282,7.031
14-Aug-19,11:00:00,0.139,15.044,7.233
14-Aug-19,12:00:00,0.433,16.014,7.457
14-Aug-19,13:00:00,0.591,16.845,7.585
14-Aug-19,14:00:00,0.394,17.218,7.507
14-Aug-19,15:00:00,0.164,17.19,7.089
14-Aug-19,16:00:00,0.042,16.845,6.443
14-Aug-19,17:00:00,0.031,16.606,5.761
14-Aug-19,18:00:00,0.014,16.28,4.991
14-Aug-19,19:00:00,0.001,15.755,4.572
14-Aug-19,20:00:00,0,14.819,5
14-Aug-19,21:00:00,0,14.342,5.873
14-Aug-19,22:00:00,0,14.468,6.891
14-Aug-19,23:00:00,0,14.649,7.775
15-Aug-19,00:00:00,0,14.479,8.134
15-Aug-19,01:00:00,0,14.125,8.54
15-Aug-19,02:00:00,0,13.782,8.558
15-Aug-19,03:00:00,0,13.66,8.557
15-Aug-19,04:00:00,0,13.699,8.732
15-Aug-19,05:00:00,0,13.671,8.938
15-Aug-19,06:00:00,0,13.704,9.355
15-Aug-19,07:00:00,0.033,13.747,10.262
15-Aug-19,08:00:00,0.18,13.673,11.178
15-Aug-19,09:00:00,0.407,13.966,11.52
15-Aug-19,10:00:00,0.571,14.546,11.64
15-Aug-19,11:00:00,0.713,15.132,11.403
15-Aug-19,12:00:00,0.806,15.569,10.593
15-Aug-19,13:00:00,0.861,15.903,9.726
15-Aug-19,14:00:00,0.845,16.106,9.176
15-Aug-19,15:00:00,0.732,16.065,9.077
15-Aug-19,16:00:00,0.546,15.879,8.527
15-Aug-19,17:00:00,0.318,15.671,7.597
15-Aug-19,18:00:00,0.062,15.258,6.526
15-Aug-19,19:00:00,0.002,14.537,5.891
15-Aug-19,20:00:00,0,13.519,6.135
15-Aug-19,21:00:00,0,13.352,6.994
15-Aug-19,22:00:00,0,13.609,7.698
15-Aug-19,23:00:00,0,13.846,7.959
16-Aug-19,00:00:00,0,13.979,7.998
16-Aug-19,01:00:00,0,14.161,8.114
16-Aug-19,02:00:00,0,14.324,8.303
16-Aug-19,03:00:00,0,14.426,8.53
16-Aug-19,04:00:00,0,14.368,8.937
16-Aug-19,05:00:00,0,14.156,9.339
16-Aug-19,06:00:00,0,14.011,9.703
16-Aug-19,07:00:00,0.003,14.237,10.353
16-Aug-19,08:00:00,0.002,14.33,11.648
16-Aug-19,09:00:00,0.003,14.355,11.993
16-Aug-19,10:00:00,0.005,14.567,12.192
16-Aug-19,11:00:00,0.011,15.02,12.37
16-Aug-19,12:00:00,0.019,15.599,12.345
16-Aug-19,13:00:00,0.025,16.094,12.097
16-Aug-19,14:00:00,0.031,16.491,11.653
16-Aug-19,15:00:00,0.039,16.854,11.13
16-Aug-19,16:00:00,0.055,17.182,10.704
16-Aug-19,17:00:00,0.044,17.265,9.967
16-Aug-19,18:00:00,0.035,17.149,9.463
16-Aug-19,19:00:00,0.004,16.627,9.313
16-Aug-19,20:00:00,0,15.835,9.236
16-Aug-19,21:00:00,0,15.421,9.149
16-Aug-19,22:00:00,0,15.195,9.05
16-Aug-19,23:00:00,0,14.852,8.767
17-Aug-19,00:00:00,0,14.48,8.827
17-Aug-19,01:00:00,0,14.109,9.203
17-Aug-19,02:00:00,0,13.645,9.225
17-Aug-19,03:00:00,0,13.453,9.301
17-Aug-19,04:00:00,0,13.468,9.71
17-Aug-19,05:00:00,0,13.482,9.796
17-Aug-19,06:00:00,0,13.459,9.534
17-Aug-19,07:00:00,0.039,13.588,9.171
17-Aug-19,08:00:00,0.211,13.824,9.136
17-Aug-19,09:00:00,0.455,14.257,9.507
17-Aug-19,10:00:00,0.655,14.82,10.061
17-Aug-19,11:00:00,0.784,15.245,10.527
17-Aug-19,12:00:00,0.846,15.532,10.772
17-Aug-19,13:00:00,0.829,15.752,11.006
17-Aug-19,14:00:00,0.746,15.869,11.204
17-Aug-19,15:00:00,0.625,15.925,11.3
17-Aug-19,16:00:00,0.456,15.878,11.286
17-Aug-19,17:00:00,0.281,15.697,11.071
17-Aug-19,18:00:00,0.108,15.355,10.505
17-Aug-19,19:00:00,0.005,14.796,10.298
17-Aug-19,20:00:00,0,14.235,10.241
17-Aug-19,21:00:00,0,14.049,10.23
17-Aug-19,22:00:00,0,13.948,10.195
17-Aug-19,23:00:00,0,13.71,10.214
18-Aug-19,00:00:00,0,13.397,10.432
18-Aug-19,01:00:00,0,13.036,10.316
18-Aug-19,02:00:00,0,12.71,9.986
18-Aug-19,03:00:00,0,12.501,9.872
18-Aug-19,04:00:00,0,12.377,9.875
18-Aug-19,05:00:00,0,12.284,9.881
18-Aug-19,06:00:00,0,12.438,10.012
18-Aug-19,07:00:00,0.043,12.961,10.1
18-Aug-19,08:00:00,0.188,13.494,10.597
18-Aug-19,09:00:00,0.373,13.996,11.079
18-Aug-19,10:00:00,0.486,14.38,11.371
18-Aug-19,11:00:00,0.492,14.598,11.597
18-Aug-19,12:00:00,0.397,14.781,11.97
18-Aug-19,13:00:00,0.333,15.057,12.211
18-Aug-19,14:00:00,0.367,15.426,12.111
18-Aug-19,15:00:00,0.231,15.629,11.72
18-Aug-19,16:00:00,0.188,15.724,11.029
18-Aug-19,17:00:00,0.092,15.536,10.01
18-Aug-19,18:00:00,0.088,15.235,9.177
18-Aug-19,19:00:00,0.005,14.538,8.537
18-Aug-19,20:00:00,0,13.376,8.081
18-Aug-19,21:00:00,0,12.789,7.872
18-Aug-19,22:00:00,0,12.634,7.926
18-Aug-19,23:00:00,0,12.667,8.249
19-Aug-19,00:00:00,0,12.632,8.484
19-Aug-19,01:00:00,0,12.414,8.491
19-Aug-19,02:00:00,0,12.206,8.696
19-Aug-19,03:00:00,0,12.044,8.757
19-Aug-19,04:00:00,0,11.876,8.724
19-Aug-19,05:00:00,0,11.701,8.636
19-Aug-19,06:00:00,0,11.801,8.451
19-Aug-19,07:00:00,0.046,12.453,8.264
19-Aug-19,08:00:00,0.191,13.04,8.736
19-Aug-19,09:00:00,0.36,13.564,8.948
19-Aug-19,10:00:00,0.501,14.036,8.984
19-Aug-19,11:00:00,0.619,14.402,9.023
19-Aug-19,12:00:00,0.648,14.625,9.076
19-Aug-19,13:00:00,0.639,14.765,9.112
19-Aug-19,14:00:00,0.596,14.866,9.169
19-Aug-19,15:00:00,0.478,14.937,9.218
19-Aug-19,16:00:00,0.307,14.903,9.202
19-Aug-19,17:00:00,0.16,14.749,8.967
19-Aug-19,18:00:00,0.051,14.364,8.338
19-Aug-19,19:00:00,0.003,13.753,8.076
19-Aug-19,20:00:00,0,12.803,8.048
19-Aug-19,21:00:00,0,12.38,8.161
19-Aug-19,22:00:00,0,12.148,8.129
19-Aug-19,23:00:00,0,11.949,8.134
20-Aug-19,00:00:00,0,11.743,8.165
20-Aug-19,01:00:00,0,11.599,8.218
20-Aug-19,02:00:00,0,11.54,8.253
20-Aug-19,03:00:00,0,11.589,8.309
20-Aug-19,04:00:00,0,11.609,8.148
20-Aug-19,05:00:00,0,11.51,7.938
20-Aug-19,06:00:00,0,11.58,7.656
20-Aug-19,07:00:00,0.018,12.165,7.22
20-Aug-19,08:00:00,0.093,12.656,7.295
20-Aug-19,09:00:00,0.2,13.164,7.221
20-Aug-19,10:00:00,0.212,13.562,7.162
20-Aug-19,11:00:00,0.201,13.799,7.263
20-Aug-19,12:00:00,0.361,14.202,7.293
20-Aug-19,13:00:00,0.641,14.76,7.214
20-Aug-19,14:00:00,0.714,15.197,7.117
20-Aug-19,15:00:00,0.638,15.389,7.069
20-Aug-19,16:00:00,0.497,15.328,6.995
20-Aug-19,17:00:00,0.309,15.043,6.803
20-Aug-19,18:00:00,0.115,14.521,6.497
20-Aug-19,19:00:00,0.004,13.51,6.308
20-Aug-19,20:00:00,0,12.094,6.422
20-Aug-19,21:00:00,0,11.826,6.577
20-Aug-19,22:00:00,0,12.044,6.686
20-Aug-19,23:00:00,0,12.455,6.715
21-Aug-19,00:00:00,0,12.598,6.602
21-Aug-19,01:00:00,0,12.606,6.545
21-Aug-19,02:00:00,0,12.488,6.603
21-Aug-19,03:00:00,0,12.315,6.699
21-Aug-19,04:00:00,0,12.194,6.581
21-Aug-19,05:00:00,0,12.036,6.467
21-Aug-19,06:00:00,0,12.391,6.492
21-Aug-19,07:00:00,0.038,13.863,6.472
21-Aug-19,08:00:00,0.19,14.596,7.009
21-Aug-19,09:00:00,0.385,15.178,7.753
21-Aug-19,10:00:00,0.553,15.746,8.521
21-Aug-19,11:00:00,0.587,16.206,9.252
21-Aug-19,12:00:00,0.214,16.141,9.816
21-Aug-19,13:00:00,0.051,15.782,10.191
21-Aug-19,14:00:00,0.032,15.527,10.497
21-Aug-19,15:00:00,0.036,15.456,10.955
21-Aug-19,16:00:00,0.039,15.398,11.493
21-Aug-19,17:00:00,0.018,15.106,11.939
21-Aug-19,18:00:00,0.003,14.645,12.286
21-Aug-19,19:00:00,0,14.284,12.578
21-Aug-19,20:00:00,0,14.089,12.662
21-Aug-19,21:00:00,0,14.068,12.559
21-Aug-19,22:00:00,0,14.129,12.357
21-Aug-19,23:00:00,0,14.226,11.836
22-Aug-19,00:00:00,0,14.33,11.35
22-Aug-19,01:00:00,0,14.39,10.572
22-Aug-19,02:00:00,0,14.395,9.737
22-Aug-19,03:00:00,0,14.242,8.863
22-Aug-19,04:00:00,0,13.823,8.159
22-Aug-19,05:00:00,0,13.279,7.623
22-Aug-19,06:00:00,0,13.113,7.345
22-Aug-19,07:00:00,0.023,13.764,7.184
22-Aug-19,08:00:00,0.116,14.266,7.839
22-Aug-19,09:00:00,0.168,14.793,8.433
22-Aug-19,10:00:00,0.19,15.357,9.019
22-Aug-19,11:00:00,0.207,15.943,9.735
22-Aug-19,12:00:00,0.17,16.317,10.434
22-Aug-19,13:00:00,0.192,16.568,11.07
22-Aug-19,14:00:00,0.271,16.86,11.578
22-Aug-19,15:00:00,0.347,17.26,11.9
22-Aug-19,16:00:00,0.263,17.461,11.952
22-Aug-19,17:00:00,0.061,17.18,11.229
22-Aug-19,18:00:00,0.01,16.764,10.728
22-Aug-19,19:00:00,0,16.444,10.724
22-Aug-19,20:00:00,0,16.234,10.582
22-Aug-19,21:00:00,0,16.152,10.295
22-Aug-19,22:00:00,0,16.065,9.927
22-Aug-19,23:00:00,0,15.907,9.538
23-Aug-19,00:00:00,0,15.703,9.006
23-Aug-19,01:00:00,0,15.515,8.623
23-Aug-19,02:00:00,0,15.367,8.37
23-Aug-19,03:00:00,0,15.168,8.075
23-Aug-19,04:00:00,0,14.992,7.819
23-Aug-19,05:00:00,0,14.735,7.525
23-Aug-19,06:00:00,0,14.915,7.464
23-Aug-19,07:00:00,0.044,15.793,7.038
23-Aug-19,08:00:00,0.21,16.523,7.249
23-Aug-19,09:00:00,0.398,17.117,7.714
23-Aug-19,10:00:00,0.511,17.647,7.958
23-Aug-19,11:00:00,0.639,18.113,8.071
23-Aug-19,12:00:00,0.725,18.467,8.013
23-Aug-19,13:00:00,0.76,18.693,7.815
23-Aug-19,14:00:00,0.721,18.777,7.587
23-Aug-19,15:00:00,0.597,18.702,7.432
23-Aug-19,16:00:00,0.405,18.508,7.206
23-Aug-19,17:00:00,0.21,18.214,6.805
23-Aug-19,18:00:00,0.058,17.791,6.081
23-Aug-19,19:00:00,0.001,17.008,5.144
23-Aug-19,20:00:00,0,15.687,4.796
23-Aug-19,21:00:00,0,15.305,4.876
23-Aug-19,22:00:00,0,15.192,4.977
23-Aug-19,23:00:00,0,15.012,5.255
24-Aug-19,00:00:00,0,14.66,5.609
24-Aug-19,01:00:00,0,14.409,5.897
24-Aug-19,02:00:00,0,14.275,6.124
24-Aug-19,03:00:00,0,14.087,6.384
24-Aug-19,04:00:00,0,13.909,6.643
24-Aug-19,05:00:00,0,13.692,6.745
24-Aug-19,06:00:00,0,13.871,6.658
24-Aug-19,07:00:00,0.02,15.376,6.186
24-Aug-19,08:00:00,0.115,16.378,5.233
24-Aug-19,09:00:00,0.293,17.578,5.184
24-Aug-19,10:00:00,0.442,18.61,5.365
24-Aug-19,11:00:00,0.602,19.403,5.602
24-Aug-19,12:00:00,0.729,20.054,5.869
24-Aug-19,13:00:00,0.82,20.593,6.068
24-Aug-19,14:00:00,0.814,20.956,6.142
24-Aug-19,15:00:00,0.717,21.07,6.121
24-Aug-19,16:00:00,0.542,21.022,5.897
24-Aug-19,17:00:00,0.321,20.815,5.513
24-Aug-19,18:00:00,0.104,20.173,5.218
24-Aug-19,19:00:00,0.001,18.578,5.11
24-Aug-19,20:00:00,0,17.349,5.389
24-Aug-19,21:00:00,0,16.845,5.779
24-Aug-19,22:00:00,0,16.419,6.218
24-Aug-19,23:00:00,0,15.969,6.65
25-Aug-19,00:00:00,0,15.52,6.97
25-Aug-19,01:00:00,0,15.118,7.161
25-Aug-19,02:00:00,0,14.825,7.268
25-Aug-19,03:00:00,0,14.567,7.287
25-Aug-19,04:00:00,0,14.276,7.258
25-Aug-19,05:00:00,0,13.97,7.172
25-Aug-19,06:00:00,0,14.126,7.068
25-Aug-19,07:00:00,0.047,15.833,6.722
25-Aug-19,08:00:00,0.213,17.131,5.766
25-Aug-19,09:00:00,0.416,18.307,4.983
25-Aug-19,10:00:00,0.586,19.908,4.859
25-Aug-19,11:00:00,0.741,21.524,5.384
25-Aug-19,12:00:00,0.824,22.361,5.729
25-Aug-19,13:00:00,0.839,22.894,6.051
25-Aug-19,14:00:00,0.784,23.172,6.214
25-Aug-19,15:00:00,0.664,23.148,6.031
25-Aug-19,16:00:00,0.492,22.606,5.7
25-Aug-19,17:00:00,0.292,21.587,5.524
25-Aug-19,18:00:00,0.105,20.136,5.058
25-Aug-19,19:00:00,0.001,18.25,4.693
25-Aug-19,20:00:00,0,16.355,4.588
25-Aug-19,21:00:00,0,15.423,4.522
25-Aug-19,22:00:00,0,14.807,4.605
25-Aug-19,23:00:00,0,14.306,4.775
26-Aug-19,00:00:00,0,13.871,4.893
26-Aug-19,01:00:00,0,13.524,4.892
26-Aug-19,02:00:00,0,13.264,4.733
26-Aug-19,03:00:00,0,13.09,4.531
26-Aug-19,04:00:00,0,12.98,4.297
26-Aug-19,05:00:00,0,12.95,4.011
26-Aug-19,06:00:00,0,13.175,3.795
26-Aug-19,07:00:00,0.049,14.778,3.67
26-Aug-19,08:00:00,0.212,16.162,3.578
26-Aug-19,09:00:00,0.39,17.274,3.763
26-Aug-19,10:00:00,0.564,18.054,3.915
26-Aug-19,11:00:00,0.683,18.635,4.076
26-Aug-19,12:00:00,0.781,19.095,4.16
26-Aug-19,13:00:00,0.83,19.449,4.213
26-Aug-19,14:00:00,0.783,19.632,4.347
26-Aug-19,15:00:00,0.669,19.627,4.585
26-Aug-19,16:00:00,0.498,19.419,4.782
26-Aug-19,17:00:00,0.301,18.96,4.805
26-Aug-19,18:00:00,0.112,18.252,4.555
26-Aug-19,19:00:00,0,17.039,4.201
26-Aug-19,20:00:00,0,15.456,3.839
26-Aug-19,21:00:00,0,14.966,3.266
26-Aug-19,22:00:00,0,14.771,2.811
26-Aug-19,23:00:00,0,14.484,2.857
27-Aug-19,00:00:00,0,14.286,3.006
27-Aug-19,01:00:00,0,14.209,3.087
27-Aug-19,02:00:00,0,14.068,3.157
27-Aug-19,03:00:00,0,13.883,3.284
27-Aug-19,04:00:00,0,13.661,3.478
27-Aug-19,05:00:00,0,13.458,3.654
27-Aug-19,06:00:00,0,13.402,3.828
27-Aug-19,07:00:00,0.035,14.694,4.012
27-Aug-19,08:00:00,0.18,16.135,4.017
27-Aug-19,09:00:00,0.36,17.418,4.419
27-Aug-19,10:00:00,0.522,18.369,4.643
27-Aug-19,11:00:00,0.643,19.017,4.748
27-Aug-19,12:00:00,0.656,19.507,4.857
27-Aug-19,13:00:00,0.476,19.706,4.9
27-Aug-19,14:00:00,0.174,19.49,4.894
27-Aug-19,15:00:00,0.057,18.963,4.78
27-Aug-19,16:00:00,0.036,18.556,4.607
27-Aug-19,17:00:00,0.018,18.112,4.441
27-Aug-19,18:00:00,0.004,17.433,4.146
27-Aug-19,19:00:00,0,16.66,3.843
27-Aug-19,20:00:00,0,15.83,3.924
27-Aug-19,21:00:00,0,15.386,4.365
27-Aug-19,22:00:00,0,14.931,4.976
27-Aug-19,23:00:00,0,14.587,5.631
28-Aug-19,00:00:00,0,14.4,6.122
28-Aug-19,01:00:00,0,14.323,6.394
28-Aug-19,02:00:00,0,14.372,6.938
28-Aug-19,03:00:00,0,14.323,7.431
28-Aug-19,04:00:00,0,14.337,7.815
28-Aug-19,05:00:00,0,14.421,8.055
28-Aug-19,06:00:00,0,14.52,8.227
28-Aug-19,07:00:00,0.005,14.958,8.303
28-Aug-19,08:00:00,0.035,15.564,8.895
28-Aug-19,09:00:00,0.115,16.044,9.914
28-Aug-19,10:00:00,0.317,16.255,10.095
28-Aug-19,11:00:00,0.474,16.237,9.798
28-Aug-19,12:00:00,0.551,16.13,9.563
28-Aug-19,13:00:00,0.247,15.669,9.128
28-Aug-19,14:00:00,0.021,14.785,8.251
28-Aug-19,15:00:00,0.013,14.294,7.612
28-Aug-19,16:00:00,0.031,14.342,7.366
28-Aug-19,17:00:00,0.095,14.575,7.018
28-Aug-19,18:00:00,0.067,14.529,6.536
28-Aug-19,19:00:00,0,13.579,6.381
28-Aug-19,20:00:00,0,12.336,6.462
28-Aug-19,21:00:00,0,12.149,6.701
28-Aug-19,22:00:00,0,12.091,7.057
28-Aug-19,23:00:00,0,12.076,7.34
29-Aug-19,00:00:00,0,12.118,7.502
29-Aug-19,01:00:00,0,12.215,7.647
29-Aug-19,02:00:00,0,12.121,7.538
29-Aug-19,03:00:00,0,12.243,7.502
29-Aug-19,04:00:00,0,12.44,7.54
29-Aug-19,05:00:00,0,12.427,7.689
29-Aug-19,06:00:00,0,12.414,8.025
29-Aug-19,07:00:00,0.029,13.545,8.12
29-Aug-19,08:00:00,0.124,14.304,8.911
29-Aug-19,09:00:00,0.147,14.718,10.018
29-Aug-19,10:00:00,0.221,15.035,10.501
29-Aug-19,11:00:00,0.387,15.415,10.873
29-Aug-19,12:00:00,0.109,15.317,11.079
29-Aug-19,13:00:00,0.169,15.566,11.421
29-Aug-19,14:00:00,0.528,16.212,12.129
29-Aug-19,15:00:00,0.468,16.462,12.822
29-Aug-19,16:00:00,0.249,16.448,12.99
29-Aug-19,17:00:00,0.083,16.249,12.774
29-Aug-19,18:00:00,0.013,15.898,12.565
29-Aug-19,19:00:00,0,15.559,12.079
29-Aug-19,20:00:00,0,15.375,11.527
29-Aug-19,21:00:00,0,15.289,10.972
29-Aug-19,22:00:00,0,15.259,10.589
29-Aug-19,23:00:00,0,15.195,10.468
30-Aug-19,00:00:00,0,15.054,10.283
30-Aug-19,01:00:00,0,14.838,10.055
30-Aug-19,02:00:00,0,14.742,10.183
30-Aug-19,03:00:00,0,14.667,10.466
30-Aug-19,04:00:00,0,14.6,10.735
30-Aug-19,05:00:00,0,14.651,11.116
30-Aug-19,06:00:00,0,14.826,11.688
30-Aug-19,07:00:00,0.001,15.077,12.255
30-Aug-19,08:00:00,0.004,15.397,12.702
30-Aug-19,09:00:00,0.029,15.916,13.068
30-Aug-19,10:00:00,0.135,16.454,13.658
30-Aug-19,11:00:00,0.143,16.739,13.665
30-Aug-19,12:00:00,0.052,16.692,13.375
30-Aug-19,13:00:00,0.022,16.516,12.946
30-Aug-19,14:00:00,0.013,16.405,12.557
30-Aug-19,15:00:00,0.017,16.427,12.523
30-Aug-19,16:00:00,0.016,16.394,12.203
30-Aug-19,17:00:00,0.013,16.289,11.844
30-Aug-19,18:00:00,0.006,16.076,11.457
30-Aug-19,19:00:00,0,15.728,11.334
30-Aug-19,20:00:00,0,15.425,11.402
30-Aug-19,21:00:00,0,15.24,11.472
30-Aug-19,22:00:00,0,15.193,11.468
30-Aug-19,23:00:00,0,15.215,11.662
31-Aug-19,00:00:00,0,15.207,11.868
31-Aug-19,01:00:00,0,15.127,11.977
31-Aug-19,02:00:00,0,14.962,11.611
31-Aug-19,03:00:00,0,14.854,11.448
31-Aug-19,04:00:00,0,14.793,11.706
31-Aug-19,05:00:00,0,14.734,12.119
31-Aug-19,06:00:00,0,14.641,12.623
31-Aug-19,07:00:00,0.002,14.747,13.072
31-Aug-19,08:00:00,0.006,14.916,13.166
31-Aug-19,09:00:00,0.011,15.156,12.768
31-Aug-19,10:00:00,0.029,15.472,11.864
31-Aug-19,11:00:00,0.1,15.625,11.106
31-Aug-19,12:00:00,0.308,15.247,11.046
31-Aug-19,13:00:00,0.566,14.65,11.111
31-Aug-19,14:00:00,0.542,14.228,11.074
31-Aug-19,15:00:00,0.275,13.901,10.712
31-Aug-19,16:00:00,0.157,13.815,10.058
31-Aug-19,17:00:00,0.125,13.759,9.513
31-Aug-19,18:00:00,0.058,13.494,8.783
31-Aug-19,19:00:00,0,12.738,8.329
31-Aug-19,20:00:00,0,11.861,8.199
31-Aug-19,21:00:00,0,11.517,8.193
31-Aug-19,22:00:00,0,11.251,8.372
31-Aug-19,23:00:00,0,10.947,8.44
01-Sep-19,00:00:00,0,10.699,8.502
01-Sep-19,01:00:00,0,10.574,8.625
01-Sep-19,02:00:00,0,10.472,8.698
01-Sep-19,03:00:00,0,10.324,8.699
01-Sep-19,04:00:00,0,10.144,8.571
01-Sep-19,05:00:00,0,10.018,8.485
01-Sep-19,06:00:00,0,10.026,8.392
01-Sep-19,07:00:00,0.03,10.743,8.328
01-Sep-19,08:00:00,0.136,11.402,8.628
01-Sep-19,09:00:00,0.277,12.034,8.819
01-Sep-19,10:00:00,0.386,12.655,8.797
01-Sep-19,11:00:00,0.394,13.145,8.86
01-Sep-19,12:00:00,0.387,13.534,8.98
01-Sep-19,13:00:00,0.379,13.807,9.205
01-Sep-19,14:00:00,0.416,14.026,9.407
01-Sep-19,15:00:00,0.422,14.098,9.452
01-Sep-19,16:00:00,0.363,14.034,9.274
01-Sep-19,17:00:00,0.244,13.802,8.859
01-Sep-19,18:00:00,0.073,13.257,8.029
01-Sep-19,19:00:00,0,12.097,7.174
01-Sep-19,20:00:00,0,10.824,6.669
01-Sep-19,21:00:00,0,10.552,6.31
01-Sep-19,22:00:00,0,10.483,6.086
01-Sep-19,23:00:00,0,10.375,5.939
02-Sep-19,00:00:00,0,10.339,6.023
02-Sep-19,01:00:00,0,10.35,6.254
02-Sep-19,02:00:00,0,10.589,6.79
02-Sep-19,03:00:00,0,10.646,7.175
02-Sep-19,04:00:00,0,10.271,7.289
02-Sep-19,05:00:00,0,10.071,7.171
02-Sep-19,06:00:00,0,10.226,7.099
02-Sep-19,07:00:00,0.006,11.511,6.916
02-Sep-19,08:00:00,0.029,12.485,7.228
02-Sep-19,09:00:00,0.044,12.911,8.095
02-Sep-19,10:00:00,0.065,13.28,8.832
02-Sep-19,11:00:00,0.07,13.706,9.736
02-Sep-19,12:00:00,0.041,13.988,10.72
02-Sep-19,13:00:00,0.021,14.111,11.425
02-Sep-19,14:00:00,0.024,14.338,11.816
02-Sep-19,15:00:00,0.013,14.436,11.927
02-Sep-19,16:00:00,0.005,14.39,11.465
02-Sep-19,17:00:00,0.003,14.43,11.217
02-Sep-19,18:00:00,0.002,14.419,11.269
02-Sep-19,19:00:00,0,14.239,11.18
02-Sep-19,20:00:00,0,14.08,10.956
02-Sep-19,21:00:00,0,14.016,10.706
02-Sep-19,22:00:00,0,13.947,10.357
02-Sep-19,23:00:00,0,13.874,10.118
03-Sep-19,00:00:00,0,13.834,9.774
03-Sep-19,01:00:00,0,13.802,9.516
03-Sep-19,02:00:00,0,13.752,9.292
03-Sep-19,03:00:00,0,13.705,9.033
03-Sep-19,04:00:00,0,13.68,8.875
03-Sep-19,05:00:00,0,13.687,8.575
03-Sep-19,06:00:00,0,13.758,8.399
03-Sep-19,07:00:00,0,13.951,8.057
03-Sep-19,08:00:00,0.002,14.224,7.98
03-Sep-19,09:00:00,0.004,14.483,8.415
03-Sep-19,10:00:00,0.009,14.739,9.099
03-Sep-19,11:00:00,0.018,15.092,9.329
03-Sep-19,12:00:00,0.019,15.382,9.287
03-Sep-19,13:00:00,0.045,15.813,9.316
03-Sep-19,14:00:00,0.09,16.345,9.387
03-Sep-19,15:00:00,0.071,16.626,9.389
03-Sep-19,16:00:00,0.044,16.641,9.252
03-Sep-19,17:00:00,0.027,16.496,8.862
03-Sep-19,18:00:00,0.007,16.202,8.716
03-Sep-19,19:00:00,0,15.793,8.82
03-Sep-19,20:00:00,0,15.49,8.757
03-Sep-19,21:00:00,0,15.39,8.807
03-Sep-19,22:00:00,0,15.361,8.743
03-Sep-19,23:00:00,0,15.384,8.775
04-Sep-19,00:00:00,0,15.249,8.598
04-Sep-19,01:00:00,0,14.571,9.039
04-Sep-19,02:00:00,0,13.003,9.943
04-Sep-19,03:00:00,0,11.82,9.111
04-Sep-19,04:00:00,0,10.842,7.669
04-Sep-19,05:00:00,0,10.402,7.751
04-Sep-19,06:00:00,0,10.346,8.017
04-Sep-19,07:00:00,0.032,11.202,8.158
04-Sep-19,08:00:00,0.168,11.901,9.172
04-Sep-19,09:00:00,0.331,12.271,10.509
04-Sep-19,10:00:00,0.279,12.444,11.25
04-Sep-19,11:00:00,0.081,12.405,11.908
04-Sep-19,12:00:00,0.049,12.679,12.453
04-Sep-19,13:00:00,0.021,13.014,12.291
04-Sep-19,14:00:00,0.058,13.789,12.323
04-Sep-19,15:00:00,0.037,14.119,11.98
04-Sep-19,16:00:00,0.094,14.293,11.808
04-Sep-19,17:00:00,0.206,14.391,11.452
04-Sep-19,18:00:00,0.078,13.978,10.977
04-Sep-19,19:00:00,0,13.052,10.972
04-Sep-19,20:00:00,0,11.966,11.156
04-Sep-19,21:00:00,0,10.873,11.095
04-Sep-19,22:00:00,0,9.896,10.334
04-Sep-19,23:00:00,0,9.255,9.471
05-Sep-19,00:00:00,0,8.83,9.001
05-Sep-19,01:00:00,0,8.416,8.673
05-Sep-19,02:00:00,0,8.061,8.417
05-Sep-19,03:00:00,0,7.778,8.055
05-Sep-19,04:00:00,0,7.864,8.134
05-Sep-19,05:00:00,0,8.112,8.292
05-Sep-19,06:00:00,0,8.643,8.22
05-Sep-19,07:00:00,0.01,9.752,7.934
05-Sep-19,08:00:00,0.096,10.961,7.94
05-Sep-19,09:00:00,0.292,11.959,8.797
05-Sep-19,10:00:00,0.508,12.81,9.007
05-Sep-19,11:00:00,0.578,13.538,9.137
05-Sep-19,12:00:00,0.56,14.095,9.427
05-Sep-19,13:00:00,0.591,14.588,9.559
05-Sep-19,14:00:00,0.68,15.068,9.518
05-Sep-19,15:00:00,0.618,15.29,9.667
05-Sep-19,16:00:00,0.402,15.149,9.685
05-Sep-19,17:00:00,0.225,14.835,9.139
05-Sep-19,18:00:00,0.03,14.286,8.579
05-Sep-19,19:00:00,0,13.776,8.875
05-Sep-19,20:00:00,0,13.648,9.351
05-Sep-19,21:00:00,0,13.57,9.634
05-Sep-19,22:00:00,0,13.406,10.038
05-Sep-19,23:00:00,0,13.064,10.908
06-Sep-19,00:00:00,0,12.504,11.163
06-Sep-19,01:00:00,0,12.132,11.841
06-Sep-19,02:00:00,0,11.898,12.542
06-Sep-19,03:00:00,0,11.746,12.527
06-Sep-19,04:00:00,0,12.037,12.301
06-Sep-19,05:00:00,0,12.548,12.202
06-Sep-19,06:00:00,0,12.918,11.789
06-Sep-19,07:00:00,0.001,12.95,11.078
06-Sep-19,08:00:00,0.01,12.612,10.42
06-Sep-19,09:00:00,0.068,12.541,9.744
06-Sep-19,10:00:00,0.325,12.959,9.802
06-Sep-19,11:00:00,0.581,13.534,9.94
06-Sep-19,12:00:00,0.521,13.818,10.035
06-Sep-19,13:00:00,0.403,13.874,10.059
06-Sep-19,14:00:00,0.308,13.978,10.093
06-Sep-19,15:00:00,0.177,14.032,10.173
06-Sep-19,16:00:00,0.108,14.015,9.998
06-Sep-19,17:00:00,0.05,13.834,9.433
06-Sep-19,18:00:00,0.024,13.484,9.118
06-Sep-19,19:00:00,0,12.77,9.086
06-Sep-19,20:00:00,0,12.166,9.037
06-Sep-19,21:00:00,0,11.76,8.558
06-Sep-19,22:00:00,0,11.364,8.306
06-Sep-19,23:00:00,0,10.943,8.011
07-Sep-19,00:00:00,0,10.493,7.709
07-Sep-19,01:00:00,0,10.026,7.42
07-Sep-19,02:00:00,0,9.586,7.174
07-Sep-19,03:00:00,0,9.188,6.952
07-Sep-19,04:00:00,0,8.798,6.677
07-Sep-19,05:00:00,0,8.397,6.471
07-Sep-19,06:00:00,0,8.13,6.337
07-Sep-19,07:00:00,0.028,9.03,6.1
07-Sep-19,08:00:00,0.187,10.065,6.048
07-Sep-19,09:00:00,0.426,10.965,5.92
07-Sep-19,10:00:00,0.596,11.869,5.43
07-Sep-19,11:00:00,0.732,12.735,4.898
07-Sep-19,12:00:00,0.714,13.458,4.414
07-Sep-19,13:00:00,0.758,14.065,4.172
07-Sep-19,14:00:00,0.809,14.536,4.135
07-Sep-19,15:00:00,0.708,14.77,4.077
07-Sep-19,16:00:00,0.53,14.756,3.978
07-Sep-19,17:00:00,0.318,14.504,3.832
07-Sep-19,18:00:00,0.107,13.884,3.777
07-Sep-19,19:00:00,0,12.4,3.747
07-Sep-19,20:00:00,0,11.571,3.625
07-Sep-19,21:00:00,0,11.329,3.276
07-Sep-19,22:00:00,0,11.076,2.8
07-Sep-19,23:00:00,0,10.689,2.381
08-Sep-19,00:00:00,0,10.165,2.708
08-Sep-19,01:00:00,0,9.862,2.792
08-Sep-19,02:00:00,0,9.332,3.073
08-Sep-19,03:00:00,0,8.765,3.583
08-Sep-19,04:00:00,0,8.437,3.838
08-Sep-19,05:00:00,0,8.278,3.802
08-Sep-19,06:00:00,0,8.166,3.684
08-Sep-19,07:00:00,0.023,9.181,3.5
08-Sep-19,08:00:00,0.124,10.711,3.133
08-Sep-19,09:00:00,0.311,12.026,3.019
08-Sep-19,10:00:00,0.467,12.929,3.205
08-Sep-19,11:00:00,0.668,13.69,3.885
08-Sep-19,12:00:00,0.735,14.304,4.24
08-Sep-19,13:00:00,0.698,14.699,4.307
08-Sep-19,14:00:00,0.59,14.856,4.497
08-Sep-19,15:00:00,0.342,14.741,4.724
08-Sep-19,16:00:00,0.133,14.419,4.756
08-Sep-19,17:00:00,0.03,13.914,4.722
08-Sep-19,18:00:00,0.007,13.351,4.763
08-Sep-19,19:00:00,0,12.506,4.97
08-Sep-19,20:00:00,0,11.873,5.16
08-Sep-19,21:00:00,0,11.568,5.319
08-Sep-19,22:00:00,0,11.455,5.54
08-Sep-19,23:00:00,0,11.317,5.814
09-Sep-19,00:00:00,0,11.234,6.127
09-Sep-19,01:00:00,0,11.215,6.506
09-Sep-19,02:00:00,0,11.188,6.765
09-Sep-19,03:00:00,0,11.128,6.991
09-Sep-19,04:00:00,0,11.082,7.195
09-Sep-19,05:00:00,0,11.031,7.231
09-Sep-19,06:00:00,0,11.003,7.205
09-Sep-19,07:00:00,0,11.044,7.025
09-Sep-19,08:00:00,0.001,11.16,6.592
09-Sep-19,09:00:00,0.002,11.347,6.375
09-Sep-19,10:00:00,0.004,11.625,6.325
09-Sep-19,11:00:00,0.007,11.978,5.96
09-Sep-19,12:00:00,0.01,12.337,5.161
09-Sep-19,13:00:00,0.012,12.655,4.22
09-Sep-19,14:00:00,0.017,13.005,3.717
09-Sep-19,15:00:00,0.025,13.365,3.447
09-Sep-19,16:00:00,0.037,13.68,3.437
09-Sep-19,17:00:00,0.029,13.737,3.385
09-Sep-19,18:00:00,0.006,13.483,3.282
09-Sep-19,19:00:00,0,12.866,3.31
09-Sep-19,20:00:00,0,12.478,3.504
09-Sep-19,21:00:00,0,12.178,3.786
09-Sep-19,22:00:00,0,11.868,3.951
09-Sep-19,23:00:00,0,11.52,4.009
10-Sep-19,00:00:00,0,11.141,4.093
10-Sep-19,01:00:00,0,10.757,4.355
10-Sep-19,02:00:00,0,10.406,4.801
10-Sep-19,03:00:00,0,10.139,5.301
10-Sep-19,04:00:00,0,9.936,5.81
10-Sep-19,05:00:00,0,9.737,6.188
10-Sep-19,06:00:00,0,9.526,6.29
10-Sep-19,07:00:00,0.006,10.032,5.965
10-Sep-19,08:00:00,0.061,10.977,5.341
10-Sep-19,09:00:00,0.26,11.946,5.313
10-Sep-19,10:00:00,0.503,12.914,5.272
10-Sep-19,11:00:00,0.658,13.715,4.985
10-Sep-19,12:00:00,0.491,14.114,4.845
10-Sep-19,13:00:00,0.282,14.097,5.647
10-Sep-19,14:00:00,0.302,14,6.585
10-Sep-19,15:00:00,0.18,13.671,7.147
10-Sep-19,16:00:00,0.202,13.473,7.204
10-Sep-19,17:00:00,0.077,13.12,7.507
10-Sep-19,18:00:00,0.009,12.503,7.768
10-Sep-19,19:00:00,0,11.862,8.426
10-Sep-19,20:00:00,0,11.807,9.344
10-Sep-19,21:00:00,0,12.011,9.781
10-Sep-19,22:00:00,0,12.28,10.542
10-Sep-19,23:00:00,0,12.602,11.594
11-Sep-19,00:00:00,0,13.067,12.029
11-Sep-19,01:00:00,0,13.565,11.945
11-Sep-19,02:00:00,0,14.032,11.902
11-Sep-19,03:00:00,0,14.463,11.945
11-Sep-19,04:00:00,0,14.828,12.139
11-Sep-19,05:00:00,0,15.033,11.942
11-Sep-19,06:00:00,0,14.814,11.559
11-Sep-19,07:00:00,0.006,14.19,11.085
11-Sep-19,08:00:00,0.079,13.726,10.832
11-Sep-19,09:00:00,0.264,13.798,10.735
11-Sep-19,10:00:00,0.527,14.342,10.86
11-Sep-19,11:00:00,0.674,14.936,10.816
11-Sep-19,12:00:00,0.785,15.412,10.898
11-Sep-19,13:00:00,0.788,15.766,10.927
11-Sep-19,14:00:00,0.727,16.016,10.85
11-Sep-19,15:00:00,0.47,15.901,10.513
11-Sep-19,16:00:00,0.357,15.691,10.114
11-Sep-19,17:00:00,0.037,14.97,9.427
11-Sep-19,18:00:00,0.003,14.336,9.041
11-Sep-19,19:00:00,0,13.839,9.006
11-Sep-19,20:00:00,0,13.462,8.44
11-Sep-19,21:00:00,0,12.895,7.972
11-Sep-19,22:00:00,0,12.436,7.806
11-Sep-19,23:00:00,0,11.724,7.754
12-Sep-19,00:00:00,0,11.372,7.892
12-Sep-19,01:00:00,0,11.464,8.144
12-Sep-19,02:00:00,0,11.593,8.128
12-Sep-19,03:00:00,0,11.778,8.057
12-Sep-19,04:00:00,0,11.832,7.985
12-Sep-19,05:00:00,0,11.998,7.893
12-Sep-19,06:00:00,0,12.137,7.761
12-Sep-19,07:00:00,0.004,12.846,7.643
12-Sep-19,08:00:00,0.012,13.685,7.572
12-Sep-19,09:00:00,0.018,14.213,7.99
12-Sep-19,10:00:00,0.035,14.736,8.627
12-Sep-19,11:00:00,0.043,15.403,9.12
12-Sep-19,12:00:00,0.045,16.111,9.846
12-Sep-19,13:00:00,0.021,16.452,10.643
12-Sep-19,14:00:00,0.01,16.464,10.838
12-Sep-19,15:00:00,0.011,16.399,9.98
12-Sep-19,16:00:00,0.025,16.206,9.092
12-Sep-19,17:00:00,0.043,15.513,8.822
12-Sep-19,18:00:00,0.034,14.453,8.912
12-Sep-19,19:00:00,0,12.945,8.671
12-Sep-19,20:00:00,0,11.687,8.298
12-Sep-19,21:00:00,0,10.917,8.203
12-Sep-19,22:00:00,0,10.323,8.055
12-Sep-19,23:00:00,0,9.842,7.793
13-Sep-19,00:00:00,0,9.522,7.597
13-Sep-19,01:00:00,0,9.201,7.263
13-Sep-19,02:00:00,0,8.975,7.033
13-Sep-19,03:00:00,0,8.753,6.784
13-Sep-19,04:00:00,0,8.606,6.754
13-Sep-19,05:00:00,0,8.669,6.855
13-Sep-19,06:00:00,0,8.52,6.805
13-Sep-19,07:00:00,0.01,9.366,6.584
13-Sep-19,08:00:00,0.08,11.073,6.043
13-Sep-19,09:00:00,0.205,12.058,6.259
13-Sep-19,10:00:00,0.383,12.906,6.108
13-Sep-19,11:00:00,0.145,13.253,5.862
13-Sep-19,12:00:00,0.051,13.234,5.802
13-Sep-19,13:00:00,0.113,13.529,5.797
13-Sep-19,14:00:00,0.376,14.102,5.699
13-Sep-19,15:00:00,0.496,14.427,5.645
13-Sep-19,16:00:00,0.478,14.425,5.637
13-Sep-19,17:00:00,0.273,14.051,5.622
13-Sep-19,18:00:00,0.072,13.103,5.2
13-Sep-19,19:00:00,0,11.365,4.999
13-Sep-19,20:00:00,0,10.826,4.903
13-Sep-19,21:00:00,0,10.317,4.788
13-Sep-19,22:00:00,0,10.127,4.818
13-Sep-19,23:00:00,0,9.939,4.878
14-Sep-19,00:00:00,0,9.583,4.922
14-Sep-19,01:00:00,0,9.275,5.183
14-Sep-19,02:00:00,0,9.012,5.69
14-Sep-19,03:00:00,0,8.699,6.223
14-Sep-19,04:00:00,0,8.495,6.532
14-Sep-19,05:00:00,0,8.449,7
14-Sep-19,06:00:00,0,8.801,7.592
14-Sep-19,07:00:00,0.022,9.961,7.935
14-Sep-19,08:00:00,0.151,11.937,7.788
14-Sep-19,09:00:00,0.341,13.231,8.165
14-Sep-19,10:00:00,0.458,14.263,9.069
14-Sep-19,11:00:00,0.537,15.045,9.632
14-Sep-19,12:00:00,0.287,15.223,9.948
14-Sep-19,13:00:00,0.133,15.088,10.093
14-Sep-19,14:00:00,0.166,15.173,10.229
14-Sep-19,15:00:00,0.259,15.312,10.391
14-Sep-19,16:00:00,0.21,15.179,10.439
14-Sep-19,17:00:00,0.14,14.89,10.295
14-Sep-19,18:00:00,0.027,14.425,10.294
14-Sep-19,19:00:00,0,13.987,10.537
14-Sep-19,20:00:00,0,13.986,10.607
14-Sep-19,21:00:00,0,14.139,10.626
14-Sep-19,22:00:00,0,14.189,10.624
14-Sep-19,23:00:00,0,14.2,10.521
15-Sep-19,00:00:00,0,14.229,10.763
15-Sep-19,01:00:00,0,14.05,10.172
15-Sep-19,02:00:00,0,13.667,9.579
15-Sep-19,03:00:00,0,13.068,9.014
15-Sep-19,04:00:00,0,12.341,8.352
15-Sep-19,05:00:00,0,11.766,8.286
15-Sep-19,06:00:00,0,11.202,7.715
15-Sep-19,07:00:00,0.003,11.202,6.941
15-Sep-19,08:00:00,0.008,11.732,6.33
15-Sep-19,09:00:00,0.011,12.152,6.594
15-Sep-19,10:00:00,0.015,12.389,6.578
15-Sep-19,11:00:00,0.018,12.501,6.271
15-Sep-19,12:00:00,0.024,12.579,5.672
15-Sep-19,13:00:00,0.029,12.64,5.315
15-Sep-19,14:00:00,0.016,12.497,5.383
15-Sep-19,15:00:00,0.033,12.584,5.405
15-Sep-19,16:00:00,0.107,12.782,5.393
15-Sep-19,17:00:00,0.091,12.659,5.371
15-Sep-19,18:00:00,0.017,12,5.007
15-Sep-19,19:00:00,0,10.521,4.965
15-Sep-19,20:00:00,0,9.995,4.815
15-Sep-19,21:00:00,0,9.716,4.458
15-Sep-19,22:00:00,0,9.494,4.228
15-Sep-19,23:00:00,0,9.549,4.102
16-Sep-19,00:00:00,0,9.525,4.135
16-Sep-19,01:00:00,0,9.243,4.17
16-Sep-19,02:00:00,0,8.723,4.213
16-Sep-19,03:00:00,0,8.426,4.276
16-Sep-19,04:00:00,0,8.266,4.191
16-Sep-19,05:00:00,0,8.075,4.195
16-Sep-19,06:00:00,0,7.863,4.315
16-Sep-19,07:00:00,0.011,8.297,4.393
16-Sep-19,08:00:00,0.108,10.225,4.218
16-Sep-19,09:00:00,0.163,11.407,4.255
16-Sep-19,10:00:00,0.459,12.516,4.631
16-Sep-19,11:00:00,0.625,13.212,4.917
16-Sep-19,12:00:00,0.669,13.688,5.435
16-Sep-19,13:00:00,0.751,14.04,5.936
16-Sep-19,14:00:00,0.74,14.234,6.503
16-Sep-19,15:00:00,0.629,14.226,6.96
16-Sep-19,16:00:00,0.445,13.998,7.264
16-Sep-19,17:00:00,0.236,13.549,7.32
16-Sep-19,18:00:00,0.054,12.642,7.213
16-Sep-19,19:00:00,0,11.123,7.393
16-Sep-19,20:00:00,0,10.477,7.575
16-Sep-19,21:00:00,0,10.078,7.638
16-Sep-19,22:00:00,0,9.62,7.512
16-Sep-19,23:00:00,0,8.98,7.316
17-Sep-19,00:00:00,0,8.609,7.292
17-Sep-19,01:00:00,0,8.42,7.455
17-Sep-19,02:00:00,0,8.453,7.634
17-Sep-19,03:00:00,0,8.627,7.728
17-Sep-19,04:00:00,0,8.546,7.725
17-Sep-19,05:00:00,0,8.348,7.579
17-Sep-19,06:00:00,0,8.106,7.546
17-Sep-19,07:00:00,0.015,8.576,7.34
17-Sep-19,08:00:00,0.142,10.315,6.563
17-Sep-19,09:00:00,0.365,11.547,6.713
17-Sep-19,10:00:00,0.576,12.394,6.796
17-Sep-19,11:00:00,0.734,13.026,6.373
17-Sep-19,12:00:00,0.825,13.581,5.874
17-Sep-19,13:00:00,0.837,14.035,5.494
17-Sep-19,14:00:00,0.774,14.327,5.267
17-Sep-19,15:00:00,0.648,14.416,5.208
17-Sep-19,16:00:00,0.462,14.265,5.137
17-Sep-19,17:00:00,0.218,13.831,5.032
17-Sep-19,18:00:00,0.035,12.913,4.738
17-Sep-19,19:00:00,0,11.545,4.408
17-Sep-19,20:00:00,0,11.048,4.056
17-Sep-19,21:00:00,0,10.742,3.709
17-Sep-19,22:00:00,0,10.406,3.447
17-Sep-19,23:00:00,0,9.978,3.262
18-Sep-19,00:00:00,0,9.557,3.213
18-Sep-19,01:00:00,0,9.225,3.344
18-Sep-19,02:00:00,0,8.872,3.571
18-Sep-19,03:00:00,0,8.698,3.788
18-Sep-19,04:00:00,0,8.686,3.974
18-Sep-19,05:00:00,0,8.739,4.103
18-Sep-19,06:00:00,0,8.859,4.033
18-Sep-19,07:00:00,0.002,9.257,3.821
18-Sep-19,08:00:00,0.018,10.454,3.668
18-Sep-19,09:00:00,0.076,11.599,3.767
18-Sep-19,10:00:00,0.102,12.665,4.16
18-Sep-19,11:00:00,0.132,13.395,4.589
18-Sep-19,12:00:00,0.161,13.949,5.004
18-Sep-19,13:00:00,0.201,14.437,5.382
18-Sep-19,14:00:00,0.229,14.795,5.684
18-Sep-19,15:00:00,0.215,14.964,5.847
18-Sep-19,16:00:00,0.186,14.932,5.774
18-Sep-19,17:00:00,0.145,14.678,5.463
18-Sep-19,18:00:00,0.033,13.864,5.033
18-Sep-19,19:00:00,0,12.264,4.906
18-Sep-19,20:00:00,0,11.704,4.772
18-Sep-19,21:00:00,0,11.361,4.566
18-Sep-19,22:00:00,0,11.018,4.416
18-Sep-19,23:00:00,0,10.702,4.367
19-Sep-19,00:00:00,0,10.456,4.28
19-Sep-19,01:00:00,0,10.346,4.088
19-Sep-19,02:00:00,0,10.353,3.825
19-Sep-19,03:00:00,0,10.219,3.612
19-Sep-19,04:00:00,0,10.131,3.506
19-Sep-19,05:00:00,0,10.084,3.421
19-Sep-19,06:00:00,0,10.06,3.318
19-Sep-19,07:00:00,0.015,10.274,3.23
19-Sep-19,08:00:00,0.143,11.786,3.165
19-Sep-19,09:00:00,0.327,13.025,3.279
19-Sep-19,10:00:00,0.485,14.057,3.49
19-Sep-19,11:00:00,0.597,14.968,3.671
19-Sep-19,12:00:00,0.642,15.705,3.876
19-Sep-19,13:00:00,0.703,16.265,4.058
19-Sep-19,14:00:00,0.708,16.664,4.186
19-Sep-19,15:00:00,0.603,16.782,4.225
19-Sep-19,16:00:00,0.437,16.621,4.112
19-Sep-19,17:00:00,0.234,16.177,3.914
19-Sep-19,18:00:00,0.054,15.022,3.867
19-Sep-19,19:00:00,0,13.185,3.852
19-Sep-19,20:00:00,0,12.535,3.599
19-Sep-19,21:00:00,0,12.122,3.255
19-Sep-19,22:00:00,0,11.959,2.944
19-Sep-19,23:00:00,0,11.706,2.716
20-Sep-19,00:00:00,0,11.384,2.97
20-Sep-19,01:00:00,0,10.972,3.219
20-Sep-19,02:00:00,0,10.506,3.56
20-Sep-19,03:00:00,0,10.132,3.981
20-Sep-19,04:00:00,0,9.762,4.418
20-Sep-19,05:00:00,0,9.495,4.78
20-Sep-19,06:00:00,0,9.309,5.033
20-Sep-19,07:00:00,0.02,9.661,5.196
20-Sep-19,08:00:00,0.165,12.051,5.101
20-Sep-19,09:00:00,0.375,13.596,4.553
20-Sep-19,10:00:00,0.57,15.25,4.568
20-Sep-19,11:00:00,0.716,16.671,4.975
20-Sep-19,12:00:00,0.8,17.48,5.457
20-Sep-19,13:00:00,0.814,17.969,5.887
20-Sep-19,14:00:00,0.757,18.253,6.28
20-Sep-19,15:00:00,0.633,18.404,6.636
20-Sep-19,16:00:00,0.456,18.362,6.693
20-Sep-19,17:00:00,0.244,17.911,6.422
20-Sep-19,18:00:00,0.056,16.423,6.881
20-Sep-19,19:00:00,0,14.646,7.863
20-Sep-19,20:00:00,0,14.149,8.577
20-Sep-19,21:00:00,0,13.65,8.86
20-Sep-19,22:00:00,0,12.994,8.975
20-Sep-19,23:00:00,0,12.419,8.993
21-Sep-19,00:00:00,0,11.838,8.893
21-Sep-19,01:00:00,0,11.263,8.822
21-Sep-19,02:00:00,0,10.836,8.926
21-Sep-19,03:00:00,0,10.549,9.066
21-Sep-19,04:00:00,0,10.38,9.18
21-Sep-19,05:00:00,0,10.277,9.234
21-Sep-19,06:00:00,0,10.18,9.226
21-Sep-19,07:00:00,0.02,10.391,9.152
21-Sep-19,08:00:00,0.173,11.535,8.739
21-Sep-19,09:00:00,0.397,13.007,8.471
21-Sep-19,10:00:00,0.599,14.676,9.2
21-Sep-19,11:00:00,0.751,16.094,9.559
21-Sep-19,12:00:00,0.835,17.209,9.862
21-Sep-19,13:00:00,0.843,17.993,9.886
21-Sep-19,14:00:00,0.776,18.472,9.697
21-Sep-19,15:00:00,0.64,18.612,9.311
21-Sep-19,16:00:00,0.449,18.415,8.924
21-Sep-19,17:00:00,0.229,17.761,8.818
21-Sep-19,18:00:00,0.047,16.402,8.797
21-Sep-19,19:00:00,0,14.837,9.041
21-Sep-19,20:00:00,0,14.096,9.124
21-Sep-19,21:00:00,0,13.409,8.979
21-Sep-19,22:00:00,0,12.897,8.797
21-Sep-19,23:00:00,0,12.584,8.623
22-Sep-19,00:00:00,0,12.486,8.388
22-Sep-19,01:00:00,0,12.57,8.15
22-Sep-19,02:00:00,0,12.637,7.935
22-Sep-19,03:00:00,0,12.704,7.8
22-Sep-19,04:00:00,0,12.788,7.817
22-Sep-19,05:00:00,0,12.907,7.919
22-Sep-19,06:00:00,0,13.025,8.053
22-Sep-19,07:00:00,0.001,13.231,8.121
22-Sep-19,08:00:00,0.004,13.749,7.908
22-Sep-19,09:00:00,0.006,14.39,7.68
22-Sep-19,10:00:00,0.013,15.133,7.353
22-Sep-19,11:00:00,0.049,16.058,7.085
22-Sep-19,12:00:00,0.126,17.112,7.125
22-Sep-19,13:00:00,0.122,17.837,6.897
22-Sep-19,14:00:00,0.068,18.07,6.764
22-Sep-19,15:00:00,0.021,17.746,6.199
22-Sep-19,16:00:00,0.013,17.419,5.327
22-Sep-19,17:00:00,0.005,16.963,4.962
22-Sep-19,18:00:00,0.001,16.01,5.133
22-Sep-19,19:00:00,0,15.174,5.499
22-Sep-19,20:00:00,0,14.86,5.693
22-Sep-19,21:00:00,0,14.531,5.712
22-Sep-19,22:00:00,0,14.229,5.696
22-Sep-19,23:00:00,0,13.962,5.684
23-Sep-19,00:00:00,0,13.67,5.64
23-Sep-19,01:00:00,0,13.326,5.671
23-Sep-19,02:00:00,0,12.99,5.854
23-Sep-19,03:00:00,0,12.665,6.224
23-Sep-19,04:00:00,0,12.495,6.685
23-Sep-19,05:00:00,0,12.435,7.103
23-Sep-19,06:00:00,0,12.513,7.329
23-Sep-19,07:00:00,0.003,12.78,7.47
23-Sep-19,08:00:00,0.033,13.396,7.268
23-Sep-19,09:00:00,0.116,13.74,7.585
23-Sep-19,10:00:00,0.345,14.066,7.792
23-Sep-19,11:00:00,0.532,14.467,7.555
23-Sep-19,12:00:00,0.447,14.85,7.25
23-Sep-19,13:00:00,0.22,15.049,7.195
23-Sep-19,14:00:00,0.086,15.074,7.579
23-Sep-19,15:00:00,0.042,15.045,8.041
23-Sep-19,16:00:00,0.032,15.035,8.405
23-Sep-19,17:00:00,0.03,14.954,9.113
23-Sep-19,18:00:00,0.006,14.492,9.982
23-Sep-19,19:00:00,0,13.981,10.745
23-Sep-19,20:00:00,0,13.81,11.122
23-Sep-19,21:00:00,0,13.728,10.771
23-Sep-19,22:00:00,0,13.674,10.097
23-Sep-19,23:00:00,0,13.703,9.378
24-Sep-19,00:00:00,0,13.829,8.75
24-Sep-19,01:00:00,0,13.997,8.247
24-Sep-19,02:00:00,0,14.159,7.896
24-Sep-19,03:00:00,0,14.199,7.59
24-Sep-19,04:00:00,0,14.01,7.322
24-Sep-19,05:00:00,0,13.704,7.251
24-Sep-19,06:00:00,0,13.487,7.11
24-Sep-19,07:00:00,0.001,13.475,7.09
24-Sep-19,08:00:00,0.006,14.032,6.823
24-Sep-19,09:00:00,0.016,14.577,6.358
24-Sep-19,10:00:00,0.037,15.366,6.293
24-Sep-19,11:00:00,0.05,16.092,6.277
24-Sep-19,12:00:00,0.033,16.507,5.965
24-Sep-19,13:00:00,0.02,16.71,5.404
24-Sep-19,14:00:00,0.013,16.769,4.648
24-Sep-19,15:00:00,0.007,16.632,3.721
24-Sep-19,16:00:00,0.004,16.426,3.305
24-Sep-19,17:00:00,0.002,16.036,3.675
24-Sep-19,18:00:00,0,15.145,4.155
24-Sep-19,19:00:00,0,14.526,4.443
24-Sep-19,20:00:00,0,14.303,4.508
24-Sep-19,21:00:00,0,14.182,4.744
24-Sep-19,22:00:00,0,14.047,5.079
24-Sep-19,23:00:00,0,13.855,5.387
25-Sep-19,00:00:00,0,13.597,5.747
25-Sep-19,01:00:00,0,13.314,5.863
25-Sep-19,02:00:00,0,13.111,5.888
25-Sep-19,03:00:00,0,12.921,5.839
25-Sep-19,04:00:00,0,12.766,5.649
25-Sep-19,05:00:00,0,12.614,5.486
25-Sep-19,06:00:00,0,12.52,5.458
25-Sep-19,07:00:00,0.002,12.703,5.542
25-Sep-19,08:00:00,0.016,13.695,5.479
25-Sep-19,09:00:00,0.05,14.312,5.237
25-Sep-19,10:00:00,0.111,14.774,5.33
25-Sep-19,11:00:00,0.192,15.238,5.372
25-Sep-19,12:00:00,0.32,15.757,5.437
25-Sep-19,13:00:00,0.396,16.128,5.637
25-Sep-19,14:00:00,0.34,16.237,5.794
25-Sep-19,15:00:00,0.316,16.214,5.816
25-Sep-19,16:00:00,0.244,16.025,5.805
25-Sep-19,17:00:00,0.088,15.537,5.738
25-Sep-19,18:00:00,0.017,14.635,5.718
25-Sep-19,19:00:00,0,13.387,6.072
25-Sep-19,20:00:00,0,13.181,6.516
25-Sep-19,21:00:00,0,13.303,6.912
25-Sep-19,22:00:00,0,13.535,7.49
25-Sep-19,23:00:00,0,13.723,8.045
26-Sep-19,00:00:00,0,13.811,8.311
26-Sep-19,01:00:00,0,13.84,8.475
26-Sep-19,02:00:00,0,13.943,8.635
26-Sep-19,03:00:00,0,14.044,8.379
26-Sep-19,04:00:00,0,14.016,7.687
26-Sep-19,05:00:00,0,13.88,7.075
26-Sep-19,06:00:00,0,13.784,7.357
26-Sep-19,07:00:00,0.001,13.427,8.208
26-Sep-19,08:00:00,0.021,12.927,8.388
26-Sep-19,09:00:00,0.126,12.833,8.248
26-Sep-19,10:00:00,0.424,13.257,8.454
26-Sep-19,11:00:00,0.534,13.835,9.039
26-Sep-19,12:00:00,0.45,14.291,9.721
26-Sep-19,13:00:00,0.21,14.369,10.25
26-Sep-19,14:00:00,0.057,14.038,10.313
26-Sep-19,15:00:00,0.032,13.76,9.844
26-Sep-19,16:00:00,0.071,13.831,9.752
26-Sep-19,17:00:00,0.031,13.627,9.736
26-Sep-19,18:00:00,0.003,13.229,9.996
26-Sep-19,19:00:00,0,13.141,10.085
26-Sep-19,20:00:00,0,13.201,10.008
26-Sep-19,21:00:00,0,13.143,9.987
26-Sep-19,22:00:00,0,13.007,9.885
26-Sep-19,23:00:00,0,12.702,9.681
27-Sep-19,00:00:00,0,12.479,9.442
27-Sep-19,01:00:00,0,12.23,9.121
27-Sep-19,02:00:00,0,11.872,8.704
27-Sep-19,03:00:00,0,11.478,8.246
27-Sep-19,04:00:00,0,11.093,7.903
27-Sep-19,05:00:00,0,10.824,7.531
27-Sep-19,06:00:00,0,10.681,7.246
27-Sep-19,07:00:00,0.002,10.736,6.958
27-Sep-19,08:00:00,0.027,11.84,6.539
27-Sep-19,09:00:00,0.067,12.717,6.57
27-Sep-19,10:00:00,0.047,13.16,7.165
27-Sep-19,11:00:00,0.014,13.248,7.313
27-Sep-19,12:00:00,0.006,13.216,7.061
27-Sep-19,13:00:00,0.006,13.072,7.005
27-Sep-19,14:00:00,0.005,12.62,7.331
27-Sep-19,15:00:00,0.008,12.068,7.947
27-Sep-19,16:00:00,0.012,11.847,8.305
27-Sep-19,17:00:00,0.017,11.898,8.196
27-Sep-19,18:00:00,0.008,11.67,8.192
27-Sep-19,19:00:00,0,11.241,8.404
27-Sep-19,20:00:00,0,11.351,8.633
27-Sep-19,21:00:00,0,11.366,8.69
27-Sep-19,22:00:00,0,11.371,8.919
27-Sep-19,23:00:00,0,11.322,8.983
28-Sep-19,00:00:00,0,11.266,8.538
28-Sep-19,01:00:00,0,11.155,8.152
28-Sep-19,02:00:00,0,11.217,8.351
28-Sep-19,03:00:00,0,11.513,8.907
28-Sep-19,04:00:00,0,11.732,9.216
28-Sep-19,05:00:00,0,11.581,8.89
28-Sep-19,06:00:00,0,11.219,8.437
28-Sep-19,07:00:00,0.003,10.838,7.993
28-Sep-19,08:00:00,0.053,11.229,7.21
28-Sep-19,09:00:00,0.21,11.687,6.816
28-Sep-19,10:00:00,0.4,12.375,6.881
28-Sep-19,11:00:00,0.546,13.101,6.937
28-Sep-19,12:00:00,0.705,13.772,7.033
28-Sep-19,13:00:00,0.722,14.205,7.021
28-Sep-19,14:00:00,0.67,14.414,6.886
28-Sep-19,15:00:00,0.546,14.439,6.761
28-Sep-19,16:00:00,0.269,14.211,6.335
28-Sep-19,17:00:00,0.054,13.728,5.639
28-Sep-19,18:00:00,0.006,12.826,5.123
28-Sep-19,19:00:00,0,12.235,4.792
28-Sep-19,20:00:00,0,12.272,4.896
28-Sep-19,21:00:00,0,12.133,5.302
28-Sep-19,22:00:00,0,11.915,5.519
28-Sep-19,23:00:00,0,11.71,5.736
29-Sep-19,00:00:00,0,11.519,6.208
29-Sep-19,01:00:00,0,11.508,7.084
29-Sep-19,02:00:00,0,11.329,8.061
29-Sep-19,03:00:00,0,11.067,9.056
29-Sep-19,04:00:00,0,10.956,9.641
29-Sep-19,05:00:00,0,10.946,9.826
29-Sep-19,06:00:00,0,10.978,9.756
29-Sep-19,07:00:00,0,10.994,9.666
29-Sep-19,08:00:00,0.001,11.096,9.709
29-Sep-19,09:00:00,0.005,11.385,9.761
29-Sep-19,10:00:00,0.012,11.739,9.959
29-Sep-19,11:00:00,0.014,12.069,9.559
29-Sep-19,12:00:00,0.011,12.346,8.998
29-Sep-19,13:00:00,0.008,12.485,8.416
29-Sep-19,14:00:00,0.015,12.656,8.276
29-Sep-19,15:00:00,0.12,13.052,8.411
29-Sep-19,16:00:00,0.245,13.329,8.33
29-Sep-19,17:00:00,0.11,13.132,7.434
29-Sep-19,18:00:00,0.017,12.202,6.936
29-Sep-19,19:00:00,0,11.182,6.759
29-Sep-19,20:00:00,0,10.891,6.43
29-Sep-19,21:00:00,0,10.605,6.012
29-Sep-19,22:00:00,0,10.288,5.602
29-Sep-19,23:00:00,0,9.902,5.34
30-Sep-19,00:00:00,0,9.52,5.176
30-Sep-19,01:00:00,0,9.244,4.965
30-Sep-19,02:00:00,0,9.029,5.06
30-Sep-19,03:00:00,0,8.876,5.389
30-Sep-19,04:00:00,0,8.872,5.631
30-Sep-19,05:00:00,0,8.899,5.592
30-Sep-19,06:00:00,0,8.895,5.286
30-Sep-19,07:00:00,0.003,9.07,4.785
30-Sep-19,08:00:00,0.07,10.434,4.058
30-Sep-19,09:00:00,0.215,12.004,3.185
30-Sep-19,10:00:00,0.269,13.149,2.724
30-Sep-19,11:00:00,0.118,13.624,2.843
30-Sep-19,12:00:00,0.076,13.714,3.587
30-Sep-19,13:00:00,0.071,13.732,3.79
30-Sep-19,14:00:00,0.025,13.593,3.71
30-Sep-19,15:00:00,0.007,13.257,4.016
30-Sep-19,16:00:00,0.002,12.729,4.381
30-Sep-19,17:00:00,0.001,12.048,5.247
30-Sep-19,18:00:00,0,11.561,6.578
30-Sep-19,19:00:00,0,11.435,7.929
30-Sep-19,20:00:00,0,11.201,8.778
30-Sep-19,21:00:00,0,10.899,9.123
30-Sep-19,22:00:00,0,10.671,9.446
30-Sep-19,23:00:00,0,10.44,9.616
01-Oct-19,00:00:00,0,10.194,9.919
01-Oct-19,01:00:00,0,9.986,9.858
01-Oct-19,02:00:00,0,9.812,10.024
01-Oct-19,03:00:00,0,9.57,10.473
01-Oct-19,04:00:00,0,9.28,10.695
01-Oct-19,05:00:00,0,8.992,10.775
01-Oct-19,06:00:00,0,8.693,10.745
01-Oct-19,07:00:00,0,8.363,10.872
01-Oct-19,08:00:00,0.003,8.088,11.034
01-Oct-19,09:00:00,0.008,8,11.194
01-Oct-19,10:00:00,0.018,8.052,10.977
01-Oct-19,11:00:00,0.035,8.415,10.837
01-Oct-19,12:00:00,0.104,9.024,10.382
01-Oct-19,13:00:00,0.253,9.744,9.737
01-Oct-19,14:00:00,0.4,10.337,9.04
01-Oct-19,15:00:00,0.443,10.655,8.467
01-Oct-19,16:00:00,0.35,10.612,8
01-Oct-19,17:00:00,0.176,10.141,7.454
01-Oct-19,18:00:00,0.027,8.693,7.018
01-Oct-19,19:00:00,0,7.346,6.626
01-Oct-19,20:00:00,0,6.765,6.018
01-Oct-19,21:00:00,0,6.367,5.393
01-Oct-19,22:00:00,0,6.165,5.116
01-Oct-19,23:00:00,0,6.011,5.17
02-Oct-19,00:00:00,0,5.924,5.215
02-Oct-19,01:00:00,0,5.519,5.302
02-Oct-19,02:00:00,0,5.08,5.396
02-Oct-19,03:00:00,0,4.453,5.528
02-Oct-19,04:00:00,0,4.023,5.619
02-Oct-19,05:00:00,0,3.677,5.673
02-Oct-19,06:00:00,0,3.407,5.977
02-Oct-19,07:00:00,0.005,3.255,6.275
02-Oct-19,08:00:00,0.125,4.845,6.351
02-Oct-19,09:00:00,0.372,6.73,6.011
02-Oct-19,10:00:00,0.58,8.263,6.533
02-Oct-19,11:00:00,0.734,9.44,6.581
02-Oct-19,12:00:00,0.82,10.28,6.191
02-Oct-19,13:00:00,0.832,10.897,5.729
02-Oct-19,14:00:00,0.772,11.281,5.375
02-Oct-19,15:00:00,0.645,11.409,5.136
02-Oct-19,16:00:00,0.454,11.251,5.084
02-Oct-19,17:00:00,0.223,10.667,5.206
02-Oct-19,18:00:00,0.035,8.826,5.644
02-Oct-19,19:00:00,0,7.574,5.676
02-Oct-19,20:00:00,0,7.206,5.381
02-Oct-19,21:00:00,0,7.038,4.774
02-Oct-19,22:00:00,0,7.116,3.981
02-Oct-19,23:00:00,0,7.279,3.296
03-Oct-19,00:00:00,0,7.55,2.756
03-Oct-19,01:00:00,0,7.724,2.395
03-Oct-19,02:00:00,0,7.541,2.477
03-Oct-19,03:00:00,0,6.976,3.011
03-Oct-19,04:00:00,0,6.439,3.677
03-Oct-19,05:00:00,0,6.002,4.305
03-Oct-19,06:00:00,0,5.503,5.014
03-Oct-19,07:00:00,0.001,5.232,5.81
03-Oct-19,08:00:00,0.012,6.396,6.552
03-Oct-19,09:00:00,0.027,7.776,6.765
03-Oct-19,10:00:00,0.034,8.42,7.178
03-Oct-19,11:00:00,0.028,8.887,8.01
03-Oct-19,12:00:00,0.026,9.106,8.385
03-Oct-19,13:00:00,0.028,9.313,8.661
03-Oct-19,14:00:00,0.044,9.56,8.949
03-Oct-19,15:00:00,0.079,9.974,9.211
03-Oct-19,16:00:00,0.055,10.269,9.6
03-Oct-19,17:00:00,0.02,10.103,10.137
03-Oct-19,18:00:00,0.001,9.563,10.786
03-Oct-19,19:00:00,0,9.096,10.691
03-Oct-19,20:00:00,0,8.925,10.73
03-Oct-19,21:00:00,0,8.987,10.573
03-Oct-19,22:00:00,0,9.201,9.835
03-Oct-19,23:00:00,0,9.544,8.087
04-Oct-19,00:00:00,0,9.799,6.738
04-Oct-19,01:00:00,0,9.981,6.791
04-Oct-19,02:00:00,0,10.014,6.83
04-Oct-19,03:00:00,0,9.783,6.493
04-Oct-19,04:00:00,0,9.794,5.887
04-Oct-19,05:00:00,0,9.586,5.096
04-Oct-19,06:00:00,0,9.492,4.315
04-Oct-19,07:00:00,0,9.482,4.038
04-Oct-19,08:00:00,0.005,10.112,3.956
04-Oct-19,09:00:00,0.021,10.948,4.198
04-Oct-19,10:00:00,0.05,11.421,5.064
04-Oct-19,11:00:00,0.087,11.865,6.294
04-Oct-19,12:00:00,0.132,12.32,6.987
04-Oct-19,13:00:00,0.247,12.827,7.209
04-Oct-19,14:00:00,0.209,13.003,7.881
04-Oct-19,15:00:00,0.195,12.931,8.45
04-Oct-19,16:00:00,0.09,12.599,8.081
04-Oct-19,17:00:00,0.049,12.008,7.695
04-Oct-19,18:00:00,0.01,10.87,7.649
04-Oct-19,19:00:00,0,9.606,7.605
04-Oct-19,20:00:00,0,8.997,7.416
04-Oct-19,21:00:00,0,8.663,7.308
04-Oct-19,22:00:00,0,8.745,6.933
04-Oct-19,23:00:00,0,8.371,6.453
05-Oct-19,00:00:00,0,8.442,6.317
05-Oct-19,01:00:00,0,8.575,6.309
05-Oct-19,02:00:00,0,8.43,6.465
05-Oct-19,03:00:00,0,8.421,6.643
05-Oct-19,04:00:00,0,8.413,6.486
05-Oct-19,05:00:00,0,8.497,6.466
05-Oct-19,06:00:00,0,8.841,6.812
05-Oct-19,07:00:00,0,9.032,6.955
05-Oct-19,08:00:00,0.002,9.46,6.894
05-Oct-19,09:00:00,0.003,9.985,6.806
05-Oct-19,10:00:00,0.006,10.446,6.717
05-Oct-19,11:00:00,0.013,11.013,7.055
05-Oct-19,12:00:00,0.043,11.745,7.708
05-Oct-19,13:00:00,0.107,12.515,8.292
05-Oct-19,14:00:00,0.148,13.118,8.564
05-Oct-19,15:00:00,0.074,13.351,8.568
05-Oct-19,16:00:00,0.016,13.142,8.38
05-Oct-19,17:00:00,0.002,12.585,8.583
05-Oct-19,18:00:00,0,12.042,9.015
05-Oct-19,19:00:00,0,11.651,8.949
05-Oct-19,20:00:00,0,11.322,9.385
05-Oct-19,21:00:00,0,11.028,9.773
05-Oct-19,22:00:00,0,10.862,10.216
05-Oct-19,23:00:00,0,10.743,10.658
06-Oct-19,00:00:00,0,10.648,10.958
06-Oct-19,01:00:00,0,10.569,10.77
06-Oct-19,02:00:00,0,10.582,10.043
06-Oct-19,03:00:00,0,10.551,8.6
06-Oct-19,04:00:00,0,10.576,7.15
06-Oct-19,05:00:00,0,10.607,6.305
06-Oct-19,06:00:00,0,10.581,5.683
06-Oct-19,07:00:00,0,10.799,6.169
06-Oct-19,08:00:00,0.001,11.146,6.422
06-Oct-19,09:00:00,0.008,11.403,6.691
06-Oct-19,10:00:00,0.042,11.644,6.748
06-Oct-19,11:00:00,0.135,12.003,6.711
06-Oct-19,12:00:00,0.128,12.288,6.507
06-Oct-19,13:00:00,0.062,12.319,6.18
06-Oct-19,14:00:00,0.033,12.215,5.779
06-Oct-19,15:00:00,0.021,12.126,5.485
06-Oct-19,16:00:00,0.008,11.99,4.958
06-Oct-19,17:00:00,0.006,11.72,4.709
06-Oct-19,18:00:00,0.001,11.152,5.61
06-Oct-19,19:00:00,0,10.613,6.755
06-Oct-19,20:00:00,0,10.281,6.699
06-Oct-19,21:00:00,0,10.229,6.541
06-Oct-19,22:00:00,0,10.27,6.904
06-Oct-19,23:00:00,0,10.34,7.695
07-Oct-19,00:00:00,0,10.379,7.987
07-Oct-19,01:00:00,0,10.43,8.003
07-Oct-19,02:00:00,0,10.511,8.068
07-Oct-19,03:00:00,0,10.59,8.496
07-Oct-19,04:00:00,0,10.583,9.025
07-Oct-19,05:00:00,0,10.571,9.537
07-Oct-19,06:00:00,0,10.591,10.502
07-Oct-19,07:00:00,0,10.488,10.889
07-Oct-19,08:00:00,0.001,10.49,11.493
07-Oct-19,09:00:00,0.002,10.607,11.996
07-Oct-19,10:00:00,0.002,10.736,12.389
07-Oct-19,11:00:00,0.002,10.828,12.498
07-Oct-19,12:00:00,0.001,11.028,11.87
07-Oct-19,13:00:00,0.001,11.589,11.093
07-Oct-19,14:00:00,0.004,12.601,10.034
07-Oct-19,15:00:00,0.032,13.51,9.336
07-Oct-19,16:00:00,0.086,13.706,9.126
07-Oct-19,17:00:00,0.096,13.318,8.877
07-Oct-19,18:00:00,0.009,12.322,8.806
07-Oct-19,19:00:00,0,11.712,8.821
07-Oct-19,20:00:00,0,11.839,9.062
07-Oct-19,21:00:00,0,11.968,9.501
07-Oct-19,22:00:00,0,11.849,9.718
07-Oct-19,23:00:00,0,11.596,9.984
08-Oct-19,00:00:00,0,11.312,10.04
08-Oct-19,01:00:00,0,11.082,10.066
08-Oct-19,02:00:00,0,10.95,10.235
08-Oct-19,03:00:00,0,10.892,10.462
08-Oct-19,04:00:00,0,10.892,10.622
08-Oct-19,05:00:00,0,10.948,10.885
08-Oct-19,06:00:00,0,10.995,11.275
08-Oct-19,07:00:00,0,10.918,11.444
08-Oct-19,08:00:00,0.029,10.903,11.643
08-Oct-19,09:00:00,0.128,11.138,11.728
08-Oct-19,10:00:00,0.193,11.382,11.773
08-Oct-19,11:00:00,0.338,11.534,11.873
08-Oct-19,12:00:00,0.553,11.802,11.965
08-Oct-19,13:00:00,0.591,12.06,12.04
08-Oct-19,14:00:00,0.553,12.196,12.243
08-Oct-19,15:00:00,0.374,12.165,12.439
08-Oct-19,16:00:00,0.118,11.897,12.423
08-Oct-19,17:00:00,0.013,11.532,12.221
08-Oct-19,18:00:00,0.001,11.211,12.013
08-Oct-19,19:00:00,0,11.045,11.831
08-Oct-19,20:00:00,0,10.881,11.831
08-Oct-19,21:00:00,0,10.654,11.857
08-Oct-19,22:00:00,0,10.426,11.79
08-Oct-19,23:00:00,0,10.217,11.544
09-Oct-19,00:00:00,0,9.969,11.348
09-Oct-19,01:00:00,0,9.845,11.156
09-Oct-19,02:00:00,0,9.788,10.937
09-Oct-19,03:00:00,0,9.743,10.752
09-Oct-19,04:00:00,0,9.671,10.499
09-Oct-19,05:00:00,0,9.583,10.235
09-Oct-19,06:00:00,0,9.485,10.106
09-Oct-19,07:00:00,0,9.348,10.021
09-Oct-19,08:00:00,0.013,9.398,9.916
09-Oct-19,09:00:00,0.105,9.793,9.958
09-Oct-19,10:00:00,0.234,10.156,10.239
09-Oct-19,11:00:00,0.385,10.585,10.483
09-Oct-19,12:00:00,0.449,10.983,10.705
09-Oct-19,13:00:00,0.378,11.191,10.909
09-Oct-19,14:00:00,0.246,11.227,10.991
09-Oct-19,15:00:00,0.15,11.177,10.879
09-Oct-19,16:00:00,0.042,10.923,10.531
09-Oct-19,17:00:00,0.007,10.501,10.424
09-Oct-19,18:00:00,0,10.116,10.32
09-Oct-19,19:00:00,0,9.929,10.203
09-Oct-19,20:00:00,0,9.787,10.161
09-Oct-19,21:00:00,0,9.606,10.126
09-Oct-19,22:00:00,0,9.44,10.358
09-Oct-19,23:00:00,0,9.287,10.723
10-Oct-19,00:00:00,0,9.131,10.903
10-Oct-19,01:00:00,0,9.016,11.018
10-Oct-19,02:00:00,0,8.966,11.159
10-Oct-19,03:00:00,0,8.951,11.15
10-Oct-19,04:00:00,0,9.009,11.021
10-Oct-19,05:00:00,0,9.088,10.862
10-Oct-19,06:00:00,0,9.105,10.719
10-Oct-19,07:00:00,0,9.079,10.473
10-Oct-19,08:00:00,0.02,9.351,10.173
10-Oct-19,09:00:00,0.059,9.981,9.82
10-Oct-19,10:00:00,0.103,10.555,9.682
10-Oct-19,11:00:00,0.184,11.102,9.784
10-Oct-19,12:00:00,0.091,11.318,10.008
10-Oct-19,13:00:00,0.053,11.332,10.215
10-Oct-19,14:00:00,0.017,11.369,10.241
10-Oct-19,15:00:00,0.006,11.844,10.414
10-Oct-19,16:00:00,0.012,12.784,11.44
10-Oct-19,17:00:00,0.042,13.174,12.013
10-Oct-19,18:00:00,0.004,12.681,12.093
10-Oct-19,19:00:00,0,12.368,11.756
10-Oct-19,20:00:00,0,12.479,11.402
10-Oct-19,21:00:00,0,12.812,11.379
10-Oct-19,22:00:00,0,12.733,12.01
10-Oct-19,23:00:00,0,12.323,12.199
11-Oct-19,00:00:00,0,12.156,12.108
11-Oct-19,01:00:00,0,12.022,12.185
11-Oct-19,02:00:00,0,11.741,11.926
11-Oct-19,03:00:00,0,11.416,11.495
11-Oct-19,04:00:00,0,11.128,10.986
11-Oct-19,05:00:00,0,10.906,10.648
11-Oct-19,06:00:00,0,10.684,10.153
11-Oct-19,07:00:00,0,10.448,9.473
11-Oct-19,08:00:00,0.039,10.587,9.081
11-Oct-19,09:00:00,0.181,11.173,8.804
11-Oct-19,10:00:00,0.361,11.656,8.899
11-Oct-19,11:00:00,0.512,11.979,9.31
11-Oct-19,12:00:00,0.432,12.137,9.621
11-Oct-19,13:00:00,0.47,12.246,9.976
11-Oct-19,14:00:00,0.5,12.252,10.301
11-Oct-19,15:00:00,0.44,12.158,10.474
11-Oct-19,16:00:00,0.245,11.911,10.407
11-Oct-19,17:00:00,0.077,11.472,10.217
11-Oct-19,18:00:00,0.003,10.927,10.222
11-Oct-19,19:00:00,0,10.758,10.421
11-Oct-19,20:00:00,0,10.65,10.475
11-Oct-19,21:00:00,0,10.39,10.345
11-Oct-19,22:00:00,0,10.094,10.112
11-Oct-19,23:00:00,0,9.802,9.835
12-Oct-19,00:00:00,0,9.601,9.595
12-Oct-19,01:00:00,0,9.473,9.301
12-Oct-19,02:00:00,0,9.316,8.976
12-Oct-19,03:00:00,0,9.129,8.655
12-Oct-19,04:00:00,0,8.9,8.228
12-Oct-19,05:00:00,0,8.583,7.848
12-Oct-19,06:00:00,0,8.332,7.609
12-Oct-19,07:00:00,0,8.075,7.327
12-Oct-19,08:00:00,0.036,8.47,6.939
12-Oct-19,09:00:00,0.165,9.732,6.779
12-Oct-19,10:00:00,0.34,10.475,7.062
12-Oct-19,11:00:00,0.521,11.05,7.203
12-Oct-19,12:00:00,0.593,11.489,7.341
12-Oct-19,13:00:00,0.576,11.748,7.41
12-Oct-19,14:00:00,0.508,11.859,7.366
12-Oct-19,15:00:00,0.359,11.831,7.416
12-Oct-19,16:00:00,0.192,11.631,6.862
12-Oct-19,17:00:00,0.058,11.057,6.43
12-Oct-19,18:00:00,0.002,9.798,6.477
12-Oct-19,19:00:00,0,9.405,6.464
12-Oct-19,20:00:00,0,9.285,6.482
12-Oct-19,21:00:00,0,9.296,6.55
12-Oct-19,22:00:00,0,9.392,6.705
12-Oct-19,23:00:00,0,9.394,6.709
13-Oct-19,00:00:00,0,9.386,6.646
13-Oct-19,01:00:00,0,9.319,6.419
13-Oct-19,02:00:00,0,9.203,6.15
13-Oct-19,03:00:00,0,9.081,5.893
13-Oct-19,04:00:00,0,8.96,5.789
13-Oct-19,05:00:00,0,8.851,5.759
13-Oct-19,06:00:00,0,8.763,5.734
13-Oct-19,07:00:00,0,8.735,5.778
13-Oct-19,08:00:00,0,8.813,5.645
13-Oct-19,09:00:00,0.001,9.1,5.161
13-Oct-19,10:00:00,0.002,9.52,4.914
13-Oct-19,11:00:00,0.005,9.876,4.853
13-Oct-19,12:00:00,0.006,10.217,4.731
13-Oct-19,13:00:00,0.007,10.448,4.161
13-Oct-19,14:00:00,0.009,10.494,3.095
13-Oct-19,15:00:00,0.006,10.38,2.756
13-Oct-19,16:00:00,0.004,10.156,3.304
13-Oct-19,17:00:00,0.004,9.872,4.307
13-Oct-19,18:00:00,0,9.251,5.314
13-Oct-19,19:00:00,0,9.069,6.43
13-Oct-19,20:00:00,0,9.063,7.239
13-Oct-19,21:00:00,0,8.992,7.412
13-Oct-19,22:00:00,0,8.889,7.287
13-Oct-19,23:00:00,0,8.689,6.956
14-Oct-19,00:00:00,0,8.602,6.643
14-Oct-19,01:00:00,0,8.541,6.39
14-Oct-19,02:00:00,0,8.348,5.823
14-Oct-19,03:00:00,0,8.247,5.165
14-Oct-19,04:00:00,0,8.298,4.611
14-Oct-19,05:00:00,0,8.398,4.532
14-Oct-19,06:00:00,0,8.412,4.698
14-Oct-19,07:00:00,0,8.389,4.852
14-Oct-19,08:00:00,0.003,8.468,5.098
14-Oct-19,09:00:00,0.021,9.454,5.304
14-Oct-19,10:00:00,0.07,10.439,5.155
14-Oct-19,11:00:00,0.196,11.327,5.388
14-Oct-19,12:00:00,0.227,12.074,5.679
14-Oct-19,13:00:00,0.108,12.364,5.862
14-Oct-19,14:00:00,0.076,12.486,6.018
14-Oct-19,15:00:00,0.04,12.41,6.04
14-Oct-19,16:00:00,0.013,12.042,5.806
14-Oct-19,17:00:00,0.003,11.193,5.911
14-Oct-19,18:00:00,0,10.338,6.259
14-Oct-19,19:00:00,0,10.017,6.417
14-Oct-19,20:00:00,0,9.72,6.38
14-Oct-19,21:00:00,0,9.376,6.265
14-Oct-19,22:00:00,0,8.974,5.957
14-Oct-19,23:00:00,0,8.605,5.736
15-Oct-19,00:00:00,0,8.322,5.689
15-Oct-19,01:00:00,0,8.125,5.768
15-Oct-19,02:00:00,0,8.007,5.791
15-Oct-19,03:00:00,0,7.963,5.737
15-Oct-19,04:00:00,0,7.908,5.623
15-Oct-19,05:00:00,0,7.871,5.444
15-Oct-19,06:00:00,0,7.768,4.941
15-Oct-19,07:00:00,0,7.646,4.444
15-Oct-19,08:00:00,0.005,7.838,4.074
15-Oct-19,09:00:00,0.057,8.799,3.509
15-Oct-19,10:00:00,0.222,9.549,3.205
15-Oct-19,11:00:00,0.441,10.436,3.055
15-Oct-19,12:00:00,0.575,11.326,3.262
15-Oct-19,13:00:00,0.465,11.784,3.879
15-Oct-19,14:00:00,0.338,11.982,4.41
15-Oct-19,15:00:00,0.29,12.086,4.682
15-Oct-19,16:00:00,0.198,11.943,4.809
15-Oct-19,17:00:00,0.069,11.206,5.017
15-Oct-19,18:00:00,0.002,9.708,5.614
15-Oct-19,19:00:00,0,9.293,6.254
15-Oct-19,20:00:00,0,9.316,6.834
15-Oct-19,21:00:00,0,9.63,7.201
15-Oct-19,22:00:00,0,9.937,7.306
15-Oct-19,23:00:00,0,10.108,7.453
16-Oct-19,00:00:00,0,10.035,7.709
16-Oct-19,01:00:00,0,9.81,8.044
16-Oct-19,02:00:00,0,9.493,8.282
16-Oct-19,03:00:00,0,9.195,8.49
16-Oct-19,04:00:00,0,9.069,8.867
16-Oct-19,05:00:00,0,9.17,9.028
16-Oct-19,06:00:00,0,9.504,8.871
16-Oct-19,07:00:00,0,9.906,8.205
16-Oct-19,08:00:00,0.001,10.264,7.23
16-Oct-19,09:00:00,0.006,10.764,6.899
16-Oct-19,10:00:00,0.034,11.169,7.73
16-Oct-19,11:00:00,0.101,11.236,8.778
16-Oct-19,12:00:00,0.377,11.249,9.025
16-Oct-19,13:00:00,0.655,11.44,8.646
16-Oct-19,14:00:00,0.652,11.578,8.217
16-Oct-19,15:00:00,0.524,11.507,7.754
16-Oct-19,16:00:00,0.336,11.181,7.141
16-Oct-19,17:00:00,0.128,10.222,6.721
16-Oct-19,18:00:00,0.003,8.483,6.646
16-Oct-19,19:00:00,0,7.928,6.658
16-Oct-19,20:00:00,0,7.75,6.861
16-Oct-19,21:00:00,0,7.745,7.139
16-Oct-19,22:00:00,0,7.856,7.243
16-Oct-19,23:00:00,0,7.759,7.154
17-Oct-19,00:00:00,0,7.511,7.099
17-Oct-19,01:00:00,0,7.319,7.146
17-Oct-19,02:00:00,0,7.237,7.247
17-Oct-19,03:00:00,0,7.214,7.338
17-Oct-19,04:00:00,0,7.29,7.578
17-Oct-19,05:00:00,0,7.475,7.895
17-Oct-19,06:00:00,0,7.803,8.129
17-Oct-19,07:00:00,0,8.197,8.302
17-Oct-19,08:00:00,0.004,8.643,8.335
17-Oct-19,09:00:00,0.019,9.074,7.942
17-Oct-19,10:00:00,0.07,9.494,7.953
17-Oct-19,11:00:00,0.177,10.142,8.417
17-Oct-19,12:00:00,0.291,10.84,8.769
17-Oct-19,13:00:00,0.263,11.365,8.966
17-Oct-19,14:00:00,0.14,11.542,9.128
17-Oct-19,15:00:00,0.057,11.404,9.167
17-Oct-19,16:00:00,0.014,11.019,9.243
17-Oct-19,17:00:00,0.003,10.574,9.494
17-Oct-19,18:00:00,0,10.238,9.605
17-Oct-19,19:00:00,0,10.077,9.043
17-Oct-19,20:00:00,0,10.077,8.65
17-Oct-19,21:00:00,0,10.232,8.561
17-Oct-19,22:00:00,0,10.287,8.302
17-Oct-19,23:00:00,0,9.864,7.818
18-Oct-19,00:00:00,0,9.17,7.359
18-Oct-19,01:00:00,0,8.7,6.884
18-Oct-19,02:00:00,0,8.368,6.246
18-Oct-19,03:00:00,0,8.05,5.58
18-Oct-19,04:00:00,0,7.916,5.227
18-Oct-19,05:00:00,0,7.884,5.198
18-Oct-19,06:00:00,0,7.825,4.947
18-Oct-19,07:00:00,0,7.811,4.527
18-Oct-19,08:00:00,0.001,7.968,4.143
18-Oct-19,09:00:00,0.006,8.53,3.948
18-Oct-19,10:00:00,0.017,9.227,3.917
18-Oct-19,11:00:00,0.032,9.619,3.917
18-Oct-19,12:00:00,0.038,9.932,4.004
18-Oct-19,13:00:00,0.039,10.212,4.033
18-Oct-19,14:00:00,0.054,10.511,3.93
18-Oct-19,15:00:00,0.043,10.622,3.811
18-Oct-19,16:00:00,0.021,10.444,3.781
18-Oct-19,17:00:00,0.007,9.812,3.812
18-Oct-19,18:00:00,0,9.122,3.825
18-Oct-19,19:00:00,0,8.784,3.832
18-Oct-19,20:00:00,0,8.41,3.879
18-Oct-19,21:00:00,0,8.003,4.059
18-Oct-19,22:00:00,0,7.708,4.348
18-Oct-19,23:00:00,0,7.396,4.8
19-Oct-19,00:00:00,0,7.101,5.259
19-Oct-19,01:00:00,0,6.819,5.587
19-Oct-19,02:00:00,0,6.649,5.807
19-Oct-19,03:00:00,0,6.491,5.896
19-Oct-19,04:00:00,0,6.367,5.94
19-Oct-19,05:00:00,0,6.224,5.888
19-Oct-19,06:00:00,0,6.124,5.754
19-Oct-19,07:00:00,0,6.113,5.641
19-Oct-19,08:00:00,0.002,6.3,5.664
19-Oct-19,09:00:00,0.011,6.994,5.925
19-Oct-19,10:00:00,0.023,7.734,6.199
19-Oct-19,11:00:00,0.019,8.307,6.823
19-Oct-19,12:00:00,0.014,8.668,7.571
19-Oct-19,13:00:00,0.009,8.806,7.962
19-Oct-19,14:00:00,0.006,8.795,8.062
19-Oct-19,15:00:00,0.004,8.781,8.161
19-Oct-19,16:00:00,0.004,8.831,8.394
19-Oct-19,17:00:00,0.005,8.802,8.553
19-Oct-19,18:00:00,0,8.463,8.532
19-Oct-19,19:00:00,0,8.158,8.261
19-Oct-19,20:00:00,0,7.86,7.917
19-Oct-19,21:00:00,0,7.482,7.733
19-Oct-19,22:00:00,0,7.031,7.747
19-Oct-19,23:00:00,0,6.717,7.797
20-Oct-19,00:00:00,0,6.454,7.972
20-Oct-19,01:00:00,0,6.309,7.916
20-Oct-19,02:00:00,0,6.156,7.922
20-Oct-19,03:00:00,0,6.045,7.931
20-Oct-19,04:00:00,0,5.95,8.098
20-Oct-19,05:00:00,0,5.658,8
20-Oct-19,06:00:00,0,5.484,8.004
20-Oct-19,07:00:00,0,5.262,7.969
20-Oct-19,08:00:00,0.013,5.291,7.923
20-Oct-19,09:00:00,0.101,6.033,7.748
20-Oct-19,10:00:00,0.266,6.974,7.692
20-Oct-19,11:00:00,0.392,7.965,8.517
20-Oct-19,12:00:00,0.495,8.795,8.831
20-Oct-19,13:00:00,0.407,9.371,8.704
20-Oct-19,14:00:00,0.308,9.661,8.365
20-Oct-19,15:00:00,0.216,9.717,8.012
20-Oct-19,16:00:00,0.118,9.46,7.774
20-Oct-19,17:00:00,0.047,8.687,7.939
20-Oct-19,18:00:00,0,7.547,8.177
20-Oct-19,19:00:00,0,7.053,8.28
20-Oct-19,20:00:00,0,6.624,8.147
20-Oct-19,21:00:00,0,6.072,7.783
20-Oct-19,22:00:00,0,5.634,7.575
20-Oct-19,23:00:00,0,5.381,7.496
21-Oct-19,00:00:00,0,5.43,7.669
21-Oct-19,01:00:00,0,5.589,7.657
21-Oct-19,02:00:00,0,5.508,7.303
21-Oct-19,03:00:00,0,5.38,6.907
21-Oct-19,04:00:00,0,5.346,6.617
21-Oct-19,05:00:00,0,5.299,6.206
21-Oct-19,06:00:00,0,5.264,6.079
21-Oct-19,07:00:00,0,5.145,6.116
21-Oct-19,08:00:00,0.009,5.183,6.004
21-Oct-19,09:00:00,0.075,5.865,5.533
21-Oct-19,10:00:00,0.345,6.854,4.858
21-Oct-19,11:00:00,0.54,8.087,4.057
21-Oct-19,12:00:00,0.622,9.237,2.868
21-Oct-19,13:00:00,0.619,9.768,2.929
21-Oct-19,14:00:00,0.585,9.899,3.758
21-Oct-19,15:00:00,0.506,9.817,4.19
21-Oct-19,16:00:00,0.334,9.415,4.254
21-Oct-19,17:00:00,0.121,8.132,4.332
21-Oct-19,18:00:00,0,6.652,4.666
21-Oct-19,19:00:00,0,6.219,5.115
21-Oct-19,20:00:00,0,5.954,5.556
21-Oct-19,21:00:00,0,5.894,6.007
21-Oct-19,22:00:00,0,5.955,6.418
21-Oct-19,23:00:00,0,6.03,6.793
22-Oct-19,00:00:00,0,6.17,7.202
22-Oct-19,01:00:00,0,6.317,7.662
22-Oct-19,02:00:00,0,6.446,8.075
22-Oct-19,03:00:00,0,6.613,8.337
22-Oct-19,04:00:00,0,6.795,8.319
22-Oct-19,05:00:00,0,6.894,8.243
22-Oct-19,06:00:00,0,7.066,8.193
22-Oct-19,07:00:00,0,7.205,8.139
22-Oct-19,08:00:00,0.002,7.504,8.052
22-Oct-19,09:00:00,0.011,8.256,7.808
22-Oct-19,10:00:00,0.029,8.986,7.62
22-Oct-19,11:00:00,0.071,9.611,8.121
22-Oct-19,12:00:00,0.16,10.047,8.362
22-Oct-19,13:00:00,0.2,10.25,8.419
22-Oct-19,14:00:00,0.128,10.206,8.501
22-Oct-19,15:00:00,0.098,10.085,8.565
22-Oct-19,16:00:00,0.051,9.85,8.564
22-Oct-19,17:00:00,0.016,9.42,8.565
22-Oct-19,18:00:00,0,8.992,8.318
22-Oct-19,19:00:00,0,9.04,8.455
22-Oct-19,20:00:00,0,9.076,8.466
22-Oct-19,21:00:00,0,9.121,8.502
22-Oct-19,22:00:00,0,9.202,8.528
22-Oct-19,23:00:00,0,9.324,8.829
23-Oct-19,00:00:00,0,9.258,8.834
23-Oct-19,01:00:00,0,9.297,8.792
23-Oct-19,02:00:00,0,9.287,8.769
23-Oct-19,03:00:00,0,9.225,8.644
23-Oct-19,04:00:00,0,9.203,8.513
23-Oct-19,05:00:00,0,9.37,8.603
23-Oct-19,06:00:00,0,9.577,8.771
23-Oct-19,07:00:00,0,9.715,8.956
23-Oct-19,08:00:00,0.002,9.853,9.046
23-Oct-19,09:00:00,0.008,10.251,9.105
23-Oct-19,10:00:00,0.021,10.614,9.178
23-Oct-19,11:00:00,0.052,10.792,9.305
23-Oct-19,12:00:00,0.15,10.949,9.644
23-Oct-19,13:00:00,0.242,11.113,9.923
23-Oct-19,14:00:00,0.272,11.172,9.998
23-Oct-19,15:00:00,0.248,11.064,9.96
23-Oct-19,16:00:00,0.115,10.7,9.827
23-Oct-19,17:00:00,0.018,10.149,9.79
23-Oct-19,18:00:00,0,9.873,9.856
23-Oct-19,19:00:00,0,9.901,9.621
23-Oct-19,20:00:00,0,9.922,9.555
23-Oct-19,21:00:00,0,9.827,9.303
23-Oct-19,22:00:00,0,9.735,9.197
23-Oct-19,23:00:00,0,9.688,8.926
24-Oct-19,00:00:00,0,9.723,8.537
24-Oct-19,01:00:00,0,9.846,8.508
24-Oct-19,02:00:00,0,9.878,8.282
24-Oct-19,03:00:00,0,9.837,7.93
24-Oct-19,04:00:00,0,9.868,7.459
24-Oct-19,05:00:00,0,9.878,7.063
24-Oct-19,06:00:00,0,10.016,7.201
24-Oct-19,07:00:00,0,10.11,6.989
24-Oct-19,08:00:00,0.002,9.995,6.95
24-Oct-19,09:00:00,0.01,10.374,6.608
24-Oct-19,10:00:00,0.015,10.708,6.182
24-Oct-19,11:00:00,0.062,11.062,6.159
24-Oct-19,12:00:00,0.239,11.396,6.496
24-Oct-19,13:00:00,0.164,11.449,6.809
24-Oct-19,14:00:00,0.098,11.275,6.965
24-Oct-19,15:00:00,0.083,11.035,7.072
24-Oct-19,16:00:00,0.072,10.677,7.13
24-Oct-19,17:00:00,0.018,9.976,7.319
24-Oct-19,18:00:00,0,9.442,7.253
24-Oct-19,19:00:00,0,9.18,6.888
24-Oct-19,20:00:00,0,8.547,6.866
24-Oct-19,21:00:00,0,7.754,6.616
24-Oct-19,22:00:00,0,7.063,6.387
24-Oct-19,23:00:00,0,6.191,6.082
25-Oct-19,00:00:00,0,5.421,5.996
25-Oct-19,01:00:00,0,4.824,5.949
25-Oct-19,02:00:00,0,4.383,5.946
25-Oct-19,03:00:00,0,4.052,5.871
25-Oct-19,04:00:00,0,3.842,5.656
25-Oct-19,05:00:00,0,3.98,5.353
25-Oct-19,06:00:00,0,4.278,5.216
25-Oct-19,07:00:00,0,4.482,5.213
25-Oct-19,08:00:00,0.001,4.678,5.208
25-Oct-19,09:00:00,0.003,5.485,5.425
25-Oct-19,10:00:00,0.004,6.466,5.461
25-Oct-19,11:00:00,0.004,7.111,5.106
25-Oct-19,12:00:00,0.004,7.399,4.614
25-Oct-19,13:00:00,0.004,7.353,4.096
25-Oct-19,14:00:00,0.003,7.009,3.731
25-Oct-19,15:00:00,0.002,6.623,3.928
25-Oct-19,16:00:00,0.001,6.243,4.734
25-Oct-19,17:00:00,0,5.832,5.618
25-Oct-19,18:00:00,0,5.383,6.355
25-Oct-19,19:00:00,0,4.918,6.915
25-Oct-19,20:00:00,0,4.41,7.122
25-Oct-19,21:00:00,0,4.103,6.633
25-Oct-19,22:00:00,0,4.044,5.759
25-Oct-19,23:00:00,0,4.065,5.006
26-Oct-19,00:00:00,0,4.213,4.803
26-Oct-19,01:00:00,0,4.42,4.823
26-Oct-19,02:00:00,0,4.613,5.166
26-Oct-19,03:00:00,0,4.694,5.294
26-Oct-19,04:00:00,0,4.747,5.42
26-Oct-19,05:00:00,0,4.785,5.411
26-Oct-19,06:00:00,0,4.733,5.228
26-Oct-19,07:00:00,0,4.685,5.291
26-Oct-19,08:00:00,0,4.736,5.323
26-Oct-19,09:00:00,0.001,5.031,5.216
26-Oct-19,10:00:00,0.005,5.715,5.323
26-Oct-19,11:00:00,0.044,6.586,5.521
26-Oct-19,12:00:00,0.177,7.165,6.102
26-Oct-19,13:00:00,0.468,7.587,6.942
26-Oct-19,14:00:00,0.489,7.732,7.652
26-Oct-19,15:00:00,0.396,7.585,8.336
26-Oct-19,16:00:00,0.236,7.028,8.724
26-Oct-19,17:00:00,0.062,6.059,8.977
26-Oct-19,18:00:00,0,5.311,9.218
26-Oct-19,19:00:00,0,5.226,9.458
26-Oct-19,20:00:00,0,5.244,9.94
26-Oct-19,21:00:00,0,5.241,10.394
26-Oct-19,22:00:00,0,5.257,10.65
26-Oct-19,23:00:00,0,5.348,10.751
27-Oct-19,00:00:00,0,5.485,10.531
27-Oct-19,01:00:00,0,5.744,10.263
27-Oct-19,01:00:00,0,6.107,10.257
27-Oct-19,02:00:00,0,6.373,10.435
27-Oct-19,03:00:00,0,6.494,10.44
27-Oct-19,04:00:00,0,6.533,10.255
27-Oct-19,05:00:00,0,6.43,9.787
27-Oct-19,06:00:00,0,6.332,9.553
27-Oct-19,07:00:00,0.009,6.324,9.397
27-Oct-19,08:00:00,0.117,7.006,9.064
27-Oct-19,09:00:00,0.3,7.822,8.896
27-Oct-19,10:00:00,0.47,8.482,9.488
27-Oct-19,11:00:00,0.561,8.897,9.502
27-Oct-19,12:00:00,0.575,9.222,9.318
27-Oct-19,13:00:00,0.529,9.404,9.023
27-Oct-19,14:00:00,0.417,9.312,8.634
27-Oct-19,15:00:00,0.234,8.848,8.156
27-Oct-19,16:00:00,0.059,7.646,7.812
27-Oct-19,17:00:00,0,6.264,7.665
27-Oct-19,18:00:00,0,5.75,7.502
27-Oct-19,19:00:00,0,5.311,7.385
27-Oct-19,20:00:00,0,4.876,7.226
27-Oct-19,21:00:00,0,4.467,7.067
27-Oct-19,22:00:00,0,4.093,6.865
27-Oct-19,23:00:00,0,3.722,6.572
28-Oct-19,00:00:00,0,3.316,6.286
28-Oct-19,01:00:00,0,2.973,5.875
28-Oct-19,02:00:00,0,2.852,5.602
28-Oct-19,03:00:00,0,2.989,5.383
28-Oct-19,04:00:00,0,2.953,5.189
28-Oct-19,05:00:00,0,2.698,5.057
28-Oct-19,06:00:00,0,2.484,5.027
28-Oct-19,07:00:00,0.002,2.371,5.083
28-Oct-19,08:00:00,0.022,2.721,5.14
28-Oct-19,09:00:00,0.066,3.382,5.143
28-Oct-19,10:00:00,0.189,4.414,5.353
28-Oct-19,11:00:00,0.604,5.882,5.685
28-Oct-19,12:00:00,0.667,6.925,5.696
28-Oct-19,13:00:00,0.611,7.397,5.608
28-Oct-19,14:00:00,0.482,7.478,5.549
28-Oct-19,15:00:00,0.289,7,5.644
28-Oct-19,16:00:00,0.078,5.273,5.963
28-Oct-19,17:00:00,0,3.951,6.271
28-Oct-19,18:00:00,0,3.545,6.522
28-Oct-19,19:00:00,0,3.21,6.671
28-Oct-19,20:00:00,0,2.944,6.775
28-Oct-19,21:00:00,0,2.782,6.8
28-Oct-19,22:00:00,0,2.742,6.856
28-Oct-19,23:00:00,0,2.855,6.995
29-Oct-19,00:00:00,0,3.029,7.162
29-Oct-19,01:00:00,0,3.286,7.265
29-Oct-19,02:00:00,0,3.575,7.296
29-Oct-19,03:00:00,0,3.799,7.288
29-Oct-19,04:00:00,0,3.922,7.389
29-Oct-19,05:00:00,0,3.716,7.462
29-Oct-19,06:00:00,0,3.708,7.541
29-Oct-19,07:00:00,0.005,3.803,7.599
29-Oct-19,08:00:00,0.08,4.841,7.444
29-Oct-19,09:00:00,0.253,6.034,7.047
29-Oct-19,10:00:00,0.43,7.141,7.004
29-Oct-19,11:00:00,0.547,7.994,7.615
29-Oct-19,12:00:00,0.581,8.423,7.735
29-Oct-19,13:00:00,0.538,8.601,7.625
29-Oct-19,14:00:00,0.426,8.499,7.442
29-Oct-19,15:00:00,0.23,7.949,7.006
29-Oct-19,16:00:00,0.059,6.377,7.198
29-Oct-19,17:00:00,0,5.032,7.605
29-Oct-19,18:00:00,0,4.598,7.8
29-Oct-19,19:00:00,0,4.311,7.828
29-Oct-19,20:00:00,0,4.061,7.784
29-Oct-19,21:00:00,0,3.833,7.75
29-Oct-19,22:00:00,0,3.592,7.701
29-Oct-19,23:00:00,0,3.301,7.589
30-Oct-19,00:00:00,0,3.228,7.494
30-Oct-19,01:00:00,0,3.475,7.411
30-Oct-19,02:00:00,0,3.585,7.309
30-Oct-19,03:00:00,0,3.638,7.288
30-Oct-19,04:00:00,0,3.707,7.277
30-Oct-19,05:00:00,0,3.86,7.259
30-Oct-19,06:00:00,0,3.807,7.278
30-Oct-19,07:00:00,0.001,3.881,7.439
30-Oct-19,08:00:00,0.017,4.521,7.451
30-Oct-19,09:00:00,0.059,5.427,7.345
30-Oct-19,10:00:00,0.236,6.739,7.751
30-Oct-19,11:00:00,0.5,8,8.088
30-Oct-19,12:00:00,0.583,8.732,8.095
30-Oct-19,13:00:00,0.542,9.063,8.07
30-Oct-19,14:00:00,0.418,9.032,7.842
30-Oct-19,15:00:00,0.246,8.474,7.796
30-Oct-19,16:00:00,0.053,6.98,8.13
30-Oct-19,17:00:00,0,5.871,8.559
30-Oct-19,18:00:00,0,5.483,8.723
30-Oct-19,19:00:00,0,4.973,8.634
30-Oct-19,20:00:00,0,4.603,8.611
30-Oct-19,21:00:00,0,4.254,8.531
30-Oct-19,22:00:00,0,3.979,8.365
30-Oct-19,23:00:00,0,3.735,8.201
31-Oct-19,00:00:00,0,3.243,8.003
31-Oct-19,01:00:00,0,2.88,7.867
31-Oct-19,02:00:00,0,2.748,7.891
31-Oct-19,03:00:00,0,2.71,7.992
31-Oct-19,04:00:00,0,2.688,8.073
31-Oct-19,05:00:00,0,2.631,8.106
31-Oct-19,06:00:00,0,2.57,8.122
31-Oct-19,07:00:00,0.007,2.585,8.19
31-Oct-19,08:00:00,0.137,3.996,8.098
31-Oct-19,09:00:00,0.34,5.637,7.623
31-Oct-19,10:00:00,0.528,6.865,7.633
31-Oct-19,11:00:00,0.617,7.804,8.422
31-Oct-19,12:00:00,0.616,8.358,8.295
31-Oct-19,13:00:00,0.556,8.707,8.028
31-Oct-19,14:00:00,0.346,8.766,7.718
31-Oct-19,15:00:00,0.162,8.252,7.603
31-Oct-19,16:00:00,0.016,6.946,7.472
31-Oct-19,17:00:00,0,6.563,8.194
31-Oct-19,18:00:00,0,6.464,8.236
31-Oct-19,19:00:00,0,6.515,7.922
31-Oct-19,20:00:00,0,6.561,8.007
31-Oct-19,21:00:00,0,6.542,7.929
31-Oct-19,22:00:00,0,6.578,7.748
31-Oct-19,23:00:00,0,6.636,7.721
01-Nov-19,00:00:00,0,6.725,7.915
01-Nov-19,01:00:00,0,6.831,8.176
01-Nov-19,02:00:00,0,6.948,8.415
01-Nov-19,03:00:00,0,7.049,8.632
01-Nov-19,04:00:00,0,7.104,8.673
01-Nov-19,05:00:00,0,7.106,8.774
01-Nov-19,06:00:00,0,7.145,8.73
01-Nov-19,07:00:00,0,7.332,8.71
01-Nov-19,08:00:00,0,8.095,9.241
01-Nov-19,09:00:00,0.001,8.745,8.836
01-Nov-19,10:00:00,0.002,9.356,8.032
01-Nov-19,11:00:00,0.003,10.059,7.498
01-Nov-19,12:00:00,0.003,10.752,7.336
01-Nov-19,13:00:00,0.002,11.27,7.345
01-Nov-19,14:00:00,0.002,11.544,7.603
01-Nov-19,15:00:00,0.001,11.646,7.734
01-Nov-19,16:00:00,0.001,11.476,7.548
01-Nov-19,17:00:00,0,11.19,7.373
01-Nov-19,18:00:00,0,10.945,7.341
01-Nov-19,19:00:00,0,10.955,7.677
01-Nov-19,20:00:00,0,11.052,8.137
01-Nov-19,21:00:00,0,11.121,8.54
01-Nov-19,22:00:00,0,11.199,8.803
01-Nov-19,23:00:00,0,11.187,8.46
02-Nov-19,00:00:00,0,11.207,8.666
02-Nov-19,01:00:00,0,10.938,9.625
02-Nov-19,02:00:00,0,10.193,9.542
02-Nov-19,03:00:00,0,9.582,8.996
02-Nov-19,04:00:00,0,9.238,8.272
02-Nov-19,05:00:00,0,9.054,7.735
02-Nov-19,06:00:00,0,8.854,7.221
02-Nov-19,07:00:00,0,8.638,7.016
02-Nov-19,08:00:00,0.006,8.861,6.747
02-Nov-19,09:00:00,0.026,9.097,6.336
02-Nov-19,10:00:00,0.074,9.215,5.646
02-Nov-19,11:00:00,0.125,9.468,4.844
02-Nov-19,12:00:00,0.157,9.716,4.031
02-Nov-19,13:00:00,0.203,9.908,3.547
02-Nov-19,14:00:00,0.146,9.912,3.559
02-Nov-19,15:00:00,0.045,9.528,3.63
02-Nov-19,16:00:00,0.009,8.378,3.789
02-Nov-19,17:00:00,0,7.821,3.978
02-Nov-19,18:00:00,0,7.566,4.098
02-Nov-19,19:00:00,0,7.349,4.201
02-Nov-19,20:00:00,0,7.132,4.386
02-Nov-19,21:00:00,0,6.958,4.719
02-Nov-19,22:00:00,0,6.63,5.077
02-Nov-19,23:00:00,0,6.355,5.279
03-Nov-19,00:00:00,0,6.181,5.454
03-Nov-19,01:00:00,0,6.323,5.817
03-Nov-19,02:00:00,0,6.414,6.174
03-Nov-19,03:00:00,0,6.374,6.403
03-Nov-19,04:00:00,0,6.433,6.833
03-Nov-19,05:00:00,0,6.469,7.122
03-Nov-19,06:00:00,0,6.494,7.151
03-Nov-19,07:00:00,0,6.678,7.165
03-Nov-19,08:00:00,0.004,7.094,6.84
03-Nov-19,09:00:00,0.017,7.812,6.408
03-Nov-19,10:00:00,0.063,8.597,6.001
03-Nov-19,11:00:00,0.13,9.224,5.555
03-Nov-19,12:00:00,0.21,9.643,5.023
03-Nov-19,13:00:00,0.202,9.878,4.649
03-Nov-19,14:00:00,0.113,9.864,4.39
03-Nov-19,15:00:00,0.033,9.497,4.078
03-Nov-19,16:00:00,0.005,8.593,3.754
03-Nov-19,17:00:00,0,8.342,3.334
03-Nov-19,18:00:00,0,8.253,3.556
03-Nov-19,19:00:00,0,8.123,3.943
03-Nov-19,20:00:00,0,7.973,4.291
03-Nov-19,21:00:00,0,7.826,4.446
03-Nov-19,22:00:00,0,7.631,4.569
03-Nov-19,23:00:00,0,7.465,4.726
04-Nov-19,00:00:00,0,7.298,4.9
04-Nov-19,01:00:00,0,7.098,5.2
04-Nov-19,02:00:00,0,6.884,5.606
04-Nov-19,03:00:00,0,6.804,6.077
04-Nov-19,04:00:00,0,6.822,6.376
04-Nov-19,05:00:00,0,6.755,6.54
04-Nov-19,06:00:00,0,6.716,6.734
04-Nov-19,07:00:00,0,6.68,6.81
04-Nov-19,08:00:00,0.004,6.977,6.849
04-Nov-19,09:00:00,0.013,7.57,6.759
04-Nov-19,10:00:00,0.024,8.18,6.727
04-Nov-19,11:00:00,0.046,8.847,7.139
04-Nov-19,12:00:00,0.064,9.332,7.307
04-Nov-19,13:00:00,0.045,9.567,7.215
04-Nov-19,14:00:00,0.037,9.57,7.195
04-Nov-19,15:00:00,0.017,9.205,7.451
04-Nov-19,16:00:00,0.002,8.647,7.761
04-Nov-19,17:00:00,0,8.412,8.259
04-Nov-19,18:00:00,0,8.314,8.693
04-Nov-19,19:00:00,0,8.236,9.301
04-Nov-19,20:00:00,0,8.1,9.732
04-Nov-19,21:00:00,0,7.879,10.858
04-Nov-19,22:00:00,0,7.621,11.386
04-Nov-19,23:00:00,0,7.4,11.801
05-Nov-19,00:00:00,0,7.274,12.049
05-Nov-19,01:00:00,0,7.205,12.202
05-Nov-19,02:00:00,0,7.109,12.18
05-Nov-19,03:00:00,0,7.017,11.72
05-Nov-19,04:00:00,0,6.976,11.199
05-Nov-19,05:00:00,0,6.976,10.687
05-Nov-19,06:00:00,0,7.02,10.329
05-Nov-19,07:00:00,0,7.047,9.928
05-Nov-19,08:00:00,0.008,7.228,9.589
05-Nov-19,09:00:00,0.028,7.57,9.241
05-Nov-19,10:00:00,0.069,7.973,8.915
05-Nov-19,11:00:00,0.175,8.406,8.876
05-Nov-19,12:00:00,0.325,8.767,8.396
05-Nov-19,13:00:00,0.276,8.85,7.685
05-Nov-19,14:00:00,0.181,8.677,6.936
05-Nov-19,15:00:00,0.062,8.158,6.436
05-Nov-19,16:00:00,0.005,7.189,6.382
05-Nov-19,17:00:00,0,6.393,6.258
05-Nov-19,18:00:00,0,5.652,5.87
05-Nov-19,19:00:00,0,4.85,5.385
05-Nov-19,20:00:00,0,4.212,4.917
05-Nov-19,21:00:00,0,3.801,4.554
05-Nov-19,22:00:00,0,3.467,4.28
05-Nov-19,23:00:00,0,3.24,3.997
06-Nov-19,00:00:00,0,3.022,3.768
06-Nov-19,01:00:00,0,2.841,3.676
06-Nov-19,02:00:00,0,2.836,3.464
06-Nov-19,03:00:00,0,3.03,3.149
06-Nov-19,04:00:00,0,3.162,3.185
06-Nov-19,05:00:00,0,3.111,3.796
06-Nov-19,06:00:00,0,3.024,4.255
06-Nov-19,07:00:00,0,2.983,4.358
06-Nov-19,08:00:00,0.002,3.147,4.605
06-Nov-19,09:00:00,0.003,3.58,4.838
06-Nov-19,10:00:00,0.004,4.133,5.01
06-Nov-19,11:00:00,0.003,4.558,5.176
06-Nov-19,12:00:00,0.003,4.827,5.288
06-Nov-19,13:00:00,0.002,4.825,5.236
06-Nov-19,14:00:00,0.001,4.655,5.123
06-Nov-19,15:00:00,0.001,4.402,5.217
06-Nov-19,16:00:00,0,4.262,5.401
06-Nov-19,17:00:00,0,4.272,5.504
06-Nov-19,18:00:00,0,4.411,5.576
06-Nov-19,19:00:00,0,4.58,5.626
06-Nov-19,20:00:00,0,4.657,5.693
06-Nov-19,21:00:00,0,4.615,5.818
06-Nov-19,22:00:00,0,4.475,5.963
06-Nov-19,23:00:00,0,4.323,6.191
07-Nov-19,00:00:00,0,4.228,6.59
07-Nov-19,01:00:00,0,4.38,6.988
07-Nov-19,02:00:00,0,4.419,7.169
07-Nov-19,03:00:00,0,4.581,7.432
07-Nov-19,04:00:00,0,4.867,7.82
07-Nov-19,05:00:00,0,5.096,8.252
07-Nov-19,06:00:00,0,5.227,8.396
07-Nov-19,07:00:00,0,5.309,8.644
07-Nov-19,08:00:00,0.001,5.42,8.98
07-Nov-19,09:00:00,0.001,5.662,9.226
07-Nov-19,10:00:00,0.002,6.043,9.739
07-Nov-19,11:00:00,0.003,6.466,10.354
07-Nov-19,12:00:00,0.003,6.765,11.036
07-Nov-19,13:00:00,0.003,6.832,11.491
07-Nov-19,14:00:00,0.003,6.759,12.015
07-Nov-19,15:00:00,0.002,6.617,12.444
07-Nov-19,16:00:00,0,6.408,12.66
07-Nov-19,17:00:00,0,6.278,12.697
07-Nov-19,18:00:00,0,6.235,12.689
07-Nov-19,19:00:00,0,6.213,12.589
07-Nov-19,20:00:00,0,6.127,12.352
07-Nov-19,21:00:00,0,5.861,12.139
07-Nov-19,22:00:00,0,5.443,11.74
07-Nov-19,23:00:00,0,5.001,11.297
08-Nov-19,00:00:00,0,4.623,11.04
08-Nov-19,01:00:00,0,4.285,10.613
08-Nov-19,02:00:00,0,3.853,10.07
08-Nov-19,03:00:00,0,3.564,9.844
08-Nov-19,04:00:00,0,3.22,9.309
08-Nov-19,05:00:00,0,3.011,8.956
08-Nov-19,06:00:00,0,2.784,8.439
08-Nov-19,07:00:00,0,2.635,8.078
08-Nov-19,08:00:00,0.024,2.778,7.821
08-Nov-19,09:00:00,0.158,3.319,7.558
08-Nov-19,10:00:00,0.312,4.069,7.387
08-Nov-19,11:00:00,0.455,4.825,7.172
08-Nov-19,12:00:00,0.491,5.379,6.8
08-Nov-19,13:00:00,0.416,5.653,6.414
08-Nov-19,14:00:00,0.277,5.624,5.987
08-Nov-19,15:00:00,0.141,5.031,5.797
08-Nov-19,16:00:00,0.012,3.473,5.818
08-Nov-19,17:00:00,0,2.718,5.413
08-Nov-19,18:00:00,0,2.379,4.723
08-Nov-19,19:00:00,0,2.292,4.077
08-Nov-19,20:00:00,0,2.227,3.749
08-Nov-19,21:00:00,0,2.006,3.791
08-Nov-19,22:00:00,0,1.859,3.93
08-Nov-19,23:00:00,0,1.857,4.069
09-Nov-19,00:00:00,0,1.784,4.38
09-Nov-19,01:00:00,0,1.761,4.875
09-Nov-19,02:00:00,0,1.897,5.427
09-Nov-19,03:00:00,0,2.119,6.164
09-Nov-19,04:00:00,0,2.139,6.974
09-Nov-19,05:00:00,0,2.237,7.619
09-Nov-19,06:00:00,0,2.355,7.951
09-Nov-19,07:00:00,0,2.275,8.161
09-Nov-19,08:00:00,0.011,2.48,8.452
09-Nov-19,09:00:00,0.033,3.122,8.302
09-Nov-19,10:00:00,0.049,3.868,8.049
09-Nov-19,11:00:00,0.038,4.522,8.211
09-Nov-19,12:00:00,0.021,4.945,8.651
09-Nov-19,13:00:00,0.017,5.121,8.809
09-Nov-19,14:00:00,0.018,5.072,8.757
09-Nov-19,15:00:00,0.007,4.598,8.506
09-Nov-19,16:00:00,0,3.924,8.115
09-Nov-19,17:00:00,0,3.543,7.935
09-Nov-19,18:00:00,0,3.289,7.681
09-Nov-19,19:00:00,0,3.066,7.543
09-Nov-19,20:00:00,0,2.945,7.518
09-Nov-19,21:00:00,0,2.886,7.592
09-Nov-19,22:00:00,0,2.847,7.656
09-Nov-19,23:00:00,0,2.745,7.719
10-Nov-19,00:00:00,0,2.404,7.783
10-Nov-19,01:00:00,0,1.859,7.854
10-Nov-19,02:00:00,0,1.435,7.865
10-Nov-19,03:00:00,0,1.215,7.753
10-Nov-19,04:00:00,0,1.004,7.632
10-Nov-19,05:00:00,0,0.687,7.415
10-Nov-19,06:00:00,0,0.484,7.289
10-Nov-19,07:00:00,0,0.324,7.121
10-Nov-19,08:00:00,0.074,0.885,6.779
10-Nov-19,09:00:00,0.287,2.441,6.243
10-Nov-19,10:00:00,0.475,3.503,5.485
10-Nov-19,11:00:00,0.586,4.599,4.656
10-Nov-19,12:00:00,0.608,5.439,3.742
10-Nov-19,13:00:00,0.549,5.829,3.936
10-Nov-19,14:00:00,0.352,5.707,4.387
10-Nov-19,15:00:00,0.023,4.432,5.895
10-Nov-19,16:00:00,0.001,3.578,6.878
10-Nov-19,17:00:00,0,3.587,7.369
10-Nov-19,18:00:00,0,4.039,7.984
10-Nov-19,19:00:00,0,4.341,8.151
10-Nov-19,20:00:00,0,4.45,8.251
10-Nov-19,21:00:00,0,4.417,8.822
10-Nov-19,22:00:00,0,4.233,9.186
10-Nov-19,23:00:00,0,3.915,9.666
11-Nov-19,00:00:00,0,3.762,9.786
11-Nov-19,01:00:00,0,3.919,8.91
11-Nov-19,02:00:00,0,4.576,8.153
11-Nov-19,03:00:00,0,5.554,9.04
11-Nov-19,04:00:00,0,6.252,9.743
11-Nov-19,05:00:00,0,6.477,10.941
11-Nov-19,06:00:00,0,6.299,11.76
11-Nov-19,07:00:00,0,5.967,12.237
11-Nov-19,08:00:00,0.001,5.868,11.965
11-Nov-19,09:00:00,0.004,5.98,11.661
11-Nov-19,10:00:00,0.01,6.091,11.598
11-Nov-19,11:00:00,0.022,6.172,11.728
11-Nov-19,12:00:00,0.028,6.265,11.897
11-Nov-19,13:00:00,0.027,6.369,12.012
11-Nov-19,14:00:00,0.015,6.341,12.13
11-Nov-19,15:00:00,0.004,6.189,12.161
11-Nov-19,16:00:00,0,6.052,12.08
11-Nov-19,17:00:00,0,5.986,12.078
11-Nov-19,18:00:00,0,5.898,12.19
11-Nov-19,19:00:00,0,5.796,12.236
11-Nov-19,20:00:00,0,5.693,12.223
11-Nov-19,21:00:00,0,5.548,12.276
11-Nov-19,22:00:00,0,5.377,12.353
11-Nov-19,23:00:00,0,5.273,12.434
12-Nov-19,00:00:00,0,5.154,12.642
12-Nov-19,01:00:00,0,4.923,12.828
12-Nov-19,02:00:00,0,4.68,12.678
12-Nov-19,03:00:00,0,4.532,12.245
12-Nov-19,04:00:00,0,4.536,11.456
12-Nov-19,05:00:00,0,4.616,10.352
12-Nov-19,06:00:00,0,4.605,9.513
12-Nov-19,07:00:00,0,4.446,9.154
12-Nov-19,08:00:00,0.005,4.687,9.071
12-Nov-19,09:00:00,0.008,5.245,9.429
12-Nov-19,10:00:00,0.006,5.688,10.201
12-Nov-19,11:00:00,0.004,6.089,10.584
12-Nov-19,12:00:00,0.007,6.728,10.969
12-Nov-19,13:00:00,0.022,7.217,10.842
12-Nov-19,14:00:00,0.052,7.311,10.704
12-Nov-19,15:00:00,0.035,6.908,10.273
12-Nov-19,16:00:00,0.002,6.191,9.683
12-Nov-19,17:00:00,0,5.657,8.815
12-Nov-19,18:00:00,0,5.273,8.35
12-Nov-19,19:00:00,0,4.944,7.981
12-Nov-19,20:00:00,0,4.597,7.551
12-Nov-19,21:00:00,0,4.256,7.139
12-Nov-19,22:00:00,0,3.697,6.768
12-Nov-19,23:00:00,0,2.909,6.381
13-Nov-19,00:00:00,0,2.301,6.131
13-Nov-19,01:00:00,0,1.819,5.469
13-Nov-19,02:00:00,0,1.649,4.843
13-Nov-19,03:00:00,0,1.657,4.467
13-Nov-19,04:00:00,0,1.772,4.205
13-Nov-19,05:00:00,0,1.97,3.897
13-Nov-19,06:00:00,0,2.383,3.52
13-Nov-19,07:00:00,0,2.866,3.132
13-Nov-19,08:00:00,0.002,2.924,3.196
13-Nov-19,09:00:00,0.003,3.339,3.618
13-Nov-19,10:00:00,0.004,3.803,3.949
13-Nov-19,11:00:00,0.006,4.3,4.16
13-Nov-19,12:00:00,0.008,4.763,4.367
13-Nov-19,13:00:00,0.007,4.867,4.661
13-Nov-19,14:00:00,0.005,4.738,5.186
13-Nov-19,15:00:00,0.003,4.365,5.925
13-Nov-19,16:00:00,0,3.956,6.666
13-Nov-19,17:00:00,0,3.934,7.269
13-Nov-19,18:00:00,0,3.94,7.64
13-Nov-19,19:00:00,0,3.775,7.845
13-Nov-19,20:00:00,0,3.502,8.042
13-Nov-19,21:00:00,0,3.158,8.278
13-Nov-19,22:00:00,0,2.832,8.464
13-Nov-19,23:00:00,0,2.554,8.505
14-Nov-19,00:00:00,0,2.352,8.561
14-Nov-19,01:00:00,0,2.251,8.629
14-Nov-19,02:00:00,0,2.2,8.784
14-Nov-19,03:00:00,0,2.169,8.914
14-Nov-19,04:00:00,0,2.166,9.082
14-Nov-19,05:00:00,0,2.234,9.493
14-Nov-19,06:00:00,0,2.176,9.458
14-Nov-19,07:00:00,0,2.085,9.45
14-Nov-19,08:00:00,0.018,2.156,9.365
14-Nov-19,09:00:00,0.093,2.583,9.139
14-Nov-19,10:00:00,0.166,3.204,9.452
14-Nov-19,11:00:00,0.276,3.859,9.862
14-Nov-19,12:00:00,0.376,4.494,10.183
14-Nov-19,13:00:00,0.344,4.823,10.407
14-Nov-19,14:00:00,0.23,4.751,10.432
14-Nov-19,15:00:00,0.092,4.346,10.542
14-Nov-19,16:00:00,0.003,3.759,10.646
14-Nov-19,17:00:00,0,3.366,10.429
14-Nov-19,18:00:00,0,3.008,10.133
14-Nov-19,19:00:00,0,2.808,10.095
14-Nov-19,20:00:00,0,2.788,10.187
14-Nov-19,21:00:00,0,2.812,10.287
14-Nov-19,22:00:00,0,2.839,10.401
14-Nov-19,23:00:00,0,2.893,10.404
15-Nov-19,00:00:00,0,3.088,10.442
15-Nov-19,01:00:00,0,3.295,10.383
15-Nov-19,02:00:00,0,3.47,10.314
15-Nov-19,03:00:00,0,3.621,10.239
15-Nov-19,04:00:00,0,3.728,10.169
15-Nov-19,05:00:00,0,3.854,10.089
15-Nov-19,06:00:00,0,4.019,10.027
15-Nov-19,07:00:00,0,4.193,9.896
15-Nov-19,08:00:00,0.004,4.564,9.648
15-Nov-19,09:00:00,0.017,5.294,9.284
15-Nov-19,10:00:00,0.04,5.996,8.951
15-Nov-19,11:00:00,0.088,6.623,8.847
15-Nov-19,12:00:00,0.155,7.14,8.854
15-Nov-19,13:00:00,0.175,7.404,8.623
15-Nov-19,14:00:00,0.143,7.326,8.503
15-Nov-19,15:00:00,0.077,6.783,8.47
15-Nov-19,16:00:00,0.002,5.888,8.522
15-Nov-19,17:00:00,0,5.419,8.459
15-Nov-19,18:00:00,0,5.098,8.37
15-Nov-19,19:00:00,0,5.029,8.557
15-Nov-19,20:00:00,0,5.016,8.601
15-Nov-19,21:00:00,0,4.919,8.491
15-Nov-19,22:00:00,0,4.596,8.225
15-Nov-19,23:00:00,0,4.36,8.1
16-Nov-19,00:00:00,0,4.182,7.958
16-Nov-19,01:00:00,0,4.136,8.004
16-Nov-19,02:00:00,0,4.115,8.056
16-Nov-19,03:00:00,0,4.092,7.919
16-Nov-19,04:00:00,0,4.076,7.656
16-Nov-19,05:00:00,0,4.088,7.443
16-Nov-19,06:00:00,0,4.149,7.146
16-Nov-19,07:00:00,0,4.317,6.978
16-Nov-19,08:00:00,0.002,4.592,6.659
16-Nov-19,09:00:00,0.005,5.204,6.238
16-Nov-19,10:00:00,0.008,5.8,5.79
16-Nov-19,11:00:00,0.011,6.281,5.351
16-Nov-19,12:00:00,0.011,6.629,5.139
16-Nov-19,13:00:00,0.008,6.786,5.092
16-Nov-19,14:00:00,0.004,6.662,5.208
16-Nov-19,15:00:00,0.002,6.258,5.452
16-Nov-19,16:00:00,0,5.813,5.631
16-Nov-19,17:00:00,0,5.671,5.708
16-Nov-19,18:00:00,0,5.54,5.701
16-Nov-19,19:00:00,0,5.381,5.558
16-Nov-19,20:00:00,0,5.235,5.408
16-Nov-19,21:00:00,0,5.084,5.259
16-Nov-19,22:00:00,0,4.944,5.171
16-Nov-19,23:00:00,0,4.836,5.151
17-Nov-19,00:00:00,0,4.746,5.168
17-Nov-19,01:00:00,0,4.662,5.207
17-Nov-19,02:00:00,0,4.569,5.307
17-Nov-19,03:00:00,0,4.422,5.442
17-Nov-19,04:00:00,0,4.259,5.598
17-Nov-19,05:00:00,0,4.084,5.766
17-Nov-19,06:00:00,0,4.018,5.871
17-Nov-19,07:00:00,0,4.053,5.96
17-Nov-19,08:00:00,0.002,4.201,6
17-Nov-19,09:00:00,0.007,4.7,5.855
17-Nov-19,10:00:00,0.02,5.225,5.674
17-Nov-19,11:00:00,0.042,5.782,5.723
17-Nov-19,12:00:00,0.072,6.283,5.831
17-Nov-19,13:00:00,0.077,6.516,5.89
17-Nov-19,14:00:00,0.055,6.459,5.82
17-Nov-19,15:00:00,0.026,5.747,5.901
17-Nov-19,16:00:00,0.001,4.502,6.083
17-Nov-19,17:00:00,0,3.922,6.277
17-Nov-19,18:00:00,0,3.63,6.406
17-Nov-19,19:00:00,0,3.462,6.366
17-Nov-19,20:00:00,0,3.147,6.189
17-Nov-19,21:00:00,0,2.827,6.106
17-Nov-19,22:00:00,0,2.478,6.173
17-Nov-19,23:00:00,0,1.957,6.174
18-Nov-19,00:00:00,0,1.407,6.078
18-Nov-19,01:00:00,0,0.947,5.977
18-Nov-19,02:00:00,0,0.594,5.837
18-Nov-19,03:00:00,0,0.362,5.601
18-Nov-19,04:00:00,0,0.259,5.408
18-Nov-19,05:00:00,0,0.174,5.108
18-Nov-19,06:00:00,0,0.033,4.822
18-Nov-19,07:00:00,0,-0.133,4.604
18-Nov-19,08:00:00,0.037,-0.038,4.399
18-Nov-19,09:00:00,0.17,0.958,3.985
18-Nov-19,10:00:00,0.343,1.769,3.437
18-Nov-19,11:00:00,0.544,2.64,2.997
18-Nov-19,12:00:00,0.579,3.412,2.823
18-Nov-19,13:00:00,0.519,3.821,2.85
18-Nov-19,14:00:00,0.38,3.704,2.797
18-Nov-19,15:00:00,0.176,2.815,2.901
18-Nov-19,16:00:00,0.004,2.083,3.066
18-Nov-19,17:00:00,0,1.897,3.09
18-Nov-19,18:00:00,0,1.719,3.007
18-Nov-19,19:00:00,0,1.65,2.962
18-Nov-19,20:00:00,0,1.742,2.983
18-Nov-19,21:00:00,0,1.718,3.015
18-Nov-19,22:00:00,0,1.604,3.117
18-Nov-19,23:00:00,0,1.558,3.242
19-Nov-19,00:00:00,0,1.503,3.378
19-Nov-19,01:00:00,0,1.317,3.638
19-Nov-19,02:00:00,0,1.168,4.093
19-Nov-19,03:00:00,0,1.086,4.563
19-Nov-19,04:00:00,0,1.111,5.08
19-Nov-19,05:00:00,0,1.166,5.593
19-Nov-19,06:00:00,0,1.15,5.928
19-Nov-19,07:00:00,0,1.09,6.109
19-Nov-19,08:00:00,0.007,1.16,6.248
19-Nov-19,09:00:00,0.026,2.104,6.292
19-Nov-19,10:00:00,0.044,2.916,6.26
19-Nov-19,11:00:00,0.049,3.475,6.369
19-Nov-19,12:00:00,0.048,3.906,6.618
19-Nov-19,13:00:00,0.04,4.135,6.973
19-Nov-19,14:00:00,0.028,4.059,7.48
19-Nov-19,15:00:00,0.011,3.597,8.095
19-Nov-19,16:00:00,0,3.178,8.661
19-Nov-19,17:00:00,0,3.112,8.781
19-Nov-19,18:00:00,0,3.172,8.752
19-Nov-19,19:00:00,0,3.308,8.582
19-Nov-19,20:00:00,0,3.462,8.544
19-Nov-19,21:00:00,0,3.694,8.761
19-Nov-19,22:00:00,0,3.899,8.85
19-Nov-19,23:00:00,0,4.02,8.829
20-Nov-19,00:00:00,0,4.058,8.831
20-Nov-19,01:00:00,0,4.065,8.91
20-Nov-19,02:00:00,0,4.044,8.991
20-Nov-19,03:00:00,0,4.044,8.941
20-Nov-19,04:00:00,0,4.108,8.941
20-Nov-19,05:00:00,0,4.209,9.104
20-Nov-19,06:00:00,0,4.295,8.99
20-Nov-19,07:00:00,0,4.339,9.043
20-Nov-19,08:00:00,0.001,4.43,9.226
20-Nov-19,09:00:00,0.003,4.694,9.178
20-Nov-19,10:00:00,0.007,4.979,9.141
20-Nov-19,11:00:00,0.013,5.296,9.229
20-Nov-19,12:00:00,0.017,5.54,9.074
20-Nov-19,13:00:00,0.016,5.681,8.995
20-Nov-19,14:00:00,0.013,5.597,8.998
20-Nov-19,15:00:00,0.011,5.186,9.117
20-Nov-19,16:00:00,0,4.532,9.261
20-Nov-19,17:00:00,0,4.052,9.319
20-Nov-19,18:00:00,0,3.674,9.336
20-Nov-19,19:00:00,0,3.419,9.49
20-Nov-19,20:00:00,0,3.262,9.622
20-Nov-19,21:00:00,0,3.059,9.576
20-Nov-19,22:00:00,0,2.816,9.526
20-Nov-19,23:00:00,0,2.599,9.397
21-Nov-19,00:00:00,0,2.491,9.481
21-Nov-19,01:00:00,0,2.463,9.591
21-Nov-19,02:00:00,0,2.408,9.441
21-Nov-19,03:00:00,0,2.453,9.409
21-Nov-19,04:00:00,0,2.54,9.477
21-Nov-19,05:00:00,0,2.544,9.43
21-Nov-19,06:00:00,0,2.514,9.349
21-Nov-19,07:00:00,0,2.519,9.397
21-Nov-19,08:00:00,0.011,2.758,9.42
21-Nov-19,09:00:00,0.041,3.422,9.277
21-Nov-19,10:00:00,0.078,4.208,9.348
21-Nov-19,11:00:00,0.147,4.904,9.724
21-Nov-19,12:00:00,0.203,5.304,9.982
21-Nov-19,13:00:00,0.139,5.402,9.833
21-Nov-19,14:00:00,0.04,5.256,9.687
21-Nov-19,15:00:00,0.016,4.936,9.701
21-Nov-19,16:00:00,0,4.601,9.733
21-Nov-19,17:00:00,0,4.426,9.633
21-Nov-19,18:00:00,0,4.225,9.301
21-Nov-19,19:00:00,0,4.072,9.04
21-Nov-19,20:00:00,0,3.961,8.841
21-Nov-19,21:00:00,0,3.906,8.705
21-Nov-19,22:00:00,0,3.86,8.557
21-Nov-19,23:00:00,0,3.874,8.475
22-Nov-19,00:00:00,0,3.874,8.405
22-Nov-19,01:00:00,0,3.963,8.366
22-Nov-19,02:00:00,0,4.183,8.377
22-Nov-19,03:00:00,0,4.464,8.471
22-Nov-19,04:00:00,0,4.773,8.774
22-Nov-19,05:00:00,0,5.071,8.963
22-Nov-19,06:00:00,0,5.293,9.008
22-Nov-19,07:00:00,0,5.408,8.963
22-Nov-19,08:00:00,0.001,5.458,8.611
22-Nov-19,09:00:00,0.003,5.717,8.299
22-Nov-19,10:00:00,0.003,5.967,7.738
22-Nov-19,11:00:00,0.005,6.229,7.308
22-Nov-19,12:00:00,0.008,6.514,7.085
22-Nov-19,13:00:00,0.019,6.815,6.942
22-Nov-19,14:00:00,0.031,6.861,7.037
22-Nov-19,15:00:00,0.018,6.349,7.424
22-Nov-19,16:00:00,0,5.564,7.775
22-Nov-19,17:00:00,0,5.445,8.168
22-Nov-19,18:00:00,0,5.445,8.384
22-Nov-19,19:00:00,0,5.447,8.381
22-Nov-19,20:00:00,0,5.732,8.389
22-Nov-19,21:00:00,0,5.873,8.355
22-Nov-19,22:00:00,0,6.07,8.545
22-Nov-19,23:00:00,0,6.327,8.747
23-Nov-19,00:00:00,0,6.564,8.951
23-Nov-19,01:00:00,0,6.78,9.279
23-Nov-19,02:00:00,0,7.04,9.742
23-Nov-19,03:00:00,0,7.219,9.925
23-Nov-19,04:00:00,0,7.33,10.086
23-Nov-19,05:00:00,0,7.341,10.115
23-Nov-19,06:00:00,0,7.289,9.938
23-Nov-19,07:00:00,0,7.181,9.736
23-Nov-19,08:00:00,0.001,7.171,9.6
23-Nov-19,09:00:00,0.002,7.393,9.554
23-Nov-19,10:00:00,0.004,7.715,9.458
23-Nov-19,11:00:00,0.006,8.007,9.295
23-Nov-19,12:00:00,0.007,8.181,8.861
23-Nov-19,13:00:00,0.005,8.191,8.666
23-Nov-19,14:00:00,0.003,8.055,8.308
23-Nov-19,15:00:00,0.002,7.78,7.885
23-Nov-19,16:00:00,0,7.454,7.248
23-Nov-19,17:00:00,0,7.306,6.852
23-Nov-19,18:00:00,0,7.278,6.694
23-Nov-19,19:00:00,0,7.258,6.387
23-Nov-19,20:00:00,0,7.115,5.9
23-Nov-19,21:00:00,0,7.123,5.772
23-Nov-19,22:00:00,0,7.177,5.935
23-Nov-19,23:00:00,0,7.215,6.149
24-Nov-19,00:00:00,0,7.074,6.071
24-Nov-19,01:00:00,0,6.811,5.851
24-Nov-19,02:00:00,0,6.63,5.719
24-Nov-19,03:00:00,0,6.595,5.61
24-Nov-19,04:00:00,0,6.559,5.581
24-Nov-19,05:00:00,0,6.55,5.574
24-Nov-19,06:00:00,0,6.547,5.441
24-Nov-19,07:00:00,0,6.416,5.288
24-Nov-19,08:00:00,0.001,6.371,5.108
24-Nov-19,09:00:00,0.003,6.832,5.089
24-Nov-19,10:00:00,0.005,7.358,4.982
24-Nov-19,11:00:00,0.008,7.703,4.82
24-Nov-19,12:00:00,0.01,7.941,4.692
24-Nov-19,13:00:00,0.006,8.033,4.694
24-Nov-19,14:00:00,0.003,7.929,4.823
24-Nov-19,15:00:00,0.001,7.621,5.121
24-Nov-19,16:00:00,0,7.405,5.374
24-Nov-19,17:00:00,0,7.377,5.58
24-Nov-19,18:00:00,0,7.348,5.766
24-Nov-19,19:00:00,0,7.284,5.881
24-Nov-19,20:00:00,0,7.164,5.999
24-Nov-19,21:00:00,0,7.014,6.205
24-Nov-19,22:00:00,0,6.951,6.392
24-Nov-19,23:00:00,0,6.853,6.552
25-Nov-19,00:00:00,0,6.781,6.767
25-Nov-19,01:00:00,0,6.792,6.906
25-Nov-19,02:00:00,0,6.996,7.155
25-Nov-19,03:00:00,0,7.18,7.22
25-Nov-19,04:00:00,0,7.302,7.135
25-Nov-19,05:00:00,0,7.381,7.223
25-Nov-19,06:00:00,0,7.426,7.303
25-Nov-19,07:00:00,0,7.367,7.492
25-Nov-19,08:00:00,0.001,7.276,7.575
25-Nov-19,09:00:00,0.003,7.43,7.796
25-Nov-19,10:00:00,0.003,7.67,7.854
25-Nov-19,11:00:00,0.004,7.932,7.724
25-Nov-19,12:00:00,0.004,8.17,7.471
25-Nov-19,13:00:00,0.003,8.305,7.357
25-Nov-19,14:00:00,0.002,8.324,7.264
25-Nov-19,15:00:00,0.001,8.189,7.111
25-Nov-19,16:00:00,0,8.107,7.294
25-Nov-19,17:00:00,0,8.092,6.796
25-Nov-19,18:00:00,0,8.003,6.284
25-Nov-19,19:00:00,0,7.931,5.907
25-Nov-19,20:00:00,0,7.825,5.55
25-Nov-19,21:00:00,0,7.786,5.342
25-Nov-19,22:00:00,0,7.714,5.33
25-Nov-19,23:00:00,0,7.668,5.223
26-Nov-19,00:00:00,0,7.58,5.254
26-Nov-19,01:00:00,0,7.484,5.437
26-Nov-19,02:00:00,0,7.444,5.546
26-Nov-19,03:00:00,0,7.363,5.622
26-Nov-19,04:00:00,0,7.364,5.749
26-Nov-19,05:00:00,0,7.421,5.923
26-Nov-19,06:00:00,0,7.452,6.02
26-Nov-19,07:00:00,0,7.358,6.267
26-Nov-19,08:00:00,0.001,7.316,6.639
26-Nov-19,09:00:00,0.002,7.507,7.147
26-Nov-19,10:00:00,0.002,7.518,7.635
26-Nov-19,11:00:00,0.002,7.531,8.253
26-Nov-19,12:00:00,0.004,7.559,8.654
26-Nov-19,13:00:00,0.005,7.785,8.796
26-Nov-19,14:00:00,0.003,8.195,8.74
26-Nov-19,15:00:00,0.001,8.549,8.166
26-Nov-19,16:00:00,0,8.805,7.761
26-Nov-19,17:00:00,0,8.926,7.445
26-Nov-19,18:00:00,0,8.914,7.172
26-Nov-19,19:00:00,0,8.73,7.027
26-Nov-19,20:00:00,0,8.335,6.974
26-Nov-19,21:00:00,0,7.692,6.862
26-Nov-19,22:00:00,0,7.075,6.675
26-Nov-19,23:00:00,0,6.572,6.531
27-Nov-19,00:00:00,0,6.25,6.345
27-Nov-19,01:00:00,0,6.161,6.048
27-Nov-19,02:00:00,0,6.149,5.689
27-Nov-19,03:00:00,0,5.947,5.428
27-Nov-19,04:00:00,0,5.742,5.386
27-Nov-19,05:00:00,0,5.639,5.604
27-Nov-19,06:00:00,0,5.539,5.723
27-Nov-19,07:00:00,0,5.447,5.691
27-Nov-19,08:00:00,0,5.355,5.577
27-Nov-19,09:00:00,0.002,5.44,5.394
27-Nov-19,10:00:00,0.003,5.727,5.189
27-Nov-19,11:00:00,0.004,6.11,5.179
27-Nov-19,12:00:00,0.004,6.445,5.253
27-Nov-19,13:00:00,0.004,6.575,5.297
27-Nov-19,14:00:00,0.003,6.61,5.425
27-Nov-19,15:00:00,0.002,6.559,5.593
27-Nov-19,16:00:00,0,6.422,5.889
27-Nov-19,17:00:00,0,6.438,6.307
27-Nov-19,18:00:00,0,6.515,6.603
27-Nov-19,19:00:00,0,6.654,6.778
27-Nov-19,20:00:00,0,6.817,6.988
27-Nov-19,21:00:00,0,6.963,7.276
27-Nov-19,22:00:00,0,7.025,7.464
27-Nov-19,23:00:00,0,7.003,7.609
28-Nov-19,00:00:00,0,6.955,7.935
28-Nov-19,01:00:00,0,6.846,8.134
28-Nov-19,02:00:00,0,6.826,8.277
28-Nov-19,03:00:00,0,6.927,8.235
28-Nov-19,04:00:00,0,7.077,8.09
28-Nov-19,05:00:00,0,7.236,8.202
28-Nov-19,06:00:00,0,7.254,8.234
28-Nov-19,07:00:00,0,7.142,8.41
28-Nov-19,08:00:00,0,6.931,8.906
28-Nov-19,09:00:00,0.004,6.653,9.157
28-Nov-19,10:00:00,0.013,6.483,9.135
28-Nov-19,11:00:00,0.029,6.419,9.061
28-Nov-19,12:00:00,0.069,6.371,9.05
28-Nov-19,13:00:00,0.092,6.209,8.726
28-Nov-19,14:00:00,0.101,5.829,8.345
28-Nov-19,15:00:00,0.05,4.933,7.954
28-Nov-19,16:00:00,0,3.715,7.619
28-Nov-19,17:00:00,0,3.081,7.388
28-Nov-19,18:00:00,0,2.542,7.196
28-Nov-19,19:00:00,0,2.14,7.041
28-Nov-19,20:00:00,0,1.851,6.855
28-Nov-19,21:00:00,0,1.847,6.622
28-Nov-19,22:00:00,0,1.898,6.346
28-Nov-19,23:00:00,0,1.698,6.056
29-Nov-19,00:00:00,0,1.553,5.893
29-Nov-19,01:00:00,0,1.516,5.828
29-Nov-19,02:00:00,0,1.572,5.894
29-Nov-19,03:00:00,0,1.532,5.933
29-Nov-19,04:00:00,0,1.479,5.923
29-Nov-19,05:00:00,0,1.382,5.762
29-Nov-19,06:00:00,0,1.24,5.584
29-Nov-19,07:00:00,0,1.077,5.426
29-Nov-19,08:00:00,0.008,0.938,5.298
29-Nov-19,09:00:00,0.082,1.53,5.007
29-Nov-19,10:00:00,0.223,2.225,4.616
29-Nov-19,11:00:00,0.393,2.874,4.239
29-Nov-19,12:00:00,0.461,3.385,3.917
29-Nov-19,13:00:00,0.42,3.624,3.656
29-Nov-19,14:00:00,0.274,3.27,3.57
29-Nov-19,15:00:00,0.097,2.157,3.731
29-Nov-19,16:00:00,0,1.394,4.009
29-Nov-19,17:00:00,0,1.057,4.192
29-Nov-19,18:00:00,0,0.804,4.31
29-Nov-19,19:00:00,0,0.595,4.528
29-Nov-19,20:00:00,0,0.462,4.776
29-Nov-19,21:00:00,0,0.344,4.956
29-Nov-19,22:00:00,0,0.281,5.017
29-Nov-19,23:00:00,0,0.266,5.016
30-Nov-19,00:00:00,0,0.266,5.066
30-Nov-19,01:00:00,0,0.157,5.186
30-Nov-19,02:00:00,0,0.073,5.39
30-Nov-19,03:00:00,0,0.063,5.6
30-Nov-19,04:00:00,0,0.047,5.756
30-Nov-19,05:00:00,0,-0.036,5.929
30-Nov-19,06:00:00,0,-0.055,6.108
30-Nov-19,07:00:00,0,-0.035,6.231
30-Nov-19,08:00:00,0.011,0.067,6.304
30-Nov-19,09:00:00,0.104,0.891,6.166
30-Nov-19,10:00:00,0.253,1.871,5.936
30-Nov-19,11:00:00,0.373,2.69,5.821
30-Nov-19,12:00:00,0.46,3.271,5.682
30-Nov-19,13:00:00,0.413,3.418,5.652
30-Nov-19,14:00:00,0.278,2.652,5.936
30-Nov-19,15:00:00,0.097,1.181,6.439
30-Nov-19,16:00:00,0,0.386,6.814
30-Nov-19,17:00:00,0,0.302,6.864
30-Nov-19,18:00:00,0,0.188,6.684
30-Nov-19,19:00:00,0,0.144,6.331
30-Nov-19,20:00:00,0,0.225,5.837
30-Nov-19,21:00:00,0,0.46,5.344
30-Nov-19,22:00:00,0,0.708,4.944
30-Nov-19,23:00:00,0,0.921,4.571
01-Dec-19,00:00:00,0,1.087,4.205
01-Dec-19,01:00:00,0,1.191,3.891
01-Dec-19,02:00:00,0,1.274,3.449
01-Dec-19,03:00:00,0,1.172,3.394
01-Dec-19,04:00:00,0,0.775,3.766
01-Dec-19,05:00:00,0,0.343,4.31
01-Dec-19,06:00:00,0,0.178,4.755
01-Dec-19,07:00:00,0,0.135,5.147
01-Dec-19,08:00:00,0.009,0.142,5.43
01-Dec-19,09:00:00,0.099,0.765,5.022
01-Dec-19,10:00:00,0.257,1.379,4.292
01-Dec-19,11:00:00,0.427,1.918,3.992
01-Dec-19,12:00:00,0.482,2.336,4.214
01-Dec-19,13:00:00,0.419,2.446,4.558
01-Dec-19,14:00:00,0.281,1.8,4.915
01-Dec-19,15:00:00,0.088,0.498,5.486
01-Dec-19,16:00:00,0,-0.121,5.75
01-Dec-19,17:00:00,0,-0.087,5.929
01-Dec-19,18:00:00,0,-0.019,5.855
01-Dec-19,19:00:00,0,0.074,5.723
01-Dec-19,20:00:00,0,0.202,5.511
01-Dec-19,21:00:00,0,0.354,5.526
01-Dec-19,22:00:00,0,0.639,5.515
01-Dec-19,23:00:00,0,1.261,5.757
02-Dec-19,00:00:00,0,2.016,5.678
02-Dec-19,01:00:00,0,2.412,5.651
02-Dec-19,02:00:00,0,2.641,6.055
02-Dec-19,03:00:00,0,2.915,6.464
02-Dec-19,04:00:00,0,3.203,6.791
02-Dec-19,05:00:00,0,3.327,6.918
02-Dec-19,06:00:00,0,3.411,6.991
02-Dec-19,07:00:00,0,3.515,7.005
02-Dec-19,08:00:00,0.001,3.525,6.709
02-Dec-19,09:00:00,0.004,3.924,6.564
02-Dec-19,10:00:00,0.008,4.493,6.691
02-Dec-19,11:00:00,0.012,4.9,6.852
02-Dec-19,12:00:00,0.007,4.928,7.046
02-Dec-19,13:00:00,0.004,4.892,7.296
02-Dec-19,14:00:00,0.008,4.811,7.476
02-Dec-19,15:00:00,0.005,4.292,7.68
02-Dec-19,16:00:00,0,4.057,7.876
02-Dec-19,17:00:00,0,4.101,7.881
02-Dec-19,18:00:00,0,4.109,7.728
02-Dec-19,19:00:00,0,4.311,7.767
02-Dec-19,20:00:00,0,4.546,7.84
02-Dec-19,21:00:00,0,4.688,7.924
02-Dec-19,22:00:00,0,4.73,7.963
02-Dec-19,23:00:00,0,4.717,7.931
03-Dec-19,00:00:00,0,4.75,7.855
03-Dec-19,01:00:00,0,4.804,7.694
03-Dec-19,02:00:00,0,4.911,7.734
03-Dec-19,03:00:00,0,4.929,7.669
03-Dec-19,04:00:00,0,4.816,7.492
03-Dec-19,05:00:00,0,4.746,7.423
03-Dec-19,06:00:00,0,4.696,7.376
03-Dec-19,07:00:00,0,4.681,7.381
03-Dec-19,08:00:00,0,4.747,7.516
03-Dec-19,09:00:00,0.006,5.009,7.647
03-Dec-19,10:00:00,0.021,5.451,7.705
03-Dec-19,11:00:00,0.065,5.932,7.683
03-Dec-19,12:00:00,0.136,6.357,7.578
03-Dec-19,13:00:00,0.175,6.614,7.424
03-Dec-19,14:00:00,0.123,6.463,7.254
03-Dec-19,15:00:00,0.039,5.551,7.124
03-Dec-19,16:00:00,0,4.852,7.196
03-Dec-19,17:00:00,0,4.983,7.554
03-Dec-19,18:00:00,0,5.402,8.102
03-Dec-19,19:00:00,0,5.848,8.418
03-Dec-19,20:00:00,0,6.071,8.488
03-Dec-19,21:00:00,0,6.109,8.306
03-Dec-19,22:00:00,0,5.988,7.931
03-Dec-19,23:00:00,0,5.912,7.76
04-Dec-19,00:00:00,0,5.882,7.784
04-Dec-19,01:00:00,0,6.058,8.121
04-Dec-19,02:00:00,0,6.253,8.342
04-Dec-19,03:00:00,0,6.369,8.647
04-Dec-19,04:00:00,0,6.576,9.195
04-Dec-19,05:00:00,0,6.733,9.313
04-Dec-19,06:00:00,0,6.765,9.519
04-Dec-19,07:00:00,0,6.746,9.787
04-Dec-19,08:00:00,0,6.721,10.022
04-Dec-19,09:00:00,0.005,6.825,10.038
04-Dec-19,10:00:00,0.01,7.059,9.945
04-Dec-19,11:00:00,0.005,7.209,9.858
04-Dec-19,12:00:00,0.002,7.285,9.744
04-Dec-19,13:00:00,0.002,7.415,9.613
04-Dec-19,14:00:00,0.003,7.532,9.117
04-Dec-19,15:00:00,0.002,7.441,8.624
04-Dec-19,16:00:00,0,7.227,8.218
04-Dec-19,17:00:00,0,6.976,8.193
04-Dec-19,18:00:00,0,6.581,8.345
04-Dec-19,19:00:00,0,6.228,8.565
04-Dec-19,20:00:00,0,6.117,8.913
04-Dec-19,21:00:00,0,6.003,9.142
04-Dec-19,22:00:00,0,5.806,9.183
04-Dec-19,23:00:00,0,5.733,9.535
05-Dec-19,00:00:00,0,5.73,9.762
05-Dec-19,01:00:00,0,5.742,9.87
05-Dec-19,02:00:00,0,5.702,9.919
05-Dec-19,03:00:00,0,5.688,9.798
05-Dec-19,04:00:00,0,5.801,9.79
05-Dec-19,05:00:00,0,6.051,9.94
05-Dec-19,06:00:00,0,6.226,10.137
05-Dec-19,07:00:00,0,6.455,10.452
05-Dec-19,08:00:00,0,6.654,10.814
05-Dec-19,09:00:00,0.001,6.778,11.388
05-Dec-19,10:00:00,0.002,6.888,11.936
05-Dec-19,11:00:00,0.001,7.03,12.727
05-Dec-19,12:00:00,0.002,7.52,14.469
05-Dec-19,13:00:00,0.001,8.002,15.036
05-Dec-19,14:00:00,0,8.378,14.9
05-Dec-19,15:00:00,0,8.75,14.768
05-Dec-19,16:00:00,0,9.115,14.888
05-Dec-19,17:00:00,0,9.465,14.933
05-Dec-19,18:00:00,0,9.862,14.927
05-Dec-19,19:00:00,0,10.238,14.864
05-Dec-19,20:00:00,0,10.385,14.139
05-Dec-19,21:00:00,0,10.295,12.738
05-Dec-19,22:00:00,0,10.127,11.875
05-Dec-19,23:00:00,0,9.979,11.404
06-Dec-19,00:00:00,0,9.918,11.122
06-Dec-19,01:00:00,0,9.878,10.604
06-Dec-19,02:00:00,0,9.879,10.372
06-Dec-19,03:00:00,0,9.972,10.537
06-Dec-19,04:00:00,0,10.058,10.667
06-Dec-19,05:00:00,0,10.08,10.674
06-Dec-19,06:00:00,0,10.032,10.698
06-Dec-19,07:00:00,0,9.881,10.475
06-Dec-19,08:00:00,0,9.739,10.647
06-Dec-19,09:00:00,0.002,9.617,10.643
06-Dec-19,10:00:00,0.004,9.599,10.934
06-Dec-19,11:00:00,0.008,9.338,10.438
06-Dec-19,12:00:00,0.01,9.032,9.84
06-Dec-19,13:00:00,0.014,8.756,9.706
06-Dec-19,14:00:00,0.011,8.425,9.752
06-Dec-19,15:00:00,0.005,8.029,9.688
06-Dec-19,16:00:00,0,7.8,9.64
06-Dec-19,17:00:00,0,7.787,9.991
06-Dec-19,18:00:00,0,7.777,10.114
06-Dec-19,19:00:00,0,7.746,10.105
06-Dec-19,20:00:00,0,7.732,9.986
06-Dec-19,21:00:00,0,7.699,9.846
06-Dec-19,22:00:00,0,7.646,9.714
06-Dec-19,23:00:00,0,7.496,9.5
07-Dec-19,00:00:00,0,7.483,9.441
07-Dec-19,01:00:00,0,7.428,9.343
07-Dec-19,02:00:00,0,7.239,8.968
07-Dec-19,03:00:00,0,7.092,8.72
07-Dec-19,04:00:00,0,7.056,8.699
07-Dec-19,05:00:00,0,6.975,8.435
07-Dec-19,06:00:00,0,6.968,8.458
07-Dec-19,07:00:00,0,7.07,8.329
07-Dec-19,08:00:00,0,7.147,8.078
07-Dec-19,09:00:00,0.002,7.33,8.024
07-Dec-19,10:00:00,0.003,7.581,8.007
07-Dec-19,11:00:00,0.007,7.898,8.589
07-Dec-19,12:00:00,0.003,8.09,9.439
07-Dec-19,13:00:00,0.002,8.219,10.444
07-Dec-19,14:00:00,0.002,8.391,11.052
07-Dec-19,15:00:00,0.001,8.555,11.235
07-Dec-19,16:00:00,0,8.7,11.311
07-Dec-19,17:00:00,0,8.855,11.564
07-Dec-19,18:00:00,0,9.008,12.236
07-Dec-19,19:00:00,0,9.032,13.105
07-Dec-19,20:00:00,0,8.962,13.954
07-Dec-19,21:00:00,0,8.909,14.697
07-Dec-19,22:00:00,0,9,15.833
07-Dec-19,23:00:00,0,9.624,16.97
08-Dec-19,00:00:00,0,10.469,16.459
08-Dec-19,01:00:00,0,10.095,16.006
08-Dec-19,02:00:00,0,8.089,15.241
08-Dec-19,03:00:00,0,6.915,13.977
08-Dec-19,04:00:00,0,6.404,13.327
08-Dec-19,05:00:00,0,6.11,12.907
08-Dec-19,06:00:00,0,5.982,13.084
08-Dec-19,07:00:00,0,5.949,13.516
08-Dec-19,08:00:00,0,5.93,13.72
08-Dec-19,09:00:00,0.003,5.985,13.94
08-Dec-19,10:00:00,0.015,5.975,14.05
08-Dec-19,11:00:00,0.018,5.85,14.181
08-Dec-19,12:00:00,0.014,5.694,14.231
08-Dec-19,13:00:00,0.008,5.596,14.194
08-Dec-19,14:00:00,0.003,5.552,14.363
08-Dec-19,15:00:00,0.001,5.587,14.64
08-Dec-19,16:00:00,0,5.661,14.583
08-Dec-19,17:00:00,0,5.569,14.231
08-Dec-19,18:00:00,0,5.573,13.751
08-Dec-19,19:00:00,0,5.664,12.847
08-Dec-19,20:00:00,0,5.709,11.459
08-Dec-19,21:00:00,0,5.815,10.245
08-Dec-19,22:00:00,0,5.778,9.651
08-Dec-19,23:00:00,0,5.558,8.718
09-Dec-19,00:00:00,0,5.512,8.061
09-Dec-19,01:00:00,0,5.557,9.128
09-Dec-19,02:00:00,0,5.356,10.98
09-Dec-19,03:00:00,0,5.068,12.956
09-Dec-19,04:00:00,0,4.821,13.624
09-Dec-19,05:00:00,0,4.522,13.27
09-Dec-19,06:00:00,0,4.189,12.442
09-Dec-19,07:00:00,0,3.843,11.36
09-Dec-19,08:00:00,0.003,3.507,10.179
09-Dec-19,09:00:00,0.094,3.568,9.348
09-Dec-19,10:00:00,0.258,4.08,8.551
09-Dec-19,11:00:00,0.383,4.636,7.872
09-Dec-19,12:00:00,0.426,5.053,7.457
09-Dec-19,13:00:00,0.371,5.177,6.917
09-Dec-19,14:00:00,0.23,4.636,6.426
09-Dec-19,15:00:00,0.049,3.136,6.229
09-Dec-19,16:00:00,0,2.399,6.217
09-Dec-19,17:00:00,0,2.279,5.895
09-Dec-19,18:00:00,0,2.224,5.39
09-Dec-19,19:00:00,0,2.187,5.591
09-Dec-19,20:00:00,0,2.263,6.222
09-Dec-19,21:00:00,0,2.436,7.136
09-Dec-19,22:00:00,0,2.9,8.169
09-Dec-19,23:00:00,0,3.716,9.042
10-Dec-19,00:00:00,0,4.879,9.833
10-Dec-19,01:00:00,0,5.283,10.099
10-Dec-19,02:00:00,0,5.293,10.587
10-Dec-19,03:00:00,0,5.273,11.029
10-Dec-19,04:00:00,0,5.231,11.694
10-Dec-19,05:00:00,0,5.253,12.604
10-Dec-19,06:00:00,0,5.266,13.698
10-Dec-19,07:00:00,0,5.668,15.161
10-Dec-19,08:00:00,0,6.562,16.051
10-Dec-19,09:00:00,0,7.61,16.216
10-Dec-19,10:00:00,0.001,8.467,16.43
10-Dec-19,11:00:00,0.001,9.301,17.446
10-Dec-19,12:00:00,0.001,10.243,18.451
10-Dec-19,13:00:00,0,10.954,18.944
10-Dec-19,14:00:00,0,11.095,17.559
10-Dec-19,15:00:00,0,9.458,14.385
10-Dec-19,16:00:00,0,5.668,12.683
10-Dec-19,17:00:00,0,4.379,10.64
10-Dec-19,18:00:00,0,4.819,10.91
10-Dec-19,19:00:00,0,5.29,11.83
10-Dec-19,20:00:00,0,5.592,12.303
10-Dec-19,21:00:00,0,5.602,12.86
10-Dec-19,22:00:00,0,5.234,12.797
10-Dec-19,23:00:00,0,5.011,12.425
11-Dec-19,00:00:00,0,4.903,11.881
11-Dec-19,01:00:00,0,4.81,11.509
11-Dec-19,02:00:00,0,4.747,11.235
11-Dec-19,03:00:00,0,4.769,11.105
11-Dec-19,04:00:00,0,4.787,11.135
11-Dec-19,05:00:00,0,4.821,11.15
11-Dec-19,06:00:00,0,4.762,11.212
11-Dec-19,07:00:00,0,4.685,10.856
11-Dec-19,08:00:00,0,4.571,10.315
11-Dec-19,09:00:00,0.003,4.604,9.745
11-Dec-19,10:00:00,0.003,4.577,9.332
11-Dec-19,11:00:00,0.002,4.525,8.763
11-Dec-19,12:00:00,0.002,4.559,7.975
11-Dec-19,13:00:00,0.004,4.563,7.659
11-Dec-19,14:00:00,0.008,4.303,8.015
11-Dec-19,15:00:00,0.002,3.881,8.459
11-Dec-19,16:00:00,0,3.674,8.689
11-Dec-19,17:00:00,0,3.576,8.829
11-Dec-19,18:00:00,0,3.412,8.794
11-Dec-19,19:00:00,0,3.306,8.793
11-Dec-19,20:00:00,0,3.243,8.722
11-Dec-19,21:00:00,0,3.254,8.763
11-Dec-19,22:00:00,0,3.33,8.831
11-Dec-19,23:00:00,0,3.398,8.874
12-Dec-19,00:00:00,0,3.409,8.794
12-Dec-19,01:00:00,0,3.403,8.67
12-Dec-19,02:00:00,0,3.498,8.599
12-Dec-19,03:00:00,0,3.582,8.515
12-Dec-19,04:00:00,0,3.466,8.313
12-Dec-19,05:00:00,0,3.407,8.11
12-Dec-19,06:00:00,0,3.4,8.134
12-Dec-19,07:00:00,0,3.275,8.343
12-Dec-19,08:00:00,0,2.811,8.639
12-Dec-19,09:00:00,0.005,2.756,9.001
12-Dec-19,10:00:00,0.004,2.891,8.75
12-Dec-19,11:00:00,0.002,2.895,8.288
12-Dec-19,12:00:00,0.002,2.832,7.825
12-Dec-19,13:00:00,0.001,2.761,7.131
12-Dec-19,14:00:00,0.001,2.706,6.249
12-Dec-19,15:00:00,0,2.607,5.276
12-Dec-19,16:00:00,0,2.659,4.411
12-Dec-19,17:00:00,0,2.804,3.652
12-Dec-19,18:00:00,0,3.021,3.378
12-Dec-19,19:00:00,0,3.3,3.742
12-Dec-19,20:00:00,0,3.512,4.354
12-Dec-19,21:00:00,0,3.648,4.523
12-Dec-19,22:00:00,0,3.648,4.465
12-Dec-19,23:00:00,0,3.572,4.649
13-Dec-19,00:00:00,0,3.405,5.22
13-Dec-19,01:00:00,0,3.325,6.028
13-Dec-19,02:00:00,0,3.338,6.731
13-Dec-19,03:00:00,0,3.415,7.426
13-Dec-19,04:00:00,0,3.636,8.119
13-Dec-19,05:00:00,0,3.913,8.667
13-Dec-19,06:00:00,0,4.153,8.811
13-Dec-19,07:00:00,0,4.26,8.7
13-Dec-19,08:00:00,0,4.377,8.321
13-Dec-19,09:00:00,0.002,4.684,8.032
13-Dec-19,10:00:00,0.008,5.075,7.907
13-Dec-19,11:00:00,0.028,5.485,7.88
13-Dec-19,12:00:00,0.095,5.786,7.823
13-Dec-19,13:00:00,0.096,5.862,7.907
13-Dec-19,14:00:00,0.059,5.588,8.075
13-Dec-19,15:00:00,0.009,4.817,8.28
13-Dec-19,16:00:00,0,4.411,8.248
13-Dec-19,17:00:00,0,4.459,8.476
13-Dec-19,18:00:00,0,4.546,9.09
13-Dec-19,19:00:00,0,4.484,9.446
13-Dec-19,20:00:00,0,4.427,10.063
13-Dec-19,21:00:00,0,4.223,10.243
13-Dec-19,22:00:00,0,4.016,10.546
13-Dec-19,23:00:00,0,3.922,10.908
14-Dec-19,00:00:00,0,3.821,11.337
14-Dec-19,01:00:00,0,3.64,11.525
14-Dec-19,02:00:00,0,3.409,11.674
14-Dec-19,03:00:00,0,3.274,11.583
14-Dec-19,04:00:00,0,3.365,11.732
14-Dec-19,05:00:00,0,3.43,11.77
14-Dec-19,06:00:00,0,3.525,11.943
14-Dec-19,07:00:00,0,3.665,12.078
14-Dec-19,08:00:00,0,3.789,12.324
14-Dec-19,09:00:00,0.002,3.918,12.786
14-Dec-19,10:00:00,0.01,3.886,13.416
14-Dec-19,11:00:00,0.034,3.761,13.778
14-Dec-19,12:00:00,0.05,3.654,13.701
14-Dec-19,13:00:00,0.018,3.617,13.437
14-Dec-19,14:00:00,0.008,3.6,13.568
14-Dec-19,15:00:00,0.002,3.663,13.59
14-Dec-19,16:00:00,0,3.792,13.225
14-Dec-19,17:00:00,0,3.796,12.115
14-Dec-19,18:00:00,0,3.759,11.132
14-Dec-19,19:00:00,0,3.812,10.487
14-Dec-19,20:00:00,0,3.589,9.525
14-Dec-19,21:00:00,0,3.009,7.759
14-Dec-19,22:00:00,0,1.988,5.899
14-Dec-19,23:00:00,0,1.286,4.606
15-Dec-19,00:00:00,0,1.087,4.38
15-Dec-19,01:00:00,0,1.35,6.934
15-Dec-19,02:00:00,0,2.09,8.997
15-Dec-19,03:00:00,0,2.604,9.481
15-Dec-19,04:00:00,0,2.821,9.873
15-Dec-19,05:00:00,0,2.805,9.846
15-Dec-19,06:00:00,0,2.623,9.462
15-Dec-19,07:00:00,0,2.408,9.371
15-Dec-19,08:00:00,0.001,2.281,9.241
15-Dec-19,09:00:00,0.049,2.549,8.949
15-Dec-19,10:00:00,0.142,3.205,8.882
15-Dec-19,11:00:00,0.211,3.699,8.541
15-Dec-19,12:00:00,0.205,3.986,8.016
15-Dec-19,13:00:00,0.17,3.954,7.593
15-Dec-19,14:00:00,0.043,3.407,7.471
15-Dec-19,15:00:00,0.005,2.581,7.614
15-Dec-19,16:00:00,0,2.697,7.793
15-Dec-19,17:00:00,0,3.11,8.273
15-Dec-19,18:00:00,0,3.798,8.723
15-Dec-19,19:00:00,0,4.196,9.099
15-Dec-19,20:00:00,0,4.523,9.682
15-Dec-19,21:00:00,0,4.773,10.038
15-Dec-19,22:00:00,0,4.928,10.229
15-Dec-19,23:00:00,0,5.018,10.339
16-Dec-19,00:00:00,0,4.962,10.097
16-Dec-19,01:00:00,0,4.782,10.074
16-Dec-19,02:00:00,0,4.536,10.188
16-Dec-19,03:00:00,0,4.362,10.251
16-Dec-19,04:00:00,0,4.325,10.693
16-Dec-19,05:00:00,0,4.281,10.869
16-Dec-19,06:00:00,0,4.219,10.431
16-Dec-19,07:00:00,0,4.119,9.818
16-Dec-19,08:00:00,0,3.959,9.273
16-Dec-19,09:00:00,0.037,3.958,8.926
16-Dec-19,10:00:00,0.163,4.523,9.297
16-Dec-19,11:00:00,0.281,5.061,9.756
16-Dec-19,12:00:00,0.307,5.341,10.077
16-Dec-19,13:00:00,0.262,5.313,10.137
16-Dec-19,14:00:00,0.149,4.969,9.974
16-Dec-19,15:00:00,0.024,4.369,9.831
16-Dec-19,16:00:00,0,3.946,9.614
16-Dec-19,17:00:00,0,3.754,9.389
16-Dec-19,18:00:00,0,3.58,9.171
16-Dec-19,19:00:00,0,3.413,8.99
16-Dec-19,20:00:00,0,3.088,8.66
16-Dec-19,21:00:00,0,2.772,8.458
16-Dec-19,22:00:00,0,2.584,8.363
16-Dec-19,23:00:00,0,2.528,8.258
17-Dec-19,00:00:00,0,2.619,8.158
17-Dec-19,01:00:00,0,2.774,8.13
17-Dec-19,02:00:00,0,2.822,8.067
17-Dec-19,03:00:00,0,2.942,7.926
17-Dec-19,04:00:00,0,3.154,7.922
17-Dec-19,05:00:00,0,3.412,8.049
17-Dec-19,06:00:00,0,3.632,8.134
17-Dec-19,07:00:00,0,3.887,8.12
17-Dec-19,08:00:00,0,4.006,8.011
17-Dec-19,09:00:00,0.002,4.259,7.79
17-Dec-19,10:00:00,0.004,4.577,7.572
17-Dec-19,11:00:00,0.006,4.843,7.303
17-Dec-19,12:00:00,0.008,5.036,7.01
17-Dec-19,13:00:00,0.012,5.1,6.918
17-Dec-19,14:00:00,0.012,4.864,6.882
17-Dec-19,15:00:00,0.005,3.911,6.879
17-Dec-19,16:00:00,0,3.142,6.723
17-Dec-19,17:00:00,0,2.745,6.691
17-Dec-19,18:00:00,0,2.634,6.658
17-Dec-19,19:00:00,0,2.582,6.638
17-Dec-19,20:00:00,0,2.619,6.697
17-Dec-19,21:00:00,0,2.756,6.75
17-Dec-19,22:00:00,0,2.778,6.575
17-Dec-19,23:00:00,0,2.592,6.173
18-Dec-19,00:00:00,0,2.396,5.907
18-Dec-19,01:00:00,0,2.324,5.742
18-Dec-19,02:00:00,0,2.248,5.52
18-Dec-19,03:00:00,0,2.073,5.499
18-Dec-19,04:00:00,0,2.027,5.996
18-Dec-19,05:00:00,0,2.149,6.658
18-Dec-19,06:00:00,0,2.023,7.129
18-Dec-19,07:00:00,0,1.93,7.578
18-Dec-19,08:00:00,0,1.796,7.763
18-Dec-19,09:00:00,0.008,1.806,7.724
18-Dec-19,10:00:00,0.009,1.98,7.891
18-Dec-19,11:00:00,0.009,2.306,8.278
18-Dec-19,12:00:00,0.008,2.753,8.586
18-Dec-19,13:00:00,0.014,3.213,8.995
18-Dec-19,14:00:00,0.014,3.488,9.673
18-Dec-19,15:00:00,0.001,3.57,10.401
18-Dec-19,16:00:00,0,3.678,10.988
18-Dec-19,17:00:00,0,3.83,11.528
18-Dec-19,18:00:00,0,3.791,11.882
18-Dec-19,19:00:00,0,3.812,12.167
18-Dec-19,20:00:00,0,4.151,12.343
18-Dec-19,21:00:00,0,4.627,12.342
18-Dec-19,22:00:00,0,5.486,12.902
18-Dec-19,23:00:00,0,6.501,13.003
19-Dec-19,00:00:00,0,7.339,12.568
19-Dec-19,01:00:00,0,7.743,12.266
19-Dec-19,02:00:00,0,8.03,12.2
19-Dec-19,03:00:00,0,8.201,11.897
19-Dec-19,04:00:00,0,8.098,10.913
19-Dec-19,05:00:00,0,7.68,9.44
19-Dec-19,06:00:00,0,7.106,8.245
19-Dec-19,07:00:00,0,6.485,7.617
19-Dec-19,08:00:00,0,6.538,7.651
19-Dec-19,09:00:00,0.005,6.997,7.815
19-Dec-19,10:00:00,0.008,7.626,8.058
19-Dec-19,11:00:00,0.018,8.091,8.146
19-Dec-19,12:00:00,0.021,8.38,8.099
19-Dec-19,13:00:00,0.015,8.485,8.12
19-Dec-19,14:00:00,0.007,8.491,8.44
19-Dec-19,15:00:00,0.002,8.3,8.831
19-Dec-19,16:00:00,0,8.305,9.143
19-Dec-19,17:00:00,0,8.35,9.457
19-Dec-19,18:00:00,0,8.508,9.852
19-Dec-19,19:00:00,0,8.616,10.196
19-Dec-19,20:00:00,0,8.566,10.676
19-Dec-19,21:00:00,0,8.342,11.378
19-Dec-19,22:00:00,0,7.938,11.407
19-Dec-19,23:00:00,0,7.59,11.134
20-Dec-19,00:00:00,0,7.292,10.854
20-Dec-19,01:00:00,0,7.043,10.507
20-Dec-19,02:00:00,0,6.893,9.952
20-Dec-19,03:00:00,0,6.919,9.75
20-Dec-19,04:00:00,0,6.952,9.474
20-Dec-19,05:00:00,0,6.882,8.53
20-Dec-19,06:00:00,0,6.676,7.633
20-Dec-19,07:00:00,0,6.346,6.595
20-Dec-19,08:00:00,0,5.938,5.913
20-Dec-19,09:00:00,0.004,5.967,5.208
20-Dec-19,10:00:00,0.003,6.274,4.679
20-Dec-19,11:00:00,0.002,6.325,4.915
20-Dec-19,12:00:00,0.001,6.212,5.504
20-Dec-19,13:00:00,0.001,6.032,5.894
20-Dec-19,14:00:00,0.001,5.826,6.173
20-Dec-19,15:00:00,0,5.645,6.574
20-Dec-19,16:00:00,0,5.671,7.123
20-Dec-19,17:00:00,0,5.717,7.636
20-Dec-19,18:00:00,0,5.698,8.102
20-Dec-19,19:00:00,0,5.539,8.255
20-Dec-19,20:00:00,0,5.294,8.083
20-Dec-19,21:00:00,0,5.144,8.008
20-Dec-19,22:00:00,0,5.108,7.807
20-Dec-19,23:00:00,0,5.151,7.527
21-Dec-19,00:00:00,0,5.209,7.266
21-Dec-19,01:00:00,0,5.257,6.973
21-Dec-19,02:00:00,0,5.247,6.793
21-Dec-19,03:00:00,0,5.065,6.608
21-Dec-19,04:00:00,0,4.853,6.609
21-Dec-19,05:00:00,0,4.535,6.668
21-Dec-19,06:00:00,0,4.292,6.859
21-Dec-19,07:00:00,0,4.131,6.869
21-Dec-19,08:00:00,0,4.115,6.869
21-Dec-19,09:00:00,0.001,4.307,6.697
21-Dec-19,10:00:00,0.002,4.636,6.509
21-Dec-19,11:00:00,0.003,5.047,6.459
21-Dec-19,12:00:00,0.005,5.425,6.365
21-Dec-19,13:00:00,0.005,5.701,6.314
21-Dec-19,14:00:00,0.004,5.742,6.207
21-Dec-19,15:00:00,0.001,5.479,6.175
21-Dec-19,16:00:00,0,5.32,6.216
21-Dec-19,17:00:00,0,5.238,6.1
21-Dec-19,18:00:00,0,5.208,6.007
21-Dec-19,19:00:00,0,5.155,5.822
21-Dec-19,20:00:00,0,5.089,5.506
21-Dec-19,21:00:00,0,5.024,5.266
21-Dec-19,22:00:00,0,4.927,5.131
21-Dec-19,23:00:00,0,4.896,4.992
22-Dec-19,00:00:00,0,4.866,4.656
22-Dec-19,01:00:00,0,4.837,4.199
22-Dec-19,02:00:00,0,4.855,3.778
22-Dec-19,03:00:00,0,4.944,3.584
22-Dec-19,04:00:00,0,4.931,3.935
22-Dec-19,05:00:00,0,4.659,4.678
22-Dec-19,06:00:00,0,4.465,5.431
22-Dec-19,07:00:00,0,4.232,5.969
22-Dec-19,08:00:00,0,3.965,6.144
22-Dec-19,09:00:00,0.013,4.206,5.891
22-Dec-19,10:00:00,0.035,4.921,5.466
22-Dec-19,11:00:00,0.025,5.392,5.23
22-Dec-19,12:00:00,0.014,5.619,5.216
22-Dec-19,13:00:00,0.006,5.696,5.355
22-Dec-19,14:00:00,0.003,5.599,5.679
22-Dec-19,15:00:00,0.002,5.036,5.951
22-Dec-19,16:00:00,0,4.764,6.168
22-Dec-19,17:00:00,0,4.763,6.47
22-Dec-19,18:00:00,0,4.758,6.619
22-Dec-19,19:00:00,0,4.667,6.633
22-Dec-19,20:00:00,0,4.566,6.549
22-Dec-19,21:00:00,0,4.635,6.651
22-Dec-19,22:00:00,0,4.786,7.013
22-Dec-19,23:00:00,0,5.143,7.51
23-Dec-19,00:00:00,0,5.599,7.99
23-Dec-19,01:00:00,0,5.707,8.346
23-Dec-19,02:00:00,0,5.82,8.558
23-Dec-19,03:00:00,0,5.786,8.874
23-Dec-19,04:00:00,0,5.723,9.098
23-Dec-19,05:00:00,0,5.689,9.396
23-Dec-19,06:00:00,0,5.633,9.893
23-Dec-19,07:00:00,0,5.513,9.912
23-Dec-19,08:00:00,0,5.49,9.934
23-Dec-19,09:00:00,0.013,5.708,10.237
23-Dec-19,10:00:00,0.031,6.043,10.712
23-Dec-19,11:00:00,0.044,6.3,11.241
23-Dec-19,12:00:00,0.052,6.455,11.756
23-Dec-19,13:00:00,0.046,6.487,11.913
23-Dec-19,14:00:00,0.029,6.375,11.714
23-Dec-19,15:00:00,0.006,6.133,11.393
23-Dec-19,16:00:00,0,5.922,10.847
23-Dec-19,17:00:00,0,5.721,10.082
23-Dec-19,18:00:00,0,5.566,9.476
23-Dec-19,19:00:00,0,5.425,9.085
23-Dec-19,20:00:00,0,5.387,8.942
23-Dec-19,21:00:00,0,5.271,8.372
23-Dec-19,22:00:00,0,4.793,7.291
23-Dec-19,23:00:00,0,4.445,6.278
24-Dec-19,00:00:00,0,4.553,5.617
24-Dec-19,01:00:00,0,4.608,5.28
24-Dec-19,02:00:00,0,4.604,4.994
24-Dec-19,03:00:00,0,4.524,4.956
24-Dec-19,04:00:00,0,4.42,4.979
24-Dec-19,05:00:00,0,4.383,4.861
24-Dec-19,06:00:00,0,4.31,4.689
24-Dec-19,07:00:00,0,4.178,4.582
24-Dec-19,08:00:00,0,4.092,4.432
24-Dec-19,09:00:00,0.002,4.391,4.161
24-Dec-19,10:00:00,0.004,5.016,3.754
24-Dec-19,11:00:00,0.005,5.525,3.301
24-Dec-19,12:00:00,0.003,5.847,3.023
24-Dec-19,13:00:00,0.002,5.844,3.557
24-Dec-19,14:00:00,0.003,5.6,4.571
24-Dec-19,15:00:00,0.001,5.12,5.652
24-Dec-19,16:00:00,0,4.675,6.392
24-Dec-19,17:00:00,0,4.175,6.627
24-Dec-19,18:00:00,0,3.947,6.858
24-Dec-19,19:00:00,0,4.047,7.151
24-Dec-19,20:00:00,0,4.262,7.323
24-Dec-19,21:00:00,0,4.615,7.708
24-Dec-19,22:00:00,0,4.636,7.828
24-Dec-19,23:00:00,0,4.575,7.886
25-Dec-19,00:00:00,0,4.526,7.872
25-Dec-19,01:00:00,0,4.622,7.896
25-Dec-19,02:00:00,0,4.821,7.836
25-Dec-19,03:00:00,0,4.962,7.782
25-Dec-19,04:00:00,0,5.096,7.938
25-Dec-19,05:00:00,0,4.904,7.615
25-Dec-19,06:00:00,0,4.536,7.274
25-Dec-19,07:00:00,0,4.144,6.767
25-Dec-19,08:00:00,0.001,3.763,6.222
25-Dec-19,09:00:00,0.032,4.03,5.614
25-Dec-19,10:00:00,0.076,4.954,5.05
25-Dec-19,11:00:00,0.108,5.748,4.782
25-Dec-19,12:00:00,0.11,6.16,4.581
25-Dec-19,13:00:00,0.083,6.133,4.273
25-Dec-19,14:00:00,0.046,5.723,3.782
25-Dec-19,15:00:00,0.009,5.45,3.054
25-Dec-19,16:00:00,0,5.484,2.462
25-Dec-19,17:00:00,0,5.376,2.544
25-Dec-19,18:00:00,0,4.9,3.18
25-Dec-19,19:00:00,0,4.263,4.262
25-Dec-19,20:00:00,0,3.756,5.198
25-Dec-19,21:00:00,0,3.31,5.751
25-Dec-19,22:00:00,0,3.129,6.236
25-Dec-19,23:00:00,0,3.179,6.778
26-Dec-19,00:00:00,0,3.265,7.347
26-Dec-19,01:00:00,0,3.318,8.041
26-Dec-19,02:00:00,0,3.293,8.527
26-Dec-19,03:00:00,0,3.294,8.608
26-Dec-19,04:00:00,0,3.447,8.969
26-Dec-19,05:00:00,0,3.474,9.024
26-Dec-19,06:00:00,0,3.469,9.24
26-Dec-19,07:00:00,0,3.481,9.401
26-Dec-19,08:00:00,0,3.509,9.499
26-Dec-19,09:00:00,0,3.562,9.397
26-Dec-19,10:00:00,0.001,3.707,9.167
26-Dec-19,11:00:00,0.001,3.904,8.794
26-Dec-19,12:00:00,0.001,4.111,8.43
26-Dec-19,13:00:00,0.002,4.338,8.123
26-Dec-19,14:00:00,0.001,4.496,7.906
26-Dec-19,15:00:00,0,4.479,7.755
26-Dec-19,16:00:00,0,4.435,7.393
26-Dec-19,17:00:00,0,4.392,7.094
26-Dec-19,18:00:00,0,4.275,7.028
26-Dec-19,19:00:00,0,4.101,7.01
26-Dec-19,20:00:00,0,3.934,6.834
26-Dec-19,21:00:00,0,3.901,6.87
26-Dec-19,22:00:00,0,3.965,6.795
26-Dec-19,23:00:00,0,3.98,6.884
27-Dec-19,00:00:00,0,4.046,6.956
27-Dec-19,01:00:00,0,4.08,6.849
27-Dec-19,02:00:00,0,4.182,6.754
27-Dec-19,03:00:00,0,4.376,6.745
27-Dec-19,04:00:00,0,4.571,7.035
27-Dec-19,05:00:00,0,4.647,7.375
27-Dec-19,06:00:00,0,4.643,7.588
27-Dec-19,07:00:00,0,4.618,7.713
27-Dec-19,08:00:00,0,4.645,7.991
27-Dec-19,09:00:00,0.001,4.904,8.563
27-Dec-19,10:00:00,0.001,5.113,8.594
27-Dec-19,11:00:00,0.001,5.322,8.724
27-Dec-19,12:00:00,0.002,5.574,8.919
27-Dec-19,13:00:00,0.003,5.93,9.148
27-Dec-19,14:00:00,0.003,6.398,9.333
27-Dec-19,15:00:00,0.001,6.526,8.954
27-Dec-19,16:00:00,0,6.612,8.783
27-Dec-19,17:00:00,0,6.818,8.746
27-Dec-19,18:00:00,0,7.038,8.616
27-Dec-19,19:00:00,0,7.079,8.18
27-Dec-19,20:00:00,0,7.072,8.144
27-Dec-19,21:00:00,0,7.094,8.043
27-Dec-19,22:00:00,0,7.121,8.045
27-Dec-19,23:00:00,0,7.097,8.002
28-Dec-19,00:00:00,0,7.036,8.024
28-Dec-19,01:00:00,0,6.987,8.11
28-Dec-19,02:00:00,0,7.026,8.236
28-Dec-19,03:00:00,0,7.144,8.404
28-Dec-19,04:00:00,0,7.227,8.587
28-Dec-19,05:00:00,0,7.267,8.72
28-Dec-19,06:00:00,0,7.299,8.85
28-Dec-19,07:00:00,0,7.351,8.892
28-Dec-19,08:00:00,0,7.451,9.209
28-Dec-19,09:00:00,0.004,7.787,9.561
28-Dec-19,10:00:00,0.019,8.138,9.594
28-Dec-19,11:00:00,0.056,8.362,9.352
28-Dec-19,12:00:00,0.066,8.406,9.306
28-Dec-19,13:00:00,0.02,8.304,9.533
28-Dec-19,14:00:00,0.007,8.095,9.634
28-Dec-19,15:00:00,0.002,7.879,9.921
28-Dec-19,16:00:00,0,7.714,9.988
28-Dec-19,17:00:00,0,7.641,9.713
28-Dec-19,18:00:00,0,7.674,9.731
28-Dec-19,19:00:00,0,7.665,9.675
28-Dec-19,20:00:00,0,7.601,9.676
28-Dec-19,21:00:00,0,7.455,9.448
28-Dec-19,22:00:00,0,7.342,9.211
28-Dec-19,23:00:00,0,7.3,9.303
29-Dec-19,00:00:00,0,7.266,9.397
29-Dec-19,01:00:00,0,7.206,9.596
29-Dec-19,02:00:00,0,7.174,9.758
29-Dec-19,03:00:00,0,7.223,10.079
29-Dec-19,04:00:00,0,7.305,10.315
29-Dec-19,05:00:00,0,7.344,10.206
29-Dec-19,06:00:00,0,7.35,10.207
29-Dec-19,07:00:00,0,7.345,10.146
29-Dec-19,08:00:00,0,7.392,10.086
29-Dec-19,09:00:00,0.001,7.532,9.937
29-Dec-19,10:00:00,0.001,7.75,9.89
29-Dec-19,11:00:00,0.002,7.957,9.956
29-Dec-19,12:00:00,0.003,8.09,10.008
29-Dec-19,13:00:00,0.003,8.196,10.597
29-Dec-19,14:00:00,0.003,8.21,10.662
29-Dec-19,15:00:00,0.001,8.138,10.673
29-Dec-19,16:00:00,0,8.095,10.813
29-Dec-19,17:00:00,0,8.03,10.794
29-Dec-19,18:00:00,0,7.901,10.725
29-Dec-19,19:00:00,0,7.828,10.57
29-Dec-19,20:00:00,0,7.774,10.299
29-Dec-19,21:00:00,0,7.575,9.996
29-Dec-19,22:00:00,0,7.433,9.8
29-Dec-19,23:00:00,0,7.306,9.581
30-Dec-19,00:00:00,0,7.181,9.345
30-Dec-19,01:00:00,0,7.086,9.139
30-Dec-19,02:00:00,0,6.987,8.985
30-Dec-19,03:00:00,0,6.869,8.854
30-Dec-19,04:00:00,0,6.8,8.876
30-Dec-19,05:00:00,0,7.126,9.38
30-Dec-19,06:00:00,0,7.421,9.416
30-Dec-19,07:00:00,0,7.592,9.429
30-Dec-19,08:00:00,0,7.733,9.258
30-Dec-19,09:00:00,0.001,7.911,8.991
30-Dec-19,10:00:00,0.001,8.128,8.727
30-Dec-19,11:00:00,0.001,8.317,8.556
30-Dec-19,12:00:00,0.001,8.474,8.33
30-Dec-19,13:00:00,0.001,8.572,8.365
30-Dec-19,14:00:00,0.001,8.548,7.903
30-Dec-19,15:00:00,0,8.296,7.75
30-Dec-19,16:00:00,0,7.844,7.317
30-Dec-19,17:00:00,0,7.19,6.933
30-Dec-19,18:00:00,0,6.429,6.888
30-Dec-19,19:00:00,0,5.484,6.851
30-Dec-19,20:00:00,0,4.658,6.374
30-Dec-19,21:00:00,0,3.997,5.672
30-Dec-19,22:00:00,0,3.455,5.308
30-Dec-19,23:00:00,0,2.984,5.27
31-Dec-19,00:00:00,0,2.543,5.268
31-Dec-19,01:00:00,0,2.189,5.039
31-Dec-19,02:00:00,0,2.075,4.52
31-Dec-19,03:00:00,0,2.003,4.314
31-Dec-19,04:00:00,0,1.672,4.424
31-Dec-19,05:00:00,0,1.163,4.864
31-Dec-19,06:00:00,0,0.79,5.566
31-Dec-19,07:00:00,0,0.588,6.157
31-Dec-19,08:00:00,0.004,0.469,6.503
31-Dec-19,09:00:00,0.16,1.203,6.631
31-Dec-19,10:00:00,0.33,2.589,6.37
31-Dec-19,11:00:00,0.395,3.519,5.913
31-Dec-19,12:00:00,0.414,3.969,5.581
31-Dec-19,13:00:00,0.318,4.037,5.438
31-Dec-19,14:00:00,0.164,3.354,5.554
31-Dec-19,15:00:00,0.032,2.226,5.797
31-Dec-19,16:00:00,0,1.866,5.933
31-Dec-19,17:00:00,0,2.132,6.091
31-Dec-19,18:00:00,0,2.568,6.273
31-Dec-19,19:00:00,0,2.791,6.384
31-Dec-19,20:00:00,0,3.048,6.54
31-Dec-19,21:00:00,0,3.283,6.644
31-Dec-19,22:00:00,0,3.633,6.798
31-Dec-19,23:00:00,0,3.808,6.324
